/*
Navicat MySQL Data Transfer

Source Server         : localhost
Source Server Version : 50556
Source Host           : localhost:3306
Source Database       : ry_test

Target Server Type    : MYSQL
Target Server Version : 50556
File Encoding         : 65001

Date: 2019-11-10 21:16:39
*/

SET FOREIGN_KEY_CHECKS=0;

-- ----------------------------
-- Table structure for act_evt_log
-- ----------------------------
DROP TABLE IF EXISTS `act_evt_log`;
CREATE TABLE `act_evt_log` (
  `LOG_NR_` bigint(20) NOT NULL AUTO_INCREMENT,
  `TYPE_` varchar(64) COLLATE utf8_bin DEFAULT NULL,
  `PROC_DEF_ID_` varchar(64) COLLATE utf8_bin DEFAULT NULL,
  `PROC_INST_ID_` varchar(64) COLLATE utf8_bin DEFAULT NULL,
  `EXECUTION_ID_` varchar(64) COLLATE utf8_bin DEFAULT NULL,
  `TASK_ID_` varchar(64) COLLATE utf8_bin DEFAULT NULL,
  `TIME_STAMP_` timestamp NOT NULL DEFAULT CURRENT_TIMESTAMP ON UPDATE CURRENT_TIMESTAMP,
  `USER_ID_` varchar(255) COLLATE utf8_bin DEFAULT NULL,
  `DATA_` longblob,
  `LOCK_OWNER_` varchar(255) COLLATE utf8_bin DEFAULT NULL,
  `LOCK_TIME_` timestamp NULL DEFAULT NULL,
  `IS_PROCESSED_` tinyint(4) DEFAULT '0',
  PRIMARY KEY (`LOG_NR_`)
) ENGINE=InnoDB DEFAULT CHARSET=utf8 COLLATE=utf8_bin;

-- ----------------------------
-- Records of act_evt_log
-- ----------------------------

-- ----------------------------
-- Table structure for act_ge_bytearray
-- ----------------------------
DROP TABLE IF EXISTS `act_ge_bytearray`;
CREATE TABLE `act_ge_bytearray` (
  `ID_` varchar(64) COLLATE utf8_bin NOT NULL DEFAULT '',
  `REV_` int(11) DEFAULT NULL,
  `NAME_` varchar(255) COLLATE utf8_bin DEFAULT NULL,
  `DEPLOYMENT_ID_` varchar(64) COLLATE utf8_bin DEFAULT NULL,
  `BYTES_` longblob,
  `GENERATED_` tinyint(4) DEFAULT NULL,
  PRIMARY KEY (`ID_`),
  KEY `ACT_FK_BYTEARR_DEPL` (`DEPLOYMENT_ID_`),
  CONSTRAINT `ACT_FK_BYTEARR_DEPL` FOREIGN KEY (`DEPLOYMENT_ID_`) REFERENCES `act_re_deployment` (`ID_`)
) ENGINE=InnoDB DEFAULT CHARSET=utf8 COLLATE=utf8_bin;

-- ----------------------------
-- Records of act_ge_bytearray
-- ----------------------------
INSERT INTO `act_ge_bytearray` VALUES ('2', '1', 'C:/ruoyi/uploadPath/processDefiniton/2019/11/10/6889138be4f5201082e653fe9baf4f69.bpmn', '1', 0x3C3F786D6C2076657273696F6E3D22312E302220656E636F64696E673D225554462D38223F3E0D0A3C646566696E6974696F6E7320786D6C6E733D22687474703A2F2F7777772E6F6D672E6F72672F737065632F42504D4E2F32303130303532342F4D4F44454C2220786D6C6E733A7873693D22687474703A2F2F7777772E77332E6F72672F323030312F584D4C536368656D612D696E7374616E63652220786D6C6E733A7873643D22687474703A2F2F7777772E77332E6F72672F323030312F584D4C536368656D612220786D6C6E733A61637469766974693D22687474703A2F2F61637469766974692E6F72672F62706D6E2220786D6C6E733A62706D6E64693D22687474703A2F2F7777772E6F6D672E6F72672F737065632F42504D4E2F32303130303532342F44492220786D6C6E733A6F6D6764633D22687474703A2F2F7777772E6F6D672E6F72672F737065632F44442F32303130303532342F44432220786D6C6E733A6F6D6764693D22687474703A2F2F7777772E6F6D672E6F72672F737065632F44442F32303130303532342F44492220747970654C616E67756167653D22687474703A2F2F7777772E77332E6F72672F323030312F584D4C536368656D61222065787072657373696F6E4C616E67756167653D22687474703A2F2F7777772E77332E6F72672F313939392F585061746822207461726765744E616D6573706163653D22687474703A2F2F7777772E6B6166656974752E6D652F61637469766974692F6C65617665223E0D0A20203C70726F636573732069643D226C6561766522206E616D653D22E8AFB7E58187E6B581E7A88B2DE699AEE9809AE8A1A8E58D952220697345786563757461626C653D2274727565223E0D0A202020203C646F63756D656E746174696F6E3EE8AFB7E58187E6B581E7A88BE6BC94E7A4BA3C2F646F63756D656E746174696F6E3E0D0A202020203C73746172744576656E742069643D2273746172746576656E743122206E616D653D225374617274222061637469766974693A696E69746961746F723D226170706C79557365724964223E3C2F73746172744576656E743E0D0A202020203C757365725461736B2069643D22646570744C656164657256657269667922206E616D653D22E983A8E997A8E9A286E5AFBCE5AEA1E689B9222061637469766974693A63616E64696461746547726F7570733D22646570744C6561646572223E3C2F757365725461736B3E0D0A202020203C6578636C7573697665476174657761792069643D226578636C7573697665676174657761793522206E616D653D224578636C75736976652047617465776179223E3C2F6578636C7573697665476174657761793E0D0A202020203C757365725461736B2069643D226D6F646966794170706C7922206E616D653D22E8B083E695B4E794B3E8AFB7222061637469766974693A61737369676E65653D22247B6170706C795573657249647D223E3C2F757365725461736B3E0D0A202020203C757365725461736B2069643D22687256657269667922206E616D653D22E4BABAE4BA8BE5AEA1E689B9222061637469766974693A63616E64696461746547726F7570733D226872223E3C2F757365725461736B3E0D0A202020203C6578636C7573697665476174657761792069643D226578636C7573697665676174657761793622206E616D653D224578636C75736976652047617465776179223E3C2F6578636C7573697665476174657761793E0D0A202020203C757365725461736B2069643D227265706F72744261636B22206E616D653D22E99480E58187222061637469766974693A61737369676E65653D22247B6170706C795573657249647D223E0D0A2020202020203C657874656E73696F6E456C656D656E74733E0D0A20202020202020203C61637469766974693A7461736B4C697374656E6572206576656E743D22636F6D706C657465222064656C656761746545787072657373696F6E3D22247B7265706F72744261636B456E6450726F636573736F727D223E3C2F61637469766974693A7461736B4C697374656E65723E0D0A2020202020203C2F657874656E73696F6E456C656D656E74733E0D0A202020203C2F757365725461736B3E0D0A202020203C656E644576656E742069643D22656E646576656E743122206E616D653D22456E64223E3C2F656E644576656E743E0D0A202020203C6578636C7573697665476174657761792069643D226578636C7573697665676174657761793722206E616D653D224578636C75736976652047617465776179223E3C2F6578636C7573697665476174657761793E0D0A202020203C73657175656E6365466C6F772069643D22666C6F77322220736F757263655265663D2273746172746576656E743122207461726765745265663D22646570744C6561646572566572696679223E3C2F73657175656E6365466C6F773E0D0A202020203C73657175656E6365466C6F772069643D22666C6F77332220736F757263655265663D22646570744C656164657256657269667922207461726765745265663D226578636C75736976656761746577617935223E3C2F73657175656E6365466C6F773E0D0A202020203C73657175656E6365466C6F772069643D22666C6F773422206E616D653D22E4B88DE5908CE6848F2220736F757263655265663D226578636C7573697665676174657761793522207461726765745265663D226D6F646966794170706C79223E0D0A2020202020203C636F6E646974696F6E45787072657373696F6E207873693A747970653D2274466F726D616C45787072657373696F6E223E3C215B43444154415B247B21646570744C6561646572417070726F7665647D5D5D3E3C2F636F6E646974696F6E45787072657373696F6E3E0D0A202020203C2F73657175656E6365466C6F773E0D0A202020203C73657175656E6365466C6F772069643D22666C6F773522206E616D653D22E5908CE6848F2220736F757263655265663D226578636C7573697665676174657761793522207461726765745265663D226872566572696679223E0D0A2020202020203C636F6E646974696F6E45787072657373696F6E207873693A747970653D2274466F726D616C45787072657373696F6E223E3C215B43444154415B247B646570744C6561646572417070726F7665647D5D5D3E3C2F636F6E646974696F6E45787072657373696F6E3E0D0A202020203C2F73657175656E6365466C6F773E0D0A202020203C73657175656E6365466C6F772069643D22666C6F77362220736F757263655265663D22687256657269667922207461726765745265663D226578636C75736976656761746577617936223E3C2F73657175656E6365466C6F773E0D0A202020203C73657175656E6365466C6F772069643D22666C6F773722206E616D653D22E5908CE6848F2220736F757263655265663D226578636C7573697665676174657761793622207461726765745265663D227265706F72744261636B223E0D0A2020202020203C636F6E646974696F6E45787072657373696F6E207873693A747970653D2274466F726D616C45787072657373696F6E223E3C215B43444154415B247B6872417070726F7665647D5D5D3E3C2F636F6E646974696F6E45787072657373696F6E3E0D0A202020203C2F73657175656E6365466C6F773E0D0A202020203C73657175656E6365466C6F772069643D22666C6F77382220736F757263655265663D227265706F72744261636B22207461726765745265663D22656E646576656E7431223E3C2F73657175656E6365466C6F773E0D0A202020203C73657175656E6365466C6F772069643D22666C6F773922206E616D653D22E4B88DE5908CE6848F2220736F757263655265663D226578636C7573697665676174657761793622207461726765745265663D226D6F646966794170706C79223E0D0A2020202020203C636F6E646974696F6E45787072657373696F6E207873693A747970653D2274466F726D616C45787072657373696F6E223E3C215B43444154415B247B216872417070726F7665647D5D5D3E3C2F636F6E646974696F6E45787072657373696F6E3E0D0A202020203C2F73657175656E6365466C6F773E0D0A202020203C73657175656E6365466C6F772069643D22666C6F77313022206E616D653D22E9878DE696B0E794B3E8AFB72220736F757263655265663D226578636C7573697665676174657761793722207461726765745265663D22646570744C6561646572566572696679223E0D0A2020202020203C636F6E646974696F6E45787072657373696F6E207873693A747970653D2274466F726D616C45787072657373696F6E223E3C215B43444154415B247B72654170706C797D5D5D3E3C2F636F6E646974696F6E45787072657373696F6E3E0D0A202020203C2F73657175656E6365466C6F773E0D0A202020203C73657175656E6365466C6F772069643D22666C6F7731312220736F757263655265663D226D6F646966794170706C7922207461726765745265663D226578636C75736976656761746577617937223E3C2F73657175656E6365466C6F773E0D0A202020203C73657175656E6365466C6F772069643D22666C6F77313222206E616D653D22E7BB93E69D9FE6B581E7A88B2220736F757263655265663D226578636C7573697665676174657761793722207461726765745265663D22656E646576656E7431223E0D0A2020202020203C636F6E646974696F6E45787072657373696F6E207873693A747970653D2274466F726D616C45787072657373696F6E223E3C215B43444154415B247B2172654170706C797D5D5D3E3C2F636F6E646974696F6E45787072657373696F6E3E0D0A202020203C2F73657175656E6365466C6F773E0D0A20203C2F70726F636573733E0D0A20203C62706D6E64693A42504D4E4469616772616D2069643D2242504D4E4469616772616D5F6C65617665223E0D0A202020203C62706D6E64693A42504D4E506C616E652062706D6E456C656D656E743D226C65617665222069643D2242504D4E506C616E655F6C65617665223E0D0A2020202020203C62706D6E64693A42504D4E53686170652062706D6E456C656D656E743D2273746172746576656E7431222069643D2242504D4E53686170655F73746172746576656E7431223E0D0A20202020202020203C6F6D6764633A426F756E6473206865696768743D2233352E30222077696474683D2233352E302220783D22302E302220793D2234362E30223E3C2F6F6D6764633A426F756E64733E0D0A2020202020203C2F62706D6E64693A42504D4E53686170653E0D0A2020202020203C62706D6E64693A42504D4E53686170652062706D6E456C656D656E743D22646570744C6561646572566572696679222069643D2242504D4E53686170655F646570744C6561646572566572696679223E0D0A20202020202020203C6F6D6764633A426F756E6473206865696768743D2235352E30222077696474683D223130352E302220783D2238302E302220793D2233362E30223E3C2F6F6D6764633A426F756E64733E0D0A2020202020203C2F62706D6E64693A42504D4E53686170653E0D0A2020202020203C62706D6E64693A42504D4E53686170652062706D6E456C656D656E743D226578636C75736976656761746577617935222069643D2242504D4E53686170655F6578636C75736976656761746577617935223E0D0A20202020202020203C6F6D6764633A426F756E6473206865696768743D2234302E30222077696474683D2234302E302220783D223234302E302220793D2234332E30223E3C2F6F6D6764633A426F756E64733E0D0A2020202020203C2F62706D6E64693A42504D4E53686170653E0D0A2020202020203C62706D6E64693A42504D4E53686170652062706D6E456C656D656E743D226D6F646966794170706C79222069643D2242504D4E53686170655F6D6F646966794170706C79223E0D0A20202020202020203C6F6D6764633A426F756E6473206865696768743D2235352E30222077696474683D223130352E302220783D223230382E302220793D223131342E30223E3C2F6F6D6764633A426F756E64733E0D0A2020202020203C2F62706D6E64693A42504D4E53686170653E0D0A2020202020203C62706D6E64693A42504D4E53686170652062706D6E456C656D656E743D226872566572696679222069643D2242504D4E53686170655F6872566572696679223E0D0A20202020202020203C6F6D6764633A426F756E6473206865696768743D2235352E30222077696474683D223130352E302220783D223334382E302220793D2233362E30223E3C2F6F6D6764633A426F756E64733E0D0A2020202020203C2F62706D6E64693A42504D4E53686170653E0D0A2020202020203C62706D6E64693A42504D4E53686170652062706D6E456C656D656E743D226578636C75736976656761746577617936222069643D2242504D4E53686170655F6578636C75736976656761746577617936223E0D0A20202020202020203C6F6D6764633A426F756E6473206865696768743D2234302E30222077696474683D2234302E302220783D223438352E302220793D2234332E30223E3C2F6F6D6764633A426F756E64733E0D0A2020202020203C2F62706D6E64693A42504D4E53686170653E0D0A2020202020203C62706D6E64693A42504D4E53686170652062706D6E456C656D656E743D227265706F72744261636B222069643D2242504D4E53686170655F7265706F72744261636B223E0D0A20202020202020203C6F6D6764633A426F756E6473206865696768743D2235352E30222077696474683D223130352E302220783D223538302E302220793D2233362E30223E3C2F6F6D6764633A426F756E64733E0D0A2020202020203C2F62706D6E64693A42504D4E53686170653E0D0A2020202020203C62706D6E64693A42504D4E53686170652062706D6E456C656D656E743D22656E646576656E7431222069643D2242504D4E53686170655F656E646576656E7431223E0D0A20202020202020203C6F6D6764633A426F756E6473206865696768743D2233352E30222077696474683D2233352E302220783D223631352E302220793D223139352E30223E3C2F6F6D6764633A426F756E64733E0D0A2020202020203C2F62706D6E64693A42504D4E53686170653E0D0A2020202020203C62706D6E64693A42504D4E53686170652062706D6E456C656D656E743D226578636C75736976656761746577617937222069643D2242504D4E53686170655F6578636C75736976656761746577617937223E0D0A20202020202020203C6F6D6764633A426F756E6473206865696768743D2234302E30222077696474683D2234302E302220783D223234302E302220793D223139322E30223E3C2F6F6D6764633A426F756E64733E0D0A2020202020203C2F62706D6E64693A42504D4E53686170653E0D0A2020202020203C62706D6E64693A42504D4E456467652062706D6E456C656D656E743D22666C6F7732222069643D2242504D4E456467655F666C6F7732223E0D0A20202020202020203C6F6D6764693A776179706F696E7420783D2233352E302220793D2236332E30223E3C2F6F6D6764693A776179706F696E743E0D0A20202020202020203C6F6D6764693A776179706F696E7420783D2238302E302220793D2236332E30223E3C2F6F6D6764693A776179706F696E743E0D0A2020202020203C2F62706D6E64693A42504D4E456467653E0D0A2020202020203C62706D6E64693A42504D4E456467652062706D6E456C656D656E743D22666C6F7733222069643D2242504D4E456467655F666C6F7733223E0D0A20202020202020203C6F6D6764693A776179706F696E7420783D223138352E302220793D2236332E30223E3C2F6F6D6764693A776179706F696E743E0D0A20202020202020203C6F6D6764693A776179706F696E7420783D223234302E302220793D2236332E30223E3C2F6F6D6764693A776179706F696E743E0D0A2020202020203C2F62706D6E64693A42504D4E456467653E0D0A2020202020203C62706D6E64693A42504D4E456467652062706D6E456C656D656E743D22666C6F7734222069643D2242504D4E456467655F666C6F7734223E0D0A20202020202020203C6F6D6764693A776179706F696E7420783D223236302E302220793D2238332E30223E3C2F6F6D6764693A776179706F696E743E0D0A20202020202020203C6F6D6764693A776179706F696E7420783D223236302E302220793D223131342E30223E3C2F6F6D6764693A776179706F696E743E0D0A20202020202020203C62706D6E64693A42504D4E4C6162656C3E0D0A202020202020202020203C6F6D6764633A426F756E6473206865696768743D2231312E30222077696474683D2233332E302220783D223237302E302220793D2238332E30223E3C2F6F6D6764633A426F756E64733E0D0A20202020202020203C2F62706D6E64693A42504D4E4C6162656C3E0D0A2020202020203C2F62706D6E64693A42504D4E456467653E0D0A2020202020203C62706D6E64693A42504D4E456467652062706D6E456C656D656E743D22666C6F7735222069643D2242504D4E456467655F666C6F7735223E0D0A20202020202020203C6F6D6764693A776179706F696E7420783D223238302E302220793D2236332E30223E3C2F6F6D6764693A776179706F696E743E0D0A20202020202020203C6F6D6764693A776179706F696E7420783D223334382E302220793D2236332E30223E3C2F6F6D6764693A776179706F696E743E0D0A20202020202020203C62706D6E64693A42504D4E4C6162656C3E0D0A202020202020202020203C6F6D6764633A426F756E6473206865696768743D2231312E30222077696474683D2232322E302220783D223330302E302220793D2234362E30223E3C2F6F6D6764633A426F756E64733E0D0A20202020202020203C2F62706D6E64693A42504D4E4C6162656C3E0D0A2020202020203C2F62706D6E64693A42504D4E456467653E0D0A2020202020203C62706D6E64693A42504D4E456467652062706D6E456C656D656E743D22666C6F7736222069643D2242504D4E456467655F666C6F7736223E0D0A20202020202020203C6F6D6764693A776179706F696E7420783D223435332E302220793D2236332E30223E3C2F6F6D6764693A776179706F696E743E0D0A20202020202020203C6F6D6764693A776179706F696E7420783D223438352E302220793D2236332E30223E3C2F6F6D6764693A776179706F696E743E0D0A2020202020203C2F62706D6E64693A42504D4E456467653E0D0A2020202020203C62706D6E64693A42504D4E456467652062706D6E456C656D656E743D22666C6F7737222069643D2242504D4E456467655F666C6F7737223E0D0A20202020202020203C6F6D6764693A776179706F696E7420783D223532352E302220793D2236332E30223E3C2F6F6D6764693A776179706F696E743E0D0A20202020202020203C6F6D6764693A776179706F696E7420783D223538302E302220793D2236332E30223E3C2F6F6D6764693A776179706F696E743E0D0A20202020202020203C62706D6E64693A42504D4E4C6162656C3E0D0A202020202020202020203C6F6D6764633A426F756E6473206865696768743D2231312E30222077696474683D2232322E302220783D223533392E302220793D2234362E30223E3C2F6F6D6764633A426F756E64733E0D0A20202020202020203C2F62706D6E64693A42504D4E4C6162656C3E0D0A2020202020203C2F62706D6E64693A42504D4E456467653E0D0A2020202020203C62706D6E64693A42504D4E456467652062706D6E456C656D656E743D22666C6F7738222069643D2242504D4E456467655F666C6F7738223E0D0A20202020202020203C6F6D6764693A776179706F696E7420783D223633322E302220793D2239312E30223E3C2F6F6D6764693A776179706F696E743E0D0A20202020202020203C6F6D6764693A776179706F696E7420783D223633322E302220793D223139352E30223E3C2F6F6D6764693A776179706F696E743E0D0A2020202020203C2F62706D6E64693A42504D4E456467653E0D0A2020202020203C62706D6E64693A42504D4E456467652062706D6E456C656D656E743D22666C6F7739222069643D2242504D4E456467655F666C6F7739223E0D0A20202020202020203C6F6D6764693A776179706F696E7420783D223530352E302220793D2238332E30223E3C2F6F6D6764693A776179706F696E743E0D0A20202020202020203C6F6D6764693A776179706F696E7420783D223530342E302220793D223134312E30223E3C2F6F6D6764693A776179706F696E743E0D0A20202020202020203C6F6D6764693A776179706F696E7420783D223331332E302220793D223134312E30223E3C2F6F6D6764693A776179706F696E743E0D0A20202020202020203C62706D6E64693A42504D4E4C6162656C3E0D0A202020202020202020203C6F6D6764633A426F756E6473206865696768743D2231312E30222077696474683D2233332E302220783D223531352E302220793D2238332E30223E3C2F6F6D6764633A426F756E64733E0D0A20202020202020203C2F62706D6E64693A42504D4E4C6162656C3E0D0A2020202020203C2F62706D6E64693A42504D4E456467653E0D0A2020202020203C62706D6E64693A42504D4E456467652062706D6E456C656D656E743D22666C6F773130222069643D2242504D4E456467655F666C6F773130223E0D0A20202020202020203C6F6D6764693A776179706F696E7420783D223234302E302220793D223231322E30223E3C2F6F6D6764693A776179706F696E743E0D0A20202020202020203C6F6D6764693A776179706F696E7420783D223133322E302220793D223231322E30223E3C2F6F6D6764693A776179706F696E743E0D0A20202020202020203C6F6D6764693A776179706F696E7420783D223133322E302220793D2239312E30223E3C2F6F6D6764693A776179706F696E743E0D0A20202020202020203C62706D6E64693A42504D4E4C6162656C3E0D0A202020202020202020203C6F6D6764633A426F756E6473206865696768743D2231312E30222077696474683D2234342E302220783D223134322E302220793D223139322E30223E3C2F6F6D6764633A426F756E64733E0D0A20202020202020203C2F62706D6E64693A42504D4E4C6162656C3E0D0A2020202020203C2F62706D6E64693A42504D4E456467653E0D0A2020202020203C62706D6E64693A42504D4E456467652062706D6E456C656D656E743D22666C6F773131222069643D2242504D4E456467655F666C6F773131223E0D0A20202020202020203C6F6D6764693A776179706F696E7420783D223236302E302220793D223136392E30223E3C2F6F6D6764693A776179706F696E743E0D0A20202020202020203C6F6D6764693A776179706F696E7420783D223236302E302220793D223139322E30223E3C2F6F6D6764693A776179706F696E743E0D0A2020202020203C2F62706D6E64693A42504D4E456467653E0D0A2020202020203C62706D6E64693A42504D4E456467652062706D6E456C656D656E743D22666C6F773132222069643D2242504D4E456467655F666C6F773132223E0D0A20202020202020203C6F6D6764693A776179706F696E7420783D223238302E302220793D223231322E30223E3C2F6F6D6764693A776179706F696E743E0D0A20202020202020203C6F6D6764693A776179706F696E7420783D223631352E302220793D223231322E30223E3C2F6F6D6764693A776179706F696E743E0D0A20202020202020203C62706D6E64693A42504D4E4C6162656C3E0D0A202020202020202020203C6F6D6764633A426F756E6473206865696768743D2231312E30222077696474683D2234342E302220783D223432392E302220793D223231392E30223E3C2F6F6D6764633A426F756E64733E0D0A20202020202020203C2F62706D6E64693A42504D4E4C6162656C3E0D0A2020202020203C2F62706D6E64693A42504D4E456467653E0D0A202020203C2F62706D6E64693A42504D4E506C616E653E0D0A20203C2F62706D6E64693A42504D4E4469616772616D3E0D0A3C2F646566696E6974696F6E733E, '0');
INSERT INTO `act_ge_bytearray` VALUES ('22', '1', 'var-users', null, 0xACED00057372001A6A6176612E7574696C2E4172726179732441727261794C697374D9A43CBECD8806D20200015B0001617400135B4C6A6176612F6C616E672F4F626A6563743B7870757200135B4C6A6176612E6C616E672E537472696E673BADD256E7E91D7B4702000078700000000274000572656E736D740007617869616E6C75, null);
INSERT INTO `act_ge_bytearray` VALUES ('24', '1', 'hist.var-users', null, 0xACED00057372001A6A6176612E7574696C2E4172726179732441727261794C697374D9A43CBECD8806D20200015B0001617400135B4C6A6176612F6C616E672F4F626A6563743B7870757200135B4C6A6176612E6C616E672E537472696E673BADD256E7E91D7B4702000078700000000274000572656E736D740007617869616E6C75, null);
INSERT INTO `act_ge_bytearray` VALUES ('3', '1', 'C:/ruoyi/uploadPath/processDefiniton/2019/11/10/6889138be4f5201082e653fe9baf4f69.leave.png', '1', 0x89504E470D0A1A0A0000000D49484452000002B7000000F208060000005797ED8100001A0A4944415478DAEDDD5F6C1CF5810770ABEA038FE85ED03DA1BEA0D33D54EA035275770FA9EEE5D497AB92B2935DC7C21509A226A8B91E09A1750A4908694524AA148810BD5670EDE5DAE872A1A8116DFED4C24D134189202525256A5A20FFB0EB02491CE2607B6E7E3E2FDA385EAF37FB6F66E7F3917E4AEAB581CECCF7F7FB7A7676A6A70700000000000000000000000000000000000000000000000000000000000000000000000000000000000000000000000000000000000000000000000000000000000000000000000000000000000000000000000000000000000000000000000080A689E3F8A653A74EBD7BF8F0E1F8C08103F1BE7DFB8C148CFDFBF7C72FBDF4D2743276384A315F18E60BE4533E59A41084E1E1E1786464249E9898305234464747E3A1A1A1E92418DB1CA9982F0CF305F2299F2C42F80D4F10D21D88E437BF09472AE60BC37C817CCA278B10DEBA70D0A57B84B7351CA9982F0CF305F2299F2C42D8D00E386100F385F902F934E4335761B8F4C1B9F8D42B3F8C8FEFDF3433C2DFC3D71CACC280F9C27C61BE403E0DF9CC54182EBE7F267EE3171BE2D77FBEF69A11BE165E73C00A438ADC6A13982FCC17322D9FF2299FC2B0E078F7F8CFAE0B42799C3EFE82035618D2623019F1EC9F982FCC17322D9FF2299FC230FF78F357DFA91A86F09A03561852605D32A6937174F6CF8D3689F9C27C21D3F2299FF2290CF38E37F63D5C350CE13507AC30A46411DC5871B667CA6268BE305FC8B47CCA67D7E7F39BDFFCE6AD4F3DF5D4AF376FDE3C3E38383835303010F7F6F6C6CB972F9F1977DF7D77BC6EDDBAE94D9B365D4EBEEFF7DFFAD6B7BE200CC260B1CAD42258EBEB982FCC17322D9FF299FD7C3EF2C823DF78F8E1872FAF58B122DEB06143BC67CF9EF8D8B16333373B9E9C9C8CCBC6C6C6E213274EC42FBEF862BC6DDBB6B8AFAF2F94DDC9E467FE73C9922537E5350CE1D394D5C2105E73C05AAC3A64B0C662577EDDF57AE60BF3854CCBA77C76473ED7AC59F38F0F3EF8E0E5952B57C6BB76ED9A29AFF5B87AF56A7CE8D0A199423C30303095FC731EC963184E1E7AA26A18C26B0E588B550717C15A8B5CEACEF6ACD97E309E6F2CF675F385D1A5F345EA339DF6ECCA670EF29914D25D77DD7557FCECB3CFC6E3E3E371A35E79E59578D5AA55F157BFFAD573C562F1963C95DBB133C7E2377EF9D0F56F61245F0BAF39602D561D7ADB72B045DFDFF20572A1AFD57ADD7C6174E17C91894CA73DBBF2D9E5F95CBF7EFDEFEFBDF7DEF8D5575F8D9BE9C2850BF1934F3E19F7F7F74F2E5BB6ECB37929B761FCE9B7CF5D1786F03507ABC5AA438BE0C6162F9ECAADF9C27C21D35D576EE533A3F90CC576F5EAD533D7D3B6CACE9D3BE3152B564C7FF9CB5FFEE75C94DB2B57E293BFD971FD5B18C9D7C26B0E588B55CA17C1545DA2D0F5E5D67C61BEE8D24C7745B995CFECE5335C8A10CED8B6B2D8963DFFFCF3A1E066FE0C6EAD30842796BC75E87B55AFD109AF79AA89C5AA0D069BB4880DF674B8E07673B9355F982FBA39D3592FB7F299C17C860F8F856B6C5F7BEDB5B85D7EFCE31F4FF6F6F69ECBF29D14AA8621F90DEEDCC983F1EF5EFC46D5209447F89EF0BD7EEB536E5BBC0836EBEDC78E9EC1EDCA726BBE305FE420D3992DB7F299DD7CAE5FBFFEA3F0E1B176FBDAD7BE361545D14FBBA9DCD6FAEDCE6F7D16AB0EBC6D595E043F958C6766FFACC7DC9FEBD835B8DD76B704F385F9222F99CEE2DD12E433C3F90CF7B10DB7FB6AC65D11EA75E6CC99B8542A4D2705F7B66E29B78BF9ED6EA1DFFA1CC0CA6D8BCEC68445EC0F3DFFFFACF93FD4B11856FBB954DD45C17C61E460BE9069F994CFC50A0F68D8BD7B77DC29DFFEF6B7AF2C5FBEFC70B784E14683501E0E60E5B6456F333E33BB98C5752C86958B60793C3DCFDBA39E7A64BE305FC8B47CCA673AF2191EA91B9E3C56EF031A9A7CF6762A29B7D359BCF676B1B70E312C566D546D719A6F515B68315CECF77BACA7F9C27C21D3F269A4279F3B76EC381C9E20D669F7DC73CF44B1581C100643B9EDE9497ED91BBBC13CD4FAA0C96217B77A17CD5CBF9DB9D8FD65BEC8EF7C21D3F269B4319F9B376F1E7FE185173A5E6E1F7FFCF10B69BA3441182C561D3EFEE2D9311645D1CA3ADFB6ACB518D55AE4EA5D042BFFFD53793C83BBD8FD65BEC875B99569F934DA95CFC1C1C1A963C78E75BCDC1E3972E4725226DF170643B9BDE6F82B8FD11ABF6CD5FB3662B5C5EED337B808D67AFB342FE576C1FD65BE506E655A3E8D36E4736060A02D0F6DA8E5FCF9F393C9C136250C86723BEFF1F7C92F5BF31C87377A7DDC7C8BE144038B60A3FF3DDD546EE7DD5FE60BE556A6E5D368433E7B7B7BE3C9C9C9380DC2C1260C8672BBE0F1F7C92F5BB3EF28347A5665BEC5B09145B0EBAED76BE6FE325F28B7322D9F461BF219766C5A64A4DC0A43C6C622F66526C7D2A54BCB0BD6D1060FF74FCF73766762F6EB8D38DAADDBFE4687F9C27C21D3F269E4F0CCAD3018CEDC2EF8CBD5A5E497AA8D15B7CD6BF4319CCEF2B4717F992F9CB99569F9347274CDEDE8E868DAAFB94D5D18AA4C5E99795DB9ADEBF89BBB00BA3E2F83FB2BCD8B675EE68314955B9996CFD4E4B71B1FE2307DFCF8F154DC2D2139E03E1486FA0EE685BE96F6D795DB451D7F17935FFAB62EE20127F59E55F1C9EA0EECAFB497DB3CCC072928B7322D9FA9CB6F57DEE776EFDEBD69B9CFEDCBC2A0DC2AB733C7DF4267751A3DBBD2AA7B62F6F5E4F73EB78BDA5FCA6DAECBAD4CCBA772DBAE7C3EF9E493AF6CD9B2A5E3E576F5EAD5579212B94618945BE5B621B5CEB2B4FA69465B7B506E955B99964FE5B693F9BCFFFEFB3F7BE79D77C6E3E3E39DBCC7ED54526CE3FEFEFE9B8541B9556E1B56ED6C4FAB9F43AFD82AB7CAAD4CCBA7729B8E7C3EF0C003578786863A566E9F78E289F1288A4E088372ABDC36F56CCFDCB7139FB981B725E75B0C9FAEE3AC12CAAD722BD3F2A9DCB63F9FEBD7AFFFDEFDF7DFDF915B828533C6A55269BAB7B7F77661506E95DB96BC9D3938CFA256CF074AAAFD5CAE6EF7A5DC2AB7322D9FCA6DC6F239303030353C3CDCF672BB79F3E68F962F5FFEBA30B8159872DB96B7333F357B96A6DE5B01CDFDB9C11EC5B6EBCA6D8F5B816561BE9069E5D6ADC0166BD5AA550F26237EFFFDF7DB566C8F1E3D7AB5542A5D2D168BB70883A1DCB66D316CC5DBA3982FCC17322D9F46FAF279CF3DF79CFEEE77BFDB96CB13CE9E3D3B733942A15058270C86C52A338B61EE1ED060BE305FC8B47C1A19CE67B8EDD557BEF2958F9F7BEEB99616DBF044B4FEFEFEF044B2FF1506C362D5368DBEEDE85204F385F942A6E5D3C85E3EA328BA6DC58A15D3BB77EF6ED919DB506C972F5F7E58180C8B55C716C37ACFD2F8F098F9C27C21D3F26964379FE1CE0549C19DFCC10F7E30D5826B6CA7BBE18CAD3058AC72748982B72DCD17E60B99964F23FBF90C677093927B2EDC45E1EDB7DF6EF8765FE1AE08E1C36359BFC656182C56392BB87D3D1ED060BE305FC8B47C1ADD94CFA4E4FE3429A5538F3CF2C89553A74E4DD5FBE4B1A79E7A6A3C9CAD4DFE39C7B37C57046110862E54EB7ABBF227A82D82E60BF3854CCBA7D15DF90CA574F9F2E543C998BCFBEEBB271E7BECB18B070F1E1C7FE79D77AEB9ADC2D8D8D8D49123472E3FFEF8E31756AF5E7D253C52373C792CAB0F68100661C8F1195C6F5B9A2FCC17322D9F463EF29994D595B3457734191F27232E8FA4CC4E257F5E4CC6CBC9DFD7F4F7F7DF2C0C86C52A738BA145D07C61BE9069F934E453180C61E88AC5F0A845D07C61BE9069F934E453180C61E80683E11D981EB706325F982F645A3E0DF914064318BAC1EC4288F9C27CD105C28399645A3EE513611006E57691D66C3F18CF379AF5BAF9C2305F34E68E3BEEF81B99964FF944188441B9AD63215CE86B8DBE6EBE30CC178D59BA74E9DF26999E9669F9944F844118945B0BA1F9C27C91797D7D7D9F516EE5533EA9DB8103071C70C2A0DC2AB7E60BF345EAF4F6F6FE7D92E92999964FF9A42EC3C3C3532323230EBA948ED3A74FBF9D8461C291AADC9A2F8CBCCD17499E3F171EBE24D3F2299FD4E5E0C1838F0E0D0D4DBFF7DE7B0EBE140661FFFEFD1F27639B2355B9355F18799B2F56AC58F10F51147D2CD3F2299FD42DD9D81B93DF262E85D3E5591E3B77EE9C79D25CD6FF7F548C0941686DB975B784FCCE175D38BA6EBE28140A5F48327D55A6F39BCF2E5AD3ADE7DC70B1391F8210EE8D686B28B740B6954AA52F168B456FE39AD3219FA2285A1942303B3CCDC64408645CA150F85292E98F6C09733AE43500672BCAED255BC44408645B6F6F6F94B86C4B98D3218F077F5F45B19D19C984B8D196311102D9552814EE74B2C29C6E2B90D783FFFCDC721B2644D7DE9A08814CE779551445176C09733AE4EDC0EF9BA7D8CE8C62B1B8D516321102D99414DBFB924C7F604B98D3216F07FE68B5729B8C8BB6908910C8A662B1F8EF49A6FF6A4B98D3214F077DDF02C5D6B5B7264220C30A85C28349C1FD8B2D614E873C1DF4E76B955B1F4630110299CDF3C3C978CF9630A7832060FF03DD90E7479371CE9630A7832060FF03991745D1B624D3EFDA12E6741004EC7FA01BCAEDF624D36FDB12E6741004F2B2AF5D730D5DAC542AED480AEE295BC29A0E82405EF6B5BB6540172B140AFF512C16DFB225ACE92008E4697F2F789F634FA9834CE7FBB964BC694B58D34110C8D3FEF6843AE852A552E9BFA328FA9D2D614D0741206FFB7CBE6B6F2F396B0B99CFF6FF24E3355BC29A0E8240DEF6799F6B6DA1FB148BC59F25597EC596B0A6832090C7FD7ED6595BE8BA5CEF4DC6615BC29A0E8240EE4451B4B2A2DC0EDA22D015B9DE97E4F9D7B684351D0481BCEEFB996B6F9DB585AEC9F450327E654B58D34110C8EBBEEFB3FFA1AB32FDEB70F6D696B0A68320B068711CDF74EAD4A9770F1F3E1C1F387020DEB76F9F9182B17FFFFEF8A5975E9A4EC60E4729799514DB23C562F1E7B684351D0481450BC5767878381E1919892726268C148DD1D1D1786868683A29BADB1CA9E451526C7F5B28149EB725ACE920082C5A3863ABD8A6BBE0EEDBB76FC2914A4EE7F3D7C2BD6E6D096B3A08028B162E455022D33DC2650A8E54723A9FBF1145D14E5BC29A0E82C0A285E2A4402AB790D2F9FCCD643C674B58D34110687AB9BDF4C1B9F8D42B3F8C8FEFDF3433C2DFC3D7944FE5165A389F9F4CC6F76D096B3A08024D2DB717DF3F13BFF18B0DF1EB3F5F7BCD085F0BAF29A0CA2DB4421445A74AA5923B8658D341106C85E696DB778FFFECBA625B1EA78FBFA0802AB7D0AAF9FCEDA4E06EB725ACE9200834B5DCBEF9ABEF542DB7E1350554B98556488AEDE952A9F4982D614D0741A0A9E5F68D7D0F572DB7E1350554B98516CDE7E792F1A82D614D074140B9556E21F3A2281A29954A0FD912D67410049A5A6EC3DD11AA95DBF09A02AADC422B148BC5BF140A85076D096B3A08024D2DB7270F3D51B5DC86D71450E5165A546EFF9A94DB7FB325ACE9200834B5DC8E9D3916BFF1CB87AEBF2421F95A784D01556EA145F3F907C9B8D796B0A68320D0D4721BC69F7EFBDC75E5367C4DF9546EA155A228BA90CCE9AB6C096B3A0802CD2DB757AEC4277FB3E3FA4B1292AF85D71450E5165A349F5F4A469F2D614D0741A069E5363C81ECAD43DFAB7ACD6D78CD53CA945B6885288A2EF7F6F646B684351D0481C6CBED952BF1B99307E3DFBDF88DAAC5B63CC2F784EF751657B9852697DB2BA552E95F6D096B3A08020D95DB5A676B9DC5556EA11D8AC5E2C41D77DCF12FB684351D048186CAED62CED62E74165721556EA149F3F9D542A1F0055BC29A0E824043E5F6468B6D7928A4CA2D34693EFF388AA2CFDB12D67410041A2AB786720B2999CF2793F1395BC29A0E8280729BA3721B6E95948CB38E66BA4DB1589C5AB66CD9DFD912D674100494DB1C94DBD9527B3E1CF38E7BBA743E9FEEEBEBFB8C2D614D074140B9EDE2723BB7D42AB77473B92D168BB7D812D674100494DB2E2CB75114AD0C971FCC2DB5CA2DDD3C9FF7F7F7DF6C4B58D34110506EBB68ECDCB9339EEF4CAD724B1EE6F3254B96DC644B58D34110506EBB68D42AB586D1CDC32C6D4DB715100441506EBBF4B28442A1B02E39BE2F2A0180351D04810C96DBE43F6FDED1AED753FC81B2C1647CA8DC02D674100432566E17FA5AAB5F4FFBADC066CFE47EA8DC02D674100494DBCC97DB8A633E9CC9BDE86806ACE92008CAAD729BF9720B604D074140B9556E01ACE92008CAAD72ABDC0258D34110945BE556B905B0A68320E4BBDCF6B81598720B58D34110E886726B28B78035DD5640100441B9556E01ACE92008CAADA1DC0258D34110945B43B905B0A6832028B786720B604D0741506E955B006B3A0802CAAD720B604D0741506E0DE516C09A0E82A0DC1ACA2D80351D0441B935945BC09A6E4D0741506E955B006B3A0882726B28B700D6741004E5D6506E01ACE92008CAADA1DC0258D34110945BE516C09A0E82C0BC0E1C38A0402AB700D6741084EE303C3C3C353232A244A6749C3E7DFAEDA4DC4E3852016B3A08028B70F0E0C147878686A6DF7BEF3D653285C576FFFEFD1F27639B2315B0A68320B0484979DAB86FDFBE4BE1EDEFAC8FB0FFBBE1FFC7EC98506C016B3A088220D8FF0098D34110B0FF0130A7832060FF03604E0741C0FE07C09C0E8280FD0F604E0741C0FE07C09C0E8280FD0F80391D0401FB1F00733A0802F63F8039DD9C0E8260FFDB0A00E6741004EC7F00CCE92008D8FF0098D34110687C5F9F0FFBBBC6B8644B0158D34110C8C2BEEEAB556EA328DA684B0158D34110C8CAFE1E5DA0DC5E5CB264C94DB61280351D0481ACECEFAA676F8BC5E2565B082033F3B94BCD40B9658109F192B3B600999ACB5D6A06CA2DD5264413204026E773979A8172CBEC7E3FEBAC2D40E6E772979A81724B1045D1CA8A4970D01601C8EC3AEE5233506EA99C104D8000999ECB5D6A06CA2DE50971E9D2A5F63F40F6E773979A81724B225C8E10CFFE094046B9D40C945B7A7AD625633A194767FFF4161640B6D773979A41BDE576CDF683F17CA35DAFD3F4625B2EB4E1B7FC29051720FDA228BA2D19DB93F5FBE562B1F87EF2E7E49CBB244C85DB8025DF7322F9FBB3C9F8275B0DE5768172BBD0D75AFD3A2D29B6B5BE0E400A140A857573AEADAD675C4CC6F79DD545B9556EBBCD608D025B7EDDF55A00E959A7C3DD102EDD60A99D3B26C2D95C5B15E556B9EDA6625BABB83A830B909E35FAF0DC82DADBDB1B6FDDBA35DEB56B577CFCF8F1F8DCB973F1471F7D140757AF5E8D474646E2B7DE7A2BDEBD7BF7CCF7F5F5F5CD577247937FCEEDB630CAAD729B55EB7AEA3B235BEFF703D044C562F196D9EB693F29A4FDFDFDF18F7EF4A399F25A8FF1F1F178CF9E3DF19A356BE6DE0B773AF977ACB1B5516E95DBAC16DB8D37F8730A2E409B8B6DB2367F585944376CD8307386B611939393F1DEBD7B67CEFC56FCB3A79392BBCD5627D7E5D6DD1272516C9BF5F300D45F6EAF39631B2E3F08C5B459CE9C3913AF5DBBD613CD506EC99C5A1F1E6BF73F0780DA6BF235D7D81E3972246E85708D6EB81EB7F20C6EA954FAA23D80724BDA8B6DB32E29700617A0F5EB71DFDC33B6AD143E7CB665CB966BEE8F1BEEA16B4FA0DC923673AF95FD54329E99FDB31E737FCE35B8002D9414CBCB95D7D836F352846A2E5CB810AF5AB5AAF2F284A3F604CA2D692CB61B2B0AEA1F9211CFFEB9D8825BEDE7145C8016987D40C327774568F4C363F578F5D557AFB93CC113CD506E496BB10D9E992DA8711D05B7B2D896C7D315AFBB0617A0F96BF1F972C10CB7FB6AB76DDBB65516DC97ED11945B3AAD5AE19CAFA82E547017FBFDAEC1056892709D6BE5031AEABD8F6D33FCF18F7FBCE6FEB777DD75D7ADF60CCA2D9D2EB6830D16D67A8BB04B14006AAFB163C56271A046B9DD5E2E96E10E069D52F99087E4BF79ABBD87724B272CB660D62AAEF516DBCA7FFF548F33B80055D7D8D9319694D89555BEE7E576DD2161213FF9C94F7CB00CE5965414DBC516CB6A05F6D337586CCB5C830B50BBDC96C7E8DC33B9950F6D3871E244C7CA6DB8A76E6519B7F7506E4973B15DA8E04E34506C1BFDEF01C85BB9FDA43C964B6EF2F7C9F2D7DB799784B9DE79E79D6BEE796BEFA1DCD22E8D9E299DAFE036526CE7165CD7E002D42EB79F9CC9ADFCDFE1C9619D121EEA50F9DF62EFD1CDC133523692DDD6E8B550E15284B9676C2766BFDE88A3F68F6118C68D8F4E536E814E9EB9BDD133A4CEDC0274FE04D2A5288A362E59B2E426676E015C730B90D572FB49A9ADF81ED7DC02F4D47FA6D4DD12003A576E2F867BC75696DA32774B00B8BEE0D62A96ADBACF6D5F8FFBDC022C546EAF3B533BCFF7BC9E86FBDC867F7745B97DDDDE033AA5D699D3563FA1CC536C001A502A9576A4E109656BD7AEAD7C88C3367B06E8A46A6770EB2DAC8BFD7EC516A0497A7B7B6F2F97CAE4EFF1850B173A7ABDED6CB9BDCD9E013A2D9CC19D7B89C0333DF55F6A305FC17D7ACEBFC735B6004D5479DDEDEEDDBBDB5E6E77ECD851596E4FDA23409A0A6EE587CC2A8B6A3D1F12ABF6736EF705D0029597260C0C0CB4F5966067CE9C9939635C71F638B2478034997B894228A64FF7D47F7BAFB93FD7E8FD75E186ADD97E309E6FB4EB7568B5D9FBDD7E542E987BF6EC695BB9DDB46953E559DBB3F606908582DBA8F92E7980B696DB85BED6EAD7A11D2ACFDE8633A97FFEF39F5B5E6CF7EEDD7BCDB5B68542E14BF604D0ED05D7031A506EA14D928279BE5C34BFFEF5AFC7E3E3E32D2BB6870E1DBAE6728464FC973D00A45DA39712B81401E516DA68D9B2659F4D4AE654B9706ED9B265E6B1B8AD28B6FDFDFD3E440664BAE0D67BE6D587C7506EA103A2285A998CE972F10CD7C48E8D8D35F5528439676C478BC5E22DB63C9025F55E5AE05204945BE5960E0A8FEAADBC16369C650D8FC76DF4AE080F3DF4D035D7D82AB6401E0A6E5F8F073490C272EB6E09E44DA150589794CFE9CA321A9E6076E2C489BA1FD010EE633BE76CEDCCA5088A2D9075B5AEA12DDF1541B105488152A9F4C5A4844ECE29A5F17DF7DD17EFDCB9331E1E1E9EB9AB42F9BADCF06728B3E12CEFAE5DBBE2071E78606EA1F5E131A0EB543B83EB520480140A675793327A78EE59DC1B1C67DDEE0BC843C1556C0152AEB7B7F7F6A49C0E577ED8AC8E71D293C780BC14DCA38A2D4076F4F7F7DF3C7B3DEECBE10361732F5B28168BE1566263C9783D29C2DB93719BAD06E445B8C636EE71BB2F0000BAC4AD3601000000000000000000000000000000000000000000009057FF07B2CB81E8B4042AEE0000000049454E44AE426082, '1');
INSERT INTO `act_ge_bytearray` VALUES ('6', '1', 'C:/ruoyi/uploadPath/processDefiniton/2019/11/10/e607daa383631026e471dc8444ae5fbd.bpmn', '5', 0x3C3F786D6C2076657273696F6E3D22312E302220656E636F64696E673D225554462D38223F3E0D0A3C646566696E6974696F6E7320786D6C6E733D22687474703A2F2F7777772E6F6D672E6F72672F737065632F42504D4E2F32303130303532342F4D4F44454C2220786D6C6E733A7873693D22687474703A2F2F7777772E77332E6F72672F323030312F584D4C536368656D612D696E7374616E63652220786D6C6E733A7873643D22687474703A2F2F7777772E77332E6F72672F323030312F584D4C536368656D612220786D6C6E733A61637469766974693D22687474703A2F2F61637469766974692E6F72672F62706D6E2220786D6C6E733A62706D6E64693D22687474703A2F2F7777772E6F6D672E6F72672F737065632F42504D4E2F32303130303532342F44492220786D6C6E733A6F6D6764633D22687474703A2F2F7777772E6F6D672E6F72672F737065632F44442F32303130303532342F44432220786D6C6E733A6F6D6764693D22687474703A2F2F7777772E6F6D672E6F72672F737065632F44442F32303130303532342F44492220747970654C616E67756167653D22687474703A2F2F7777772E77332E6F72672F323030312F584D4C536368656D61222065787072657373696F6E4C616E67756167653D22687474703A2F2F7777772E77332E6F72672F313939392F585061746822207461726765744E616D6573706163653D22687474703A2F2F7777772E61637469766974692E6F72672F74657374223E0D0A20203C70726F636573732069643D226C656176652D636F756E7465727369676E22206E616D653D22E8AFB7E58187E6B581E7A88B2DE4BC9AE7ADBE2220697345786563757461626C653D2274727565223E0D0A202020203C646F63756D656E746174696F6E3EE8AFB7E58187E6B581E7A88BE6BC94E7A4BA2DE4BC9AE7ADBE3C2F646F63756D656E746174696F6E3E0D0A202020203C73746172744576656E742069643D2273746172746576656E743122206E616D653D225374617274222061637469766974693A696E69746961746F723D226170706C79557365724964223E0D0A2020202020203C657874656E73696F6E456C656D656E74733E0D0A20202020202020203C61637469766974693A666F726D50726F70657274792069643D2273746172744461746522206E616D653D22E8AFB7E58187E5BC80E5A78BE697A5E69C9F2220747970653D22646174652220646174655061747465726E3D22797979792D4D4D2D6464222072657175697265643D2274727565223E3C2F61637469766974693A666F726D50726F70657274793E0D0A20202020202020203C61637469766974693A666F726D50726F70657274792069643D22656E644461746522206E616D653D22E8AFB7E58187E7BB93E69D9FE697A5E69C9F2220747970653D22646174652220646174655061747465726E3D22797979792D4D4D2D6464222072657175697265643D2274727565223E3C2F61637469766974693A666F726D50726F70657274793E0D0A20202020202020203C61637469766974693A666F726D50726F70657274792069643D22726561736F6E22206E616D653D22E8AFB7E58187E58E9FE59BA02220747970653D22737472696E67222072657175697265643D2274727565223E3C2F61637469766974693A666F726D50726F70657274793E0D0A20202020202020203C61637469766974693A666F726D50726F70657274792069643D22757365727322206E616D653D22E5AEA1E689B9E58F82E4B88EE4BABA2220747970653D227573657273222072657175697265643D2274727565223E3C2F61637469766974693A666F726D50726F70657274793E0D0A20202020202020203C61637469766974693A666F726D50726F70657274792069643D2276616C69645363726970742220747970653D226A617661736372697074222064656661756C743D22616C6572742827E8A1A8E58D95E5B7B2E7BB8FE58AA0E8BDBDE5AE8CE6AF9527293B223E3C2F61637469766974693A666F726D50726F70657274793E0D0A2020202020203C2F657874656E73696F6E456C656D656E74733E0D0A202020203C2F73746172744576656E743E0D0A202020203C757365725461736B2069643D22636F756E7465727369676E22206E616D653D225BE983A8E997A82FE4BABAE4BA8B5DE88194E59088E4BC9AE7ADBE222061637469766974693A61737369676E65653D22247B757365727D223E0D0A2020202020203C657874656E73696F6E456C656D656E74733E0D0A20202020202020203C61637469766974693A666F726D50726F70657274792069643D2273746172744461746522206E616D653D22E8AFB7E58187E5BC80E5A78BE697A5E69C9F2220747970653D22646174652220646174655061747465726E3D22797979792D4D4D2D646422207772697461626C653D2266616C7365223E3C2F61637469766974693A666F726D50726F70657274793E0D0A20202020202020203C61637469766974693A666F726D50726F70657274792069643D22656E644461746522206E616D653D22E8AFB7E58187E7BB93E69D9FE697A5E69C9F2220747970653D22646174652220646174655061747465726E3D22797979792D4D4D2D646422207772697461626C653D2266616C7365223E3C2F61637469766974693A666F726D50726F70657274793E0D0A20202020202020203C61637469766974693A666F726D50726F70657274792069643D22726561736F6E22206E616D653D22E8AFB7E58187E58E9FE59BA02220747970653D22737472696E6722207772697461626C653D2266616C7365223E3C2F61637469766974693A666F726D50726F70657274793E0D0A20202020202020203C61637469766974693A666F726D50726F70657274792069643D22617070726F76656422206E616D653D22E5AEA1E689B9E6848FE8A7812220747970653D22656E756D222072657175697265643D2274727565223E0D0A202020202020202020203C61637469766974693A76616C75652069643D227472756522206E616D653D22E5908CE6848F223E3C2F61637469766974693A76616C75653E0D0A202020202020202020203C61637469766974693A76616C75652069643D2266616C736522206E616D653D22E68B92E7BB9D223E3C2F61637469766974693A76616C75653E0D0A20202020202020203C2F61637469766974693A666F726D50726F70657274793E0D0A20202020202020203C61637469766974693A7461736B4C697374656E6572206576656E743D22636F6D706C657465222064656C656761746545787072657373696F6E3D22247B6C65617665436F756E7465725369676E436F6D706C6574654C697374656E65727D223E3C2F61637469766974693A7461736B4C697374656E65723E0D0A2020202020203C2F657874656E73696F6E456C656D656E74733E0D0A2020202020203C6D756C7469496E7374616E63654C6F6F7043686172616374657269737469637320697353657175656E7469616C3D2266616C7365222061637469766974693A636F6C6C656374696F6E3D227573657273222061637469766974693A656C656D656E745661726961626C653D2275736572223E3C2F6D756C7469496E7374616E63654C6F6F704368617261637465726973746963733E0D0A202020203C2F757365725461736B3E0D0A202020203C757365725461736B2069643D227265706F72744261636B22206E616D653D22E99480E58187222061637469766974693A61737369676E65653D22247B6170706C795573657249647D223E0D0A2020202020203C657874656E73696F6E456C656D656E74733E0D0A20202020202020203C61637469766974693A666F726D50726F70657274792069643D2273746172744461746522206E616D653D22E8AFB7E58187E5BC80E5A78BE697A5E69C9F2220747970653D22646174652220646174655061747465726E3D22797979792D4D4D2D646422207772697461626C653D2266616C7365223E3C2F61637469766974693A666F726D50726F70657274793E0D0A20202020202020203C61637469766974693A666F726D50726F70657274792069643D22656E644461746522206E616D653D22E8AFB7E58187E7BB93E69D9FE697A5E69C9F2220747970653D22646174652220646174655061747465726E3D22797979792D4D4D2D646422207772697461626C653D2266616C7365223E3C2F61637469766974693A666F726D50726F70657274793E0D0A20202020202020203C61637469766974693A666F726D50726F70657274792069643D22726561736F6E22206E616D653D22E8AFB7E58187E58E9FE59BA02220747970653D22737472696E6722207772697461626C653D2266616C7365223E3C2F61637469766974693A666F726D50726F70657274793E0D0A20202020202020203C61637469766974693A666F726D50726F70657274792069643D227265706F72744261636B4461746522206E616D653D22E99480E58187E697A5E69C9F2220747970653D2264617465222064656661756C743D22247B656E64446174657D2220646174655061747465726E3D22797979792D4D4D2D6464222072657175697265643D2274727565223E3C2F61637469766974693A666F726D50726F70657274793E0D0A2020202020203C2F657874656E73696F6E456C656D656E74733E0D0A202020203C2F757365725461736B3E0D0A202020203C656E644576656E742069643D22656E646576656E743122206E616D653D22456E64223E3C2F656E644576656E743E0D0A202020203C73657175656E6365466C6F772069643D22666C6F77322220736F757263655265663D2273746172746576656E743122207461726765745265663D22636F756E7465727369676E223E0D0A2020202020203C657874656E73696F6E456C656D656E74733E0D0A20202020202020203C61637469766974693A657865637574696F6E4C697374656E6572206576656E743D2274616B65222065787072657373696F6E3D22247B657865637574696F6E2E7365745661726961626C652827617070726F766564436F756E746572272C2030297D223E3C2F61637469766974693A657865637574696F6E4C697374656E65723E0D0A2020202020203C2F657874656E73696F6E456C656D656E74733E0D0A202020203C2F73657175656E6365466C6F773E0D0A202020203C73657175656E6365466C6F772069643D22666C6F773822206E616D653D22E99480E581872220736F757263655265663D227265706F72744261636B22207461726765745265663D22656E646576656E7431223E0D0A2020202020203C657874656E73696F6E456C656D656E74733E0D0A20202020202020203C61637469766974693A657865637574696F6E4C697374656E6572206576656E743D2274616B65222065787072657373696F6E3D22247B657865637574696F6E2E7365745661726961626C652827726573756C74272C20276F6B27297D223E3C2F61637469766974693A657865637574696F6E4C697374656E65723E0D0A2020202020203C2F657874656E73696F6E456C656D656E74733E0D0A202020203C2F73657175656E6365466C6F773E0D0A202020203C73657175656E6365466C6F772069643D22666C6F77313322206E616D653D22E585A8E983A8E9809AE8BF872220736F757263655265663D226578636C7573697665676174657761793122207461726765745265663D227265706F72744261636B223E0D0A2020202020203C636F6E646974696F6E45787072657373696F6E207873693A747970653D2274466F726D616C45787072657373696F6E223E3C215B43444154415B247B617070726F766564436F756E746572203D3D2075736572732E73697A6528297D5D5D3E3C2F636F6E646974696F6E45787072657373696F6E3E0D0A202020203C2F73657175656E6365466C6F773E0D0A202020203C6578636C7573697665476174657761792069643D226578636C7573697665676174657761793122206E616D653D224578636C75736976652047617465776179223E3C2F6578636C7573697665476174657761793E0D0A202020203C73657175656E6365466C6F772069643D22666C6F7731342220736F757263655265663D22636F756E7465727369676E22207461726765745265663D226578636C75736976656761746577617931223E3C2F73657175656E6365466C6F773E0D0A202020203C757365725461736B2069643D226D6F646966794170706C7922206E616D653D22E8B083E695B4E794B3E8AFB7222061637469766974693A61737369676E65653D22247B6170706C795573657249647D223E0D0A2020202020203C657874656E73696F6E456C656D656E74733E0D0A20202020202020203C61637469766974693A666F726D50726F70657274792069643D2273746172744461746522206E616D653D22E8AFB7E58187E5BC80E5A78BE697A5E69C9F2220747970653D22646174652220646174655061747465726E3D22797979792D4D4D2D6464222072657175697265643D2274727565223E3C2F61637469766974693A666F726D50726F70657274793E0D0A20202020202020203C61637469766974693A666F726D50726F70657274792069643D22656E644461746522206E616D653D22E8AFB7E58187E7BB93E69D9FE697A5E69C9F2220747970653D22646174652220646174655061747465726E3D22797979792D4D4D2D6464222072657175697265643D2274727565223E3C2F61637469766974693A666F726D50726F70657274793E0D0A20202020202020203C61637469766974693A666F726D50726F70657274792069643D22726561736F6E22206E616D653D22E8AFB7E58187E58E9FE59BA02220747970653D22737472696E67222072657175697265643D2274727565223E3C2F61637469766974693A666F726D50726F70657274793E0D0A20202020202020203C61637469766974693A666F726D50726F70657274792069643D2272654170706C7922206E616D653D22E9878DE696B0E794B3E8AFB72220747970653D22656E756D222072657175697265643D2274727565223E0D0A202020202020202020203C61637469766974693A76616C75652069643D227472756522206E616D653D22E9878DE696B0E794B3E8AFB7223E3C2F61637469766974693A76616C75653E0D0A202020202020202020203C61637469766974693A76616C75652069643D2266616C736522206E616D653D22E58F96E6B688E794B3E8AFB7223E3C2F61637469766974693A76616C75653E0D0A20202020202020203C2F61637469766974693A666F726D50726F70657274793E0D0A2020202020203C2F657874656E73696F6E456C656D656E74733E0D0A202020203C2F757365725461736B3E0D0A202020203C73657175656E6365466C6F772069643D22666C6F77313522206E616D653D22E983A8E58886E9809AE8BF872220736F757263655265663D226578636C7573697665676174657761793122207461726765745265663D226D6F646966794170706C79223E0D0A2020202020203C636F6E646974696F6E45787072657373696F6E207873693A747970653D2274466F726D616C45787072657373696F6E223E3C215B43444154415B247B617070726F766564436F756E746572203C2075736572732E73697A6528297D5D5D3E3C2F636F6E646974696F6E45787072657373696F6E3E0D0A202020203C2F73657175656E6365466C6F773E0D0A202020203C6578636C7573697665476174657761792069643D226578636C7573697665676174657761793222206E616D653D224578636C75736976652047617465776179223E3C2F6578636C7573697665476174657761793E0D0A202020203C73657175656E6365466C6F772069643D22666C6F7731362220736F757263655265663D226D6F646966794170706C7922207461726765745265663D226578636C75736976656761746577617932223E3C2F73657175656E6365466C6F773E0D0A202020203C73657175656E6365466C6F772069643D22666C6F7731372220736F757263655265663D226578636C7573697665676174657761793222207461726765745265663D22656E646576656E7431223E0D0A2020202020203C636F6E646974696F6E45787072657373696F6E207873693A747970653D2274466F726D616C45787072657373696F6E223E3C215B43444154415B247B72654170706C79203D3D202766616C7365277D5D5D3E3C2F636F6E646974696F6E45787072657373696F6E3E0D0A202020203C2F73657175656E6365466C6F773E0D0A202020203C73657175656E6365466C6F772069643D22666C6F77313822206E616D653D22E9878DE696B0E794B3E8AFB72220736F757263655265663D226578636C7573697665676174657761793222207461726765745265663D22636F756E7465727369676E223E0D0A2020202020203C657874656E73696F6E456C656D656E74733E0D0A20202020202020203C61637469766974693A657865637574696F6E4C697374656E6572206576656E743D2274616B65222065787072657373696F6E3D22247B657865637574696F6E2E7365745661726961626C652827617070726F766564436F756E746572272C2030297D223E3C2F61637469766974693A657865637574696F6E4C697374656E65723E0D0A2020202020203C2F657874656E73696F6E456C656D656E74733E0D0A2020202020203C636F6E646974696F6E45787072657373696F6E207873693A747970653D2274466F726D616C45787072657373696F6E223E3C215B43444154415B247B72654170706C79203D3D202774727565277D5D5D3E3C2F636F6E646974696F6E45787072657373696F6E3E0D0A202020203C2F73657175656E6365466C6F773E0D0A20203C2F70726F636573733E0D0A20203C62706D6E64693A42504D4E4469616772616D2069643D2242504D4E4469616772616D5F6C656176652D636F756E7465727369676E223E0D0A202020203C62706D6E64693A42504D4E506C616E652062706D6E456C656D656E743D226C656176652D636F756E7465727369676E222069643D2242504D4E506C616E655F6C656176652D636F756E7465727369676E223E0D0A2020202020203C62706D6E64693A42504D4E53686170652062706D6E456C656D656E743D2273746172746576656E7431222069643D2242504D4E53686170655F73746172746576656E7431223E0D0A20202020202020203C6F6D6764633A426F756E6473206865696768743D2233352E30222077696474683D2233352E302220783D2231302E302220793D2233302E30223E3C2F6F6D6764633A426F756E64733E0D0A2020202020203C2F62706D6E64693A42504D4E53686170653E0D0A2020202020203C62706D6E64693A42504D4E53686170652062706D6E456C656D656E743D22636F756E7465727369676E222069643D2242504D4E53686170655F636F756E7465727369676E223E0D0A20202020202020203C6F6D6764633A426F756E6473206865696768743D2235352E30222077696474683D223130352E302220783D2239302E302220793D2232302E30223E3C2F6F6D6764633A426F756E64733E0D0A2020202020203C2F62706D6E64693A42504D4E53686170653E0D0A2020202020203C62706D6E64693A42504D4E53686170652062706D6E456C656D656E743D227265706F72744261636B222069643D2242504D4E53686170655F7265706F72744261636B223E0D0A20202020202020203C6F6D6764633A426F756E6473206865696768743D2235352E30222077696474683D223130352E302220783D223334302E302220793D2232302E30223E3C2F6F6D6764633A426F756E64733E0D0A2020202020203C2F62706D6E64693A42504D4E53686170653E0D0A2020202020203C62706D6E64693A42504D4E53686170652062706D6E456C656D656E743D22656E646576656E7431222069643D2242504D4E53686170655F656E646576656E7431223E0D0A20202020202020203C6F6D6764633A426F756E6473206865696768743D2233352E30222077696474683D2233352E302220783D223337352E302220793D223230332E30223E3C2F6F6D6764633A426F756E64733E0D0A2020202020203C2F62706D6E64693A42504D4E53686170653E0D0A2020202020203C62706D6E64693A42504D4E53686170652062706D6E456C656D656E743D226578636C75736976656761746577617931222069643D2242504D4E53686170655F6578636C75736976656761746577617931223E0D0A20202020202020203C6F6D6764633A426F756E6473206865696768743D2234302E30222077696474683D2234302E302220783D223232302E302220793D2232372E30223E3C2F6F6D6764633A426F756E64733E0D0A2020202020203C2F62706D6E64693A42504D4E53686170653E0D0A2020202020203C62706D6E64693A42504D4E53686170652062706D6E456C656D656E743D226D6F646966794170706C79222069643D2242504D4E53686170655F6D6F646966794170706C79223E0D0A20202020202020203C6F6D6764633A426F756E6473206865696768743D2235352E30222077696474683D223130352E302220783D223138382E302220793D223131302E30223E3C2F6F6D6764633A426F756E64733E0D0A2020202020203C2F62706D6E64693A42504D4E53686170653E0D0A2020202020203C62706D6E64693A42504D4E53686170652062706D6E456C656D656E743D226578636C75736976656761746577617932222069643D2242504D4E53686170655F6578636C75736976656761746577617932223E0D0A20202020202020203C6F6D6764633A426F756E6473206865696768743D2234302E30222077696474683D2234302E302220783D223232302E302220793D223230302E30223E3C2F6F6D6764633A426F756E64733E0D0A2020202020203C2F62706D6E64693A42504D4E53686170653E0D0A2020202020203C62706D6E64693A42504D4E456467652062706D6E456C656D656E743D22666C6F7732222069643D2242504D4E456467655F666C6F7732223E0D0A20202020202020203C6F6D6764693A776179706F696E7420783D2234352E302220793D2234372E30223E3C2F6F6D6764693A776179706F696E743E0D0A20202020202020203C6F6D6764693A776179706F696E7420783D2239302E302220793D2234372E30223E3C2F6F6D6764693A776179706F696E743E0D0A2020202020203C2F62706D6E64693A42504D4E456467653E0D0A2020202020203C62706D6E64693A42504D4E456467652062706D6E456C656D656E743D22666C6F7738222069643D2242504D4E456467655F666C6F7738223E0D0A20202020202020203C6F6D6764693A776179706F696E7420783D223339322E302220793D2237352E30223E3C2F6F6D6764693A776179706F696E743E0D0A20202020202020203C6F6D6764693A776179706F696E7420783D223339322E302220793D223230332E30223E3C2F6F6D6764693A776179706F696E743E0D0A20202020202020203C62706D6E64693A42504D4E4C6162656C3E0D0A202020202020202020203C6F6D6764633A426F756E6473206865696768743D2231312E30222077696474683D2232322E302220783D223430302E302220793D223133312E30223E3C2F6F6D6764633A426F756E64733E0D0A20202020202020203C2F62706D6E64693A42504D4E4C6162656C3E0D0A2020202020203C2F62706D6E64693A42504D4E456467653E0D0A2020202020203C62706D6E64693A42504D4E456467652062706D6E456C656D656E743D22666C6F773133222069643D2242504D4E456467655F666C6F773133223E0D0A20202020202020203C6F6D6764693A776179706F696E7420783D223236302E302220793D2234372E30223E3C2F6F6D6764693A776179706F696E743E0D0A20202020202020203C6F6D6764693A776179706F696E7420783D223334302E302220793D2234372E30223E3C2F6F6D6764693A776179706F696E743E0D0A20202020202020203C62706D6E64693A42504D4E4C6162656C3E0D0A202020202020202020203C6F6D6764633A426F756E6473206865696768743D2231312E30222077696474683D2234342E302220783D223237302E302220793D2233302E30223E3C2F6F6D6764633A426F756E64733E0D0A20202020202020203C2F62706D6E64693A42504D4E4C6162656C3E0D0A2020202020203C2F62706D6E64693A42504D4E456467653E0D0A2020202020203C62706D6E64693A42504D4E456467652062706D6E456C656D656E743D22666C6F773134222069643D2242504D4E456467655F666C6F773134223E0D0A20202020202020203C6F6D6764693A776179706F696E7420783D223139352E302220793D2234372E30223E3C2F6F6D6764693A776179706F696E743E0D0A20202020202020203C6F6D6764693A776179706F696E7420783D223232302E302220793D2234372E30223E3C2F6F6D6764693A776179706F696E743E0D0A2020202020203C2F62706D6E64693A42504D4E456467653E0D0A2020202020203C62706D6E64693A42504D4E456467652062706D6E456C656D656E743D22666C6F773135222069643D2242504D4E456467655F666C6F773135223E0D0A20202020202020203C6F6D6764693A776179706F696E7420783D223234302E302220793D2236372E30223E3C2F6F6D6764693A776179706F696E743E0D0A20202020202020203C6F6D6764693A776179706F696E7420783D223234302E302220793D223131302E30223E3C2F6F6D6764693A776179706F696E743E0D0A20202020202020203C62706D6E64693A42504D4E4C6162656C3E0D0A202020202020202020203C6F6D6764633A426F756E6473206865696768743D2231312E30222077696474683D2234342E302220783D223235302E302220793D2236372E30223E3C2F6F6D6764633A426F756E64733E0D0A20202020202020203C2F62706D6E64693A42504D4E4C6162656C3E0D0A2020202020203C2F62706D6E64693A42504D4E456467653E0D0A2020202020203C62706D6E64693A42504D4E456467652062706D6E456C656D656E743D22666C6F773136222069643D2242504D4E456467655F666C6F773136223E0D0A20202020202020203C6F6D6764693A776179706F696E7420783D223234302E302220793D223136352E30223E3C2F6F6D6764693A776179706F696E743E0D0A20202020202020203C6F6D6764693A776179706F696E7420783D223234302E302220793D223230302E30223E3C2F6F6D6764693A776179706F696E743E0D0A2020202020203C2F62706D6E64693A42504D4E456467653E0D0A2020202020203C62706D6E64693A42504D4E456467652062706D6E456C656D656E743D22666C6F773137222069643D2242504D4E456467655F666C6F773137223E0D0A20202020202020203C6F6D6764693A776179706F696E7420783D223236302E302220793D223232302E30223E3C2F6F6D6764693A776179706F696E743E0D0A20202020202020203C6F6D6764693A776179706F696E7420783D223337352E302220793D223232302E30223E3C2F6F6D6764693A776179706F696E743E0D0A2020202020203C2F62706D6E64693A42504D4E456467653E0D0A2020202020203C62706D6E64693A42504D4E456467652062706D6E456C656D656E743D22666C6F773138222069643D2242504D4E456467655F666C6F773138223E0D0A20202020202020203C6F6D6764693A776179706F696E7420783D223232302E302220793D223232302E30223E3C2F6F6D6764693A776179706F696E743E0D0A20202020202020203C6F6D6764693A776179706F696E7420783D223134322E302220793D223232302E30223E3C2F6F6D6764693A776179706F696E743E0D0A20202020202020203C6F6D6764693A776179706F696E7420783D223134322E302220793D2237352E30223E3C2F6F6D6764693A776179706F696E743E0D0A20202020202020203C62706D6E64693A42504D4E4C6162656C3E0D0A202020202020202020203C6F6D6764633A426F756E6473206865696768743D2231312E30222077696474683D2234342E302220783D223136332E302220793D223230332E30223E3C2F6F6D6764633A426F756E64733E0D0A20202020202020203C2F62706D6E64693A42504D4E4C6162656C3E0D0A2020202020203C2F62706D6E64693A42504D4E456467653E0D0A202020203C2F62706D6E64693A42504D4E506C616E653E0D0A20203C2F62706D6E64693A42504D4E4469616772616D3E0D0A3C2F646566696E6974696F6E733E, '0');
INSERT INTO `act_ge_bytearray` VALUES ('7', '1', 'C:/ruoyi/uploadPath/processDefiniton/2019/11/10/e607daa383631026e471dc8444ae5fbd.leave-countersign.png', '5', 0x89504E470D0A1A0A0000000D49484452000001C7000000FA0806000000D46F8C75000015554944415478DAEDDD5D6C1CE5BDC771AB4282CBDE71892AA15E72C7D53917A9CE5DAF8EA08AE3380657248806502304E1CD01F2D6B46AA456E125421CB58203276A23E584A246B4715C0B9F34084A5468DC06A286027112625969131BE2607BCE3CEE6E3ADEEC7ABD2FB33BBBF3F94A7F39ECD84E98E7F9ED779FE79979A6A70700000000000000000000000000000000000000000000000000000000000000000000000000000000000000000000000000000000808C1145D14DA74F9FFEECD8B163D1912347A2C3870FAB0CD4F0F070F4D65B6F2DC4B5572F859CCB395A4C08CCD8D85874E1C2856876765665A8262727A3D1D1D1853840BBF554C8B99CA385844F920293EDE0C49F3067F554C8B99CA3858429169D33DB15A65FF454C8B99CA3858406D131850672AEE41C758466FAEFE7A2D3EFFE3C1A1FDEB658E1CFE1359D5A6820E74ACE73199ACB1727A213BFD912BDFFEB479654782D1CD3B185A60CB748979C2B72ECEAD07C36FEABEB0253AC33E36FE8D84253CA505C51E12BE45C91637786E62FBFFB51C5D084633AB6D024D81CD7425CC70B5FB74A999C2B72ECCAD09C38FC4CC5D084633AB6D09488716B6204394F9072AE329EF3279F7CF296175E78E1FFB66FDF3E33343434BF71E3C6A8BFBF3F5AB366CD62DD7BEFBDD1E6CD9B17B66DDBF645FC7D7F7EEAA9A7BE253442438E7589B1DAEB9073D5EE9CEFD8B1E389679E79E68B75EBD6455BB66C890E1E3C187DF0C1078B37C5CECDCD4545A6A6A6A293274F466FBEF966B47BF7EE68606020C8722EFE99FF5EB56AD54D790D4DB86AAD5268C2311D3BF7721CAA22C0E2716B9072AEB290F34D9B36FDDBE38F3FFEC5FAF5EBA3FDFBF72FCAAF16AE5EBD1A1D3D7A7451A8F128733EFE3D3BF2189A53479FAB189A704CC7CEB51C572ABE968D2037ED1989CA55AB8ECBB9CA74CE63A1EDBFE79E7BA2975F7E399A9999891AE5DD77DF8D366CD8107DEF7BDF3BD7D7D777739EE43835F14174E2B74F5F3FD512BF168EE9D8B995E3E61A4784B57E7FDD725CEEB5B48FCBB9CA6CCE1F7BECB13FDF7FFFFDD17BEFBD1735934B972E45CF3FFF7C3438383877E79D77DE96173986FAF80FAF5C179AF09A4E9D5B39D63B124C5D90E428E7725E418C0F3CF0C0E27A625AECDBB72F5AB76EDDC277BEF39DFFC8851CAF5C894EFD7EEFF5532DF16BE1988E9D3B39363A459AEA142B39CAB99C97994A0D23C634C558E4F5D75F0F82ECF81164B5D0849D313E3AFA6CC5B58870CCEE19B992E35093C436949620C951CEE5BCE4E29BB0C6F8C73FFE316A15AFBDF6DA5C7F7FFFB94EBE92B56268E24F8AE74E8D447F7AF3898A812956F89EF0BD3E5D76BD1C9B7DD5692A2348729473395F3A9DFA65B8F8A6D57CFFFBDF9FEFEDEDFD6537C9B1DAA7489F2E7329C7D2B5C2AFC5F552E16B2D94FE5CD3D7205DAD2AE7725E20DCC7186ED768C655A9B532313111AD5DBB762116E437BB458E2BF914B9DCA74B1DBDEBE4583AC20B62FBB0E79FFBA77E5883202BFD5C4BAE62CD33729ED39C871BFC0F1C3810B58B1FFEF08757D6AC5973AC5B42536F608AA5A377951CCB4D7DBE54105C54832093622CD68BAD5883849CE732E7614BB8B0F34DAD37F83779F4381FCB71A113D71E3D04951CEBB868A69CE89613E44ABFDF5673722EE7CD62EFDEBDC7C20E36EDE6BEFBEE9BEDEBEBDB28342A4BA1893FB44DD5D92FAB5D7CB352E1D52A5253AC29B4AF9CE7508E6113F137DE78A3ED72FCC94F7E72294B53AB422334857E50DC587FAAB7B7777D9D17DFF4D429C85AC598FCFB3DCDA389ED2BE739946378BA46D844BCDDBCFDF6DB5FC432BA28342AA3722CD664950F4DB54E6D5612E00D758AD11A640AED2BE739946378EC542B6EFAAFC6F9F3E7E7E24E392F342AE372BCF6A1A94C7FA877CDAF9C20671B10A335C826B7AF9CE7508EE1798CC9C74EB593D029854675881CAF7D682ACC2C343A522B27C846C4680DB289ED2BE7399463E80059A143E428341D562B68CB86EA8E3BEE284AEC7883DDEE863223C6D9C2EB8D703CED739087922523C7B6CAB1D38A1C733B729C8E3F1C6D4DDC7ED4E8D670468ED9FA10BCA47DE5DC9A63DB989C9CCCFA9A632AA149BE09967BAD9EE39F7CF249F48D6F7CA3E1DF95C6BFADD1E3199063A914AD3976971CCBB66F27CBB11D99EB964D0016C6C7C73371B56ADC31FF91B7D094EB88E53A6669675EEEF8ABAFBE1A9E78D294DF552E488DFEBE468EB7518E97E30F6FBB56B05145AD233557AB6623E7CBB66FA7CBB1D599EB9AFB1C0F1D3A9495FB1CDFC95B68D290E35D77DDB52848726C8A1C971B29363A624BEB3EC7811EF73936B57DC93187727CFEF9E7DFDDB97367DBE5F8C0030F5C8925B4296FA149438EB7DE7A6BF4F1C71F93637BB78FAB36724B7B879C5DD4D73CC83187727CF8E1876FBBFBEEBBDBF2448EC43D8EF3B118A3C1C1C1AFE72D34CD966372BD911CDBBEB76AA51164DA7BAB12233992633378F4D147AF8E8E8EB64D8ECF3DF7DC4C3C4A3B99C7D0345B8EC9F54672CCC4533986CA4C717A2A0739926327C8F1B1C71E7B361E41B6E5968E30620DCF73ECEFEFBF9D1C1BEFCCC9F54672CCCCF31C4B6FF3F03C477224C74E79FACEC68D1BE7C7C6C65A2EC7EDDBB77FB966CD9AF7F31A9A4A72ECA9F3D2EBE47A63336FADC8EBAD1C294EB17EAD30F2ABF5F68CD29F1B224672742B478A39DFB061C3E37145172F5E6C99188F1F3F7E351E355EEDEBEBBB991CB31D2C3707A7BA06D9CC295B90A34D009ACD7DF7DD77E6A73FFD694BA657CF9E3DBB389DBA7AF5EACD790ECD8D37DE78ADB2D6D9B2FC6FEB50393653906EF02747D5AA9C87DB16BEFBDDEF7EF5CA2BAFA42AC6B023CFE0E060D811E77F85A6F5353D3D1D9D387162F16B23AF0B4DD3D6205BFDF3204772AC95DEDEDE6FAE5BB76EE1C08103A98D188318B3F460E3BC8526882E4C9586AF8DBC2E344D1164AD233F17DFC8B96A57CEC395A3B120E77EF6B39FCDA7B0C6B8D00D234672149A364CB19A4A9573D5EE9C8711642CC973E12AD6706379A3B76B84AB52C3C5379DBEC6488E42D326410EF4B8C15FCE5576721E4BF297B1D4E677ECD871E5F4E9D3F3B5EE7CF3C20B2FCC84D162FC7BC63BF9AA547224C736AE4116AF4A2546395759CA7990DA9A356B46E39ABBF7DE7B677FFCE31F5F1E191999F9F4D34F975CD63A3535351F9EAE1136112FEC951A859D6F3AF5067F7224C70C8C204DA5CAB9EA849CC7B25B5F10E5645C5F251FEB149EC7189E62119EAE113611EFC4BD52C9911C332448629473D57D39171A72149A0604799C18E55C91A3D090A3D024D618C34C4C8FDB35E45C91A3D090A3D0FC8B821C21E78A1C85861C85A61E396EDA331295AB561D977325E72047A1C9A41C977B2DEDE372AEE41CE42834E4488E4ACE518D23478E90A3D090A39C2B394792B1B1B1F9F094114FE5C8669D3973E6933834B3E4488E79CB799EAA5373DED58C8C8CFC60747474E1F3CF3FD749331898E1E1E1AFE2DA4D8EE428E7728E161337CAD6F853CB7418D67772EDDBB76F71A7A34EFFFF48D46CA706C6D5AA729E767551D667891169BF219F0F81090FBD76363A478E803E06A44461CFDCE23EB97666F1C6057D0C401C94B309394E3B23DEB8A08F01790FC940F2E92AA1E291A40DAFBD71411F03721D92F3A5720CA3476B8FDEB8A08F01468D25D5D7D7E7C9F3DEB8A08F01B90CC86425398607573B43DEB8A08F01468DD61EBD71411F03721E8EF3D5E4E8CA556F5CD0C700811118ED007D0C80C06807E8630004463B00FA182030DA01D0C70081D10E803E06088C7600F4314060B403A08F0102A31D007D0C1018ED00E86380C0403B401F030406DA01FA182030D00ED0C700818176803E06080CB403F4314060A01DA08F01028314CEB9E76A42D6018141C9391FA826C7DEDEDEADCE14641D1098BC9DF7C965E47879D5AA5537394B907540608C1E0BD5D7D7B7CB1982AC030293D7735F6EED71DAA811B20E088CD1A3B546C83A20305872FECF1A3542D60181418278A4B83E21C7216704B20E080C7AFEB5F668D40859070406FF6A8301ED00590704A661A228BAE9F4E9D39F1D3B762C3A72E44874F8F06195811A1E1E8EDE7AEBAD85B8F64A97AC0302D3628218C7C6C6A20B172E44B3B3B32A43353939198D8E8E2EC4A2DC2D61B20E084C0B09234662CCB620E391E4AC84C93A20302D244CA59250B62B4CB34A98AC0302D342C21B2F019123C81110983AE438FDF773D1E9777F1E8D0F6F5BACF0E7F01A7991A3AC03C8A51C2F5F9C884EFC664BF4FEAF1F5952E1B5708CC0C851D601E44E8E9F8DFFEA3A3116EBCCF81B04468EB20E207F72FCCBEF7E54518EE1188191A3AC03C89D1C4F1C7EA6A21CC3310223475907408EE4488EB20E20EF720C57A7569263384660E428EB007227C753479FAB28C7708CC0C851D601E44E8E53131F44277EFBF4F553AAF16BE1188191A3AC03C89D1C437DFC8757AE9363788DBCC851D601E4538E57AE44A77EBFF7FA29D5F8B5708CC0C851D601E44A8E61079C8F8E3E5B71CD311CB34B0E39CA3A807CC8311E119E3B3512FDE9CD272A8AB158E17BC2F71A4592A3AC03E85A39561B2D1A4592A3AC03C89D1C57325A5C6E144968E428EB00BA4E8EF58AB15884468EB20EA0EBE4A8C811E4089023019123C8111018722447A495F54D7B46A272B5D2E3003992A322C7AE94E372AF553B0E9023392A72244772043992A32247722447080C392A7224477284C090A32247722447801C53ABF89F57B65A759C1C51AF1C5DAD0A9063AA725CEEB5B48F9323BA29EB80C090233942D6018121477284AC0302438EE408590704861CC911B20E080C39922339CA3A2030E4E8560E7294754060C85191A3AC0302438E8A1C651D10187254E428EB80C090A322475907408E8A1C651D00392A72947567012047458E2047801C1539821C017224207204390202438EE408720404861CC911E408080C399223641D1018722447C83A2030E4488E90754060C8911C21EB80C0B48223478E101039821C018149323636367FE1C20512CA689D3973E693588EB31226EB80C0B4909191911F8C8E8E2E7CFEF9E7649441310E0F0F7F15D76E09937540605A4CFCE6BB351E9D4C87E9BB4EAFD00EDDF0FF51A8596294754060A01DA08F010203ED007D0C10186807E86380C0403B401F030406DA01FA180081D10ED0C700088C76803E064060B403A08F0102A31D007D0C1018ED00E86380C06807401F0304463B00FA182030DA01D0C700818176803E06080CB403F4314060A01DA08F010203ED007D0C10186807E86380C0403B401F030406DA01FA182030D00ED0C700818176803E064060B403F4310002A31DA08F0110986C9EF3F3E1BC57A969670AB20E084C9ECEF9403539F6F6F66E75A620EB80C0E4EDBC4F2E23C7CBAB56ADBAC95982AC030263F458A8BEBEBE5DCE101AEC5FA6EE0172ECAA37B069A346A4F9E1CBD43D408E1DF706E60D0B4DEC5FA6EE0172ECD8F37FD6A811AD1E3D9ABA07C831D3C423C5F58937AD2167044DCEB7A97B801C3BFB0DCC1B165A317A34750F9063C7BC81DD71C71DDA0169F52F53F700397624613A352A7C059A8AA97B801C3B91CD712DC475BCF0D59417D2C8B9A97B801C3B4E8C5B1323C879824403A3C46FC6B527CEF53B7D7D7D17E3AF732557A9CE87DB38E2EF3919FFF9E5B8FEDD5903C831CB62ACF63A5091D5AB576F2E595BACA52EC7F55F46950039B69BA12A022C1EB73E846AF90D57A34ED729C5D29A0DA349671548518E9BF68C44E5AA55C73B408CD5C46704896AD93D562AB8FEFEFE68D7AE5DD1FEFDFBA3F1F1F1E8DCB973D1975F7E1905AE5EBD1A5DB87021FAE8A38FA203070E2C7EDFC0C04039494EC6BFE7766718E498921C977B2DEDE31965738D23C25ABF1F39201EDDDD5C584FBC26B4C1C1C1E8D5575F5D945F2DCCCCCC44070F1E8C366DDA547A2FE442FC776C72B6418EE4D82A316EADF3E708128B628C33FB8FA4C8B66CD9B238426C84B9B9B9E8D0A1438B23CFC4EF5E8825B9DB5907399263D6C4D8AC9F47F7C871C988314C9F06B1358B898989E891471EB1A30E408EA953EDE29B56FF1E746E5697AC31BEFDF6DB511A8435CAB01E991C41AE5DBBF6DB5A00E4488ECD1663B3A6448D20F39BD381D211639A848B7776EEDCB9E4FEC8700FA596003936418E39BF5AB574ADF06B71BD54F85A0BA53F670D3287C462FA22B9C6D8CCA9D44A5CBA7429DAB06143727AF5B8960039A29923BC20B60F7BFEB97FEA873508B2D2CF11648E28DCE07FEDAAD4462FBEA985F7DE7B6FC9F4AA1D75408E6896187B0A23BF28512B1164528CC57A3171DC1A647E327AED998CE1768D56B37BF7EEA420DFD1222047D44A25619513DD72825CE9F75B83EC72C23A5FF206FF5AEF636C067FFDEB5F97DCFF78CF3DF7DCA265408EA8558C430D0AAF56919A62EDDCEC4DF5F5F56DAC22C73D4531852B48DB45729380F8DFBC4BEB811CB112562AA86AE2AB558CC9BFDFD33C3A307B859A0ACF5CACF03DEFB4EA0AD5E5F8C52F7EE1C21C9023EA12E34AC554498037D429C6D2912B41769E1CAFED695A3A924CDEF47FF2E4C9B6C931DC539994B9D60339A299625C4E90B30D88B1D17F0FB221C76BF2294A32F93CC6565EA55ACAA79F7EBAE49E47AD0772445A23B572826C448CA582B406D9B972BC36924CFE77F1E91AED206C0A90FCB7683D08A8AA58F1E96B74EDE5863223C6D9C2EB8D705CFB745FB51B720450CBC8B1DE119A91A30FA69544381D36FB5EB56AD54D468E003A116B8E68A61CAF4931F13DD61C0174B420573A5273B52A4AE57839DC3B9894621157AB02C8C30832ADFB1C077ADCE7D88972BC6EA458E67BDECFC27D8EE1EF4EC8F17DAD0760A5541BB9A5BD438E5D4BBA90B56BD7EECDC20E39C90720C742DFAD650034630499F6DEAAC4D8A5F4F7F7DF9EDC5B353C46AA9DEB8D05397AAE2380BA4690A5539C9ECA81BA49AE3B1E3870A0E572DCBB776F528EA7B40880460459FAA063CF73445D24A756376EDCD8D25B3A2626261647AC89D16BAF1601D008E51E78FC624FEDB76794FE5CA3F757A2C328DCEFF8655150070F1E6C991CB76DDB961C359ED51A00D210643346A4AE4ACDF9E8318CE4FEF6B7BFA52EC643870E2D596B5CBD7AF57F6A09005913A41BFC734E2CA8F345513DF4D043D1CCCC4C6A623C7AF4E892E9D4B8FE470B0068368D4E859A4A45CF9D77DE795B2CA9F9A2B076EEDCB9B8AD5B1A621C1C1C74110E80960AB2D6919F8B6F708DF050E4B8168AE20A6B825353534D9D4A2D193186674CDEECCC0348935AA7464DA5E23AC25673C9B5C030CA0BDBBB357A55EAD34F3F5DEEE1CBC4082053821CE871833F2AB07AF5EACDB1BC1692320B3BE8D4BAFF6AB8C13FDCC758325A5C9C4A254600ADA6DA1A62F1AA54624445D6AE5DFBEDE4533B8AF5E0830F46FBF6ED8BC6C6C616AF6A2DAE4B86AF4186619419F64A7DF4D1472B3D32CBC5370032378234958A15134677B1CC8E958E22EBACB36ED7009045411223EAA2B007EB58F2629D1AEA949D6F00645590C789118D323838F8F5C27AE43BE1829AD269D7F0A0E2F03CC6F0D8A958A47B6C220E20CB8435C6A8C7ED1A00002CE116A700000000000000000000000000000000000000000000E81EFE1F7B05D3809AF7A2A80000000049454E44AE426082, '1');

-- ----------------------------
-- Table structure for act_ge_property
-- ----------------------------
DROP TABLE IF EXISTS `act_ge_property`;
CREATE TABLE `act_ge_property` (
  `NAME_` varchar(64) COLLATE utf8_bin NOT NULL DEFAULT '',
  `VALUE_` varchar(300) COLLATE utf8_bin DEFAULT NULL,
  `REV_` int(11) DEFAULT NULL,
  PRIMARY KEY (`NAME_`)
) ENGINE=InnoDB DEFAULT CHARSET=utf8 COLLATE=utf8_bin;

-- ----------------------------
-- Records of act_ge_property
-- ----------------------------
INSERT INTO `act_ge_property` VALUES ('cfg.execution-related-entities-count', 'false', '1');
INSERT INTO `act_ge_property` VALUES ('next.dbid', '15001', '7');
INSERT INTO `act_ge_property` VALUES ('schema.history', 'create(6.0.0.4)', '1');
INSERT INTO `act_ge_property` VALUES ('schema.version', '6.0.0.4', '1');

-- ----------------------------
-- Table structure for act_hi_actinst
-- ----------------------------
DROP TABLE IF EXISTS `act_hi_actinst`;
CREATE TABLE `act_hi_actinst` (
  `ID_` varchar(64) COLLATE utf8_bin NOT NULL,
  `PROC_DEF_ID_` varchar(64) COLLATE utf8_bin NOT NULL,
  `PROC_INST_ID_` varchar(64) COLLATE utf8_bin NOT NULL,
  `EXECUTION_ID_` varchar(64) COLLATE utf8_bin NOT NULL,
  `ACT_ID_` varchar(255) COLLATE utf8_bin NOT NULL,
  `TASK_ID_` varchar(64) COLLATE utf8_bin DEFAULT NULL,
  `CALL_PROC_INST_ID_` varchar(64) COLLATE utf8_bin DEFAULT NULL,
  `ACT_NAME_` varchar(255) COLLATE utf8_bin DEFAULT NULL,
  `ACT_TYPE_` varchar(255) COLLATE utf8_bin NOT NULL,
  `ASSIGNEE_` varchar(255) COLLATE utf8_bin DEFAULT NULL,
  `START_TIME_` datetime NOT NULL,
  `END_TIME_` datetime DEFAULT NULL,
  `DURATION_` bigint(20) DEFAULT NULL,
  `DELETE_REASON_` varchar(4000) COLLATE utf8_bin DEFAULT NULL,
  `TENANT_ID_` varchar(255) COLLATE utf8_bin DEFAULT '',
  PRIMARY KEY (`ID_`),
  KEY `ACT_IDX_HI_ACT_INST_START` (`START_TIME_`),
  KEY `ACT_IDX_HI_ACT_INST_END` (`END_TIME_`),
  KEY `ACT_IDX_HI_ACT_INST_PROCINST` (`PROC_INST_ID_`,`ACT_ID_`),
  KEY `ACT_IDX_HI_ACT_INST_EXEC` (`EXECUTION_ID_`,`ACT_ID_`)
) ENGINE=InnoDB DEFAULT CHARSET=utf8 COLLATE=utf8_bin;

-- ----------------------------
-- Records of act_hi_actinst
-- ----------------------------
INSERT INTO `act_hi_actinst` VALUES ('10002', 'leave-countersign:1:8', '19', '25', 'exclusivegateway1', null, null, 'Exclusive Gateway', 'exclusiveGateway', null, '2019-11-10 19:32:29', '2019-11-10 19:32:29', '25', null, '');
INSERT INTO `act_hi_actinst` VALUES ('10003', 'leave-countersign:1:8', '19', '25', 'modifyApply', '10004', null, '', 'userTask', 'chengxy', '2019-11-10 19:32:29', '2019-11-10 19:33:22', '53248', null, '');
INSERT INTO `act_hi_actinst` VALUES ('10005', 'leave-countersign:1:8', '19', '25', 'exclusivegateway2', null, null, 'Exclusive Gateway', 'exclusiveGateway', null, '2019-11-10 19:33:22', '2019-11-10 19:33:22', '7', null, '');
INSERT INTO `act_hi_actinst` VALUES ('10012', 'leave-countersign:1:8', '19', '10006', 'countersign', '10013', null, '[/]', 'userTask', 'rensm', '2019-11-10 19:33:22', '2019-11-10 19:35:02', '100005', null, '');
INSERT INTO `act_hi_actinst` VALUES ('10014', 'leave-countersign:1:8', '19', '10007', 'countersign', '10015', null, '[/]', 'userTask', 'axianlu', '2019-11-10 19:33:22', '2019-11-10 19:34:15', '53054', null, '');
INSERT INTO `act_hi_actinst` VALUES ('10018', 'leave-countersign:1:8', '19', '25', 'exclusivegateway1', null, null, 'Exclusive Gateway', 'exclusiveGateway', null, '2019-11-10 19:35:02', '2019-11-10 19:35:02', '5', null, '');
INSERT INTO `act_hi_actinst` VALUES ('10019', 'leave-countersign:1:8', '19', '25', 'modifyApply', '10020', null, '', 'userTask', 'chengxy', '2019-11-10 19:35:02', null, null, null, '');
INSERT INTO `act_hi_actinst` VALUES ('12504', 'leave:1:4', '11', '14', 'exclusivegateway5', null, null, 'Exclusive Gateway', 'exclusiveGateway', null, '2019-11-10 20:25:07', '2019-11-10 20:25:07', '64', null, '');
INSERT INTO `act_hi_actinst` VALUES ('12505', 'leave:1:4', '11', '14', 'hrVerify', '12506', null, '', 'userTask', null, '2019-11-10 20:25:07', null, null, null, '');
INSERT INTO `act_hi_actinst` VALUES ('15', 'leave:1:4', '11', '14', 'startevent1', null, null, 'Start', 'startEvent', null, '2019-11-10 19:02:28', '2019-11-10 19:02:28', '7', null, '');
INSERT INTO `act_hi_actinst` VALUES ('16', 'leave:1:4', '11', '14', 'deptLeaderVerify', '17', null, '', 'userTask', 'axianlu', '2019-11-10 19:02:28', '2019-11-10 20:25:07', '4959244', null, '');
INSERT INTO `act_hi_actinst` VALUES ('2505', 'leave-countersign:1:8', '19', '25', 'exclusivegateway1', null, null, 'Exclusive Gateway', 'exclusiveGateway', null, '2019-11-10 19:20:37', '2019-11-10 19:20:37', '54', null, '');
INSERT INTO `act_hi_actinst` VALUES ('2506', 'leave-countersign:1:8', '19', '25', 'modifyApply', '2507', null, '', 'userTask', 'chengxy', '2019-11-10 19:20:37', '2019-11-10 19:23:31', '174438', null, '');
INSERT INTO `act_hi_actinst` VALUES ('26', 'leave-countersign:1:8', '19', '25', 'startevent1', null, null, 'Start', 'startEvent', null, '2019-11-10 19:03:38', '2019-11-10 19:03:38', '0', null, '');
INSERT INTO `act_hi_actinst` VALUES ('37', 'leave-countersign:1:8', '19', '31', 'countersign', '38', null, '[/]', 'userTask', 'rensm', '2019-11-10 19:03:38', '2019-11-10 19:20:37', '1019541', null, '');
INSERT INTO `act_hi_actinst` VALUES ('40', 'leave-countersign:1:8', '19', '32', 'countersign', '41', null, '[/]', 'userTask', 'axianlu', '2019-11-10 19:03:38', '2019-11-10 19:15:09', '691259', null, '');
INSERT INTO `act_hi_actinst` VALUES ('5002', 'leave-countersign:1:8', '19', '25', 'exclusivegateway2', null, null, 'Exclusive Gateway', 'exclusiveGateway', null, '2019-11-10 19:23:31', '2019-11-10 19:23:31', '56', null, '');
INSERT INTO `act_hi_actinst` VALUES ('5009', 'leave-countersign:1:8', '19', '5003', 'countersign', '5010', null, '[/]', 'userTask', 'rensm', '2019-11-10 19:23:31', '2019-11-10 19:25:03', '92323', null, '');
INSERT INTO `act_hi_actinst` VALUES ('5011', 'leave-countersign:1:8', '19', '5004', 'countersign', '5012', null, '[/]', 'userTask', 'axianlu', '2019-11-10 19:23:31', '2019-11-10 19:32:29', '538399', null, '');

-- ----------------------------
-- Table structure for act_hi_attachment
-- ----------------------------
DROP TABLE IF EXISTS `act_hi_attachment`;
CREATE TABLE `act_hi_attachment` (
  `ID_` varchar(64) COLLATE utf8_bin NOT NULL,
  `REV_` int(11) DEFAULT NULL,
  `USER_ID_` varchar(255) COLLATE utf8_bin DEFAULT NULL,
  `NAME_` varchar(255) COLLATE utf8_bin DEFAULT NULL,
  `DESCRIPTION_` varchar(4000) COLLATE utf8_bin DEFAULT NULL,
  `TYPE_` varchar(255) COLLATE utf8_bin DEFAULT NULL,
  `TASK_ID_` varchar(64) COLLATE utf8_bin DEFAULT NULL,
  `PROC_INST_ID_` varchar(64) COLLATE utf8_bin DEFAULT NULL,
  `URL_` varchar(4000) COLLATE utf8_bin DEFAULT NULL,
  `CONTENT_ID_` varchar(64) COLLATE utf8_bin DEFAULT NULL,
  `TIME_` datetime DEFAULT NULL,
  PRIMARY KEY (`ID_`)
) ENGINE=InnoDB DEFAULT CHARSET=utf8 COLLATE=utf8_bin;

-- ----------------------------
-- Records of act_hi_attachment
-- ----------------------------

-- ----------------------------
-- Table structure for act_hi_comment
-- ----------------------------
DROP TABLE IF EXISTS `act_hi_comment`;
CREATE TABLE `act_hi_comment` (
  `ID_` varchar(64) COLLATE utf8_bin NOT NULL,
  `TYPE_` varchar(255) COLLATE utf8_bin DEFAULT NULL,
  `TIME_` datetime NOT NULL,
  `USER_ID_` varchar(255) COLLATE utf8_bin DEFAULT NULL,
  `TASK_ID_` varchar(64) COLLATE utf8_bin DEFAULT NULL,
  `PROC_INST_ID_` varchar(64) COLLATE utf8_bin DEFAULT NULL,
  `ACTION_` varchar(255) COLLATE utf8_bin DEFAULT NULL,
  `MESSAGE_` varchar(4000) COLLATE utf8_bin DEFAULT NULL,
  `FULL_MSG_` longblob,
  PRIMARY KEY (`ID_`)
) ENGINE=InnoDB DEFAULT CHARSET=utf8 COLLATE=utf8_bin;

-- ----------------------------
-- Records of act_hi_comment
-- ----------------------------
INSERT INTO `act_hi_comment` VALUES ('10001', 'comment', '2019-11-10 19:32:29', 'axianlu', '5012', '19', 'AddComment', '', 0xE5AEA2E5AE98E4B88DE58FAFE4BBA5);
INSERT INTO `act_hi_comment` VALUES ('10016', 'comment', '2019-11-10 19:34:15', 'axianlu', '10015', '19', 'AddComment', '123', 0x313233);
INSERT INTO `act_hi_comment` VALUES ('10017', 'comment', '2019-11-10 19:35:01', 'rensm', '10013', '19', 'AddComment', '222', 0x323232);
INSERT INTO `act_hi_comment` VALUES ('2501', 'comment', '2019-11-10 19:15:09', 'axianlu', '41', '19', 'AddComment', '', 0xE68891E789B9E4B988E8BF98E6B2A1E7949FEFBC8CE4BDA0E695A2E58588E7949FEFBC9F);
INSERT INTO `act_hi_comment` VALUES ('2504', 'comment', '2019-11-10 19:20:37', 'rensm', '38', '19', 'AddComment', '', 0xE585B3E788B1E58D95E8BAABE78B97EFBC8CE8BF9CE7A6BBE782ABE5A6BB);
INSERT INTO `act_hi_comment` VALUES ('5013', 'comment', '2019-11-10 19:25:03', 'rensm', '5010', '19', 'AddComment', '', 0xE7949FE4BDA0E5A6B9E5958A);
INSERT INTO `act_hi_comment` VALUES ('7501', 'comment', '2019-11-10 19:30:17', 'axianlu', '5012', '19', 'AddComment', '', 0xE7949FE7949FE7949FEFBC8CE999A4E4BA86E7949FEFBC8CE4BDA0E8BF98E79FA5E98193E595A5EFBC9F);

-- ----------------------------
-- Table structure for act_hi_detail
-- ----------------------------
DROP TABLE IF EXISTS `act_hi_detail`;
CREATE TABLE `act_hi_detail` (
  `ID_` varchar(64) COLLATE utf8_bin NOT NULL,
  `TYPE_` varchar(255) COLLATE utf8_bin NOT NULL,
  `PROC_INST_ID_` varchar(64) COLLATE utf8_bin DEFAULT NULL,
  `EXECUTION_ID_` varchar(64) COLLATE utf8_bin DEFAULT NULL,
  `TASK_ID_` varchar(64) COLLATE utf8_bin DEFAULT NULL,
  `ACT_INST_ID_` varchar(64) COLLATE utf8_bin DEFAULT NULL,
  `NAME_` varchar(255) COLLATE utf8_bin NOT NULL,
  `VAR_TYPE_` varchar(255) COLLATE utf8_bin DEFAULT NULL,
  `REV_` int(11) DEFAULT NULL,
  `TIME_` datetime NOT NULL,
  `BYTEARRAY_ID_` varchar(64) COLLATE utf8_bin DEFAULT NULL,
  `DOUBLE_` double DEFAULT NULL,
  `LONG_` bigint(20) DEFAULT NULL,
  `TEXT_` varchar(4000) COLLATE utf8_bin DEFAULT NULL,
  `TEXT2_` varchar(4000) COLLATE utf8_bin DEFAULT NULL,
  PRIMARY KEY (`ID_`),
  KEY `ACT_IDX_HI_DETAIL_PROC_INST` (`PROC_INST_ID_`),
  KEY `ACT_IDX_HI_DETAIL_ACT_INST` (`ACT_INST_ID_`),
  KEY `ACT_IDX_HI_DETAIL_TIME` (`TIME_`),
  KEY `ACT_IDX_HI_DETAIL_NAME` (`NAME_`),
  KEY `ACT_IDX_HI_DETAIL_TASK_ID` (`TASK_ID_`)
) ENGINE=InnoDB DEFAULT CHARSET=utf8 COLLATE=utf8_bin;

-- ----------------------------
-- Records of act_hi_detail
-- ----------------------------

-- ----------------------------
-- Table structure for act_hi_identitylink
-- ----------------------------
DROP TABLE IF EXISTS `act_hi_identitylink`;
CREATE TABLE `act_hi_identitylink` (
  `ID_` varchar(64) COLLATE utf8_bin NOT NULL DEFAULT '',
  `GROUP_ID_` varchar(255) COLLATE utf8_bin DEFAULT NULL,
  `TYPE_` varchar(255) COLLATE utf8_bin DEFAULT NULL,
  `USER_ID_` varchar(255) COLLATE utf8_bin DEFAULT NULL,
  `TASK_ID_` varchar(64) COLLATE utf8_bin DEFAULT NULL,
  `PROC_INST_ID_` varchar(64) COLLATE utf8_bin DEFAULT NULL,
  PRIMARY KEY (`ID_`),
  KEY `ACT_IDX_HI_IDENT_LNK_USER` (`USER_ID_`),
  KEY `ACT_IDX_HI_IDENT_LNK_TASK` (`TASK_ID_`),
  KEY `ACT_IDX_HI_IDENT_LNK_PROCINST` (`PROC_INST_ID_`)
) ENGINE=InnoDB DEFAULT CHARSET=utf8 COLLATE=utf8_bin;

-- ----------------------------
-- Records of act_hi_identitylink
-- ----------------------------
INSERT INTO `act_hi_identitylink` VALUES ('12501', null, 'participant', 'axianlu', null, '11');
INSERT INTO `act_hi_identitylink` VALUES ('12507', 'hr', 'candidate', null, '12506', null);
INSERT INTO `act_hi_identitylink` VALUES ('13', null, 'starter', 'chengxy', null, '11');
INSERT INTO `act_hi_identitylink` VALUES ('18', 'deptLeader', 'candidate', null, '17', null);
INSERT INTO `act_hi_identitylink` VALUES ('21', null, 'starter', 'chengxy', null, '19');
INSERT INTO `act_hi_identitylink` VALUES ('39', null, 'participant', 'rensm', null, '19');
INSERT INTO `act_hi_identitylink` VALUES ('42', null, 'participant', 'axianlu', null, '19');

-- ----------------------------
-- Table structure for act_hi_procinst
-- ----------------------------
DROP TABLE IF EXISTS `act_hi_procinst`;
CREATE TABLE `act_hi_procinst` (
  `ID_` varchar(64) COLLATE utf8_bin NOT NULL,
  `PROC_INST_ID_` varchar(64) COLLATE utf8_bin NOT NULL,
  `BUSINESS_KEY_` varchar(255) COLLATE utf8_bin DEFAULT NULL,
  `PROC_DEF_ID_` varchar(64) COLLATE utf8_bin NOT NULL,
  `START_TIME_` datetime NOT NULL,
  `END_TIME_` datetime DEFAULT NULL,
  `DURATION_` bigint(20) DEFAULT NULL,
  `START_USER_ID_` varchar(255) COLLATE utf8_bin DEFAULT NULL,
  `START_ACT_ID_` varchar(255) COLLATE utf8_bin DEFAULT NULL,
  `END_ACT_ID_` varchar(255) COLLATE utf8_bin DEFAULT NULL,
  `SUPER_PROCESS_INSTANCE_ID_` varchar(64) COLLATE utf8_bin DEFAULT NULL,
  `DELETE_REASON_` varchar(4000) COLLATE utf8_bin DEFAULT NULL,
  `TENANT_ID_` varchar(255) COLLATE utf8_bin DEFAULT '',
  `NAME_` varchar(255) COLLATE utf8_bin DEFAULT NULL,
  PRIMARY KEY (`ID_`),
  UNIQUE KEY `PROC_INST_ID_` (`PROC_INST_ID_`),
  KEY `ACT_IDX_HI_PRO_INST_END` (`END_TIME_`),
  KEY `ACT_IDX_HI_PRO_I_BUSKEY` (`BUSINESS_KEY_`)
) ENGINE=InnoDB DEFAULT CHARSET=utf8 COLLATE=utf8_bin;

-- ----------------------------
-- Records of act_hi_procinst
-- ----------------------------
INSERT INTO `act_hi_procinst` VALUES ('11', '11', '42', 'leave:1:4', '2019-11-10 19:02:28', null, null, 'chengxy', 'startevent1', null, null, null, '', null);
INSERT INTO `act_hi_procinst` VALUES ('19', '19', '43', 'leave-countersign:1:8', '2019-11-10 19:03:38', null, null, 'chengxy', 'startevent1', null, null, null, '', null);

-- ----------------------------
-- Table structure for act_hi_taskinst
-- ----------------------------
DROP TABLE IF EXISTS `act_hi_taskinst`;
CREATE TABLE `act_hi_taskinst` (
  `ID_` varchar(64) COLLATE utf8_bin NOT NULL,
  `PROC_DEF_ID_` varchar(64) COLLATE utf8_bin DEFAULT NULL,
  `TASK_DEF_KEY_` varchar(255) COLLATE utf8_bin DEFAULT NULL,
  `PROC_INST_ID_` varchar(64) COLLATE utf8_bin DEFAULT NULL,
  `EXECUTION_ID_` varchar(64) COLLATE utf8_bin DEFAULT NULL,
  `NAME_` varchar(255) COLLATE utf8_bin DEFAULT NULL,
  `PARENT_TASK_ID_` varchar(64) COLLATE utf8_bin DEFAULT NULL,
  `DESCRIPTION_` varchar(4000) COLLATE utf8_bin DEFAULT NULL,
  `OWNER_` varchar(255) COLLATE utf8_bin DEFAULT NULL,
  `ASSIGNEE_` varchar(255) COLLATE utf8_bin DEFAULT NULL,
  `START_TIME_` datetime NOT NULL,
  `CLAIM_TIME_` datetime DEFAULT NULL,
  `END_TIME_` datetime DEFAULT NULL,
  `DURATION_` bigint(20) DEFAULT NULL,
  `DELETE_REASON_` varchar(4000) COLLATE utf8_bin DEFAULT NULL,
  `PRIORITY_` int(11) DEFAULT NULL,
  `DUE_DATE_` datetime DEFAULT NULL,
  `FORM_KEY_` varchar(255) COLLATE utf8_bin DEFAULT NULL,
  `CATEGORY_` varchar(255) COLLATE utf8_bin DEFAULT NULL,
  `TENANT_ID_` varchar(255) COLLATE utf8_bin DEFAULT '',
  PRIMARY KEY (`ID_`),
  KEY `ACT_IDX_HI_TASK_INST_PROCINST` (`PROC_INST_ID_`)
) ENGINE=InnoDB DEFAULT CHARSET=utf8 COLLATE=utf8_bin;

-- ----------------------------
-- Records of act_hi_taskinst
-- ----------------------------
INSERT INTO `act_hi_taskinst` VALUES ('10004', 'leave-countersign:1:8', 'modifyApply', '19', '25', '', null, null, null, 'chengxy', '2019-11-10 19:32:29', '2019-11-10 19:33:22', '2019-11-10 19:33:22', '53242', null, '50', null, null, null, '');
INSERT INTO `act_hi_taskinst` VALUES ('10013', 'leave-countersign:1:8', 'countersign', '19', '10006', '[/]', null, null, null, 'rensm', '2019-11-10 19:33:22', '2019-11-10 19:35:01', '2019-11-10 19:35:01', '99998', null, '50', null, null, null, '');
INSERT INTO `act_hi_taskinst` VALUES ('10015', 'leave-countersign:1:8', 'countersign', '19', '10007', '[/]', null, null, null, 'axianlu', '2019-11-10 19:33:22', '2019-11-10 19:34:15', '2019-11-10 19:34:15', '53049', null, '50', null, null, null, '');
INSERT INTO `act_hi_taskinst` VALUES ('10020', 'leave-countersign:1:8', 'modifyApply', '19', '25', '', null, null, null, 'chengxy', '2019-11-10 19:35:02', null, null, null, null, '50', null, null, null, '');
INSERT INTO `act_hi_taskinst` VALUES ('12506', 'leave:1:4', 'hrVerify', '11', '14', '', null, null, null, null, '2019-11-10 20:25:07', null, null, null, null, '50', null, null, null, '');
INSERT INTO `act_hi_taskinst` VALUES ('17', 'leave:1:4', 'deptLeaderVerify', '11', '14', '', null, null, null, 'axianlu', '2019-11-10 19:02:28', '2019-11-10 20:25:07', '2019-11-10 20:25:07', '4959236', null, '50', null, null, null, '');
INSERT INTO `act_hi_taskinst` VALUES ('2507', 'leave-countersign:1:8', 'modifyApply', '19', '25', '', null, null, null, 'chengxy', '2019-11-10 19:20:37', '2019-11-10 19:23:31', '2019-11-10 19:23:31', '174430', null, '50', null, null, null, '');
INSERT INTO `act_hi_taskinst` VALUES ('38', 'leave-countersign:1:8', 'countersign', '19', '31', '[/]', null, null, null, 'rensm', '2019-11-10 19:03:38', '2019-11-10 19:20:37', '2019-11-10 19:20:37', '1019533', null, '50', null, null, null, '');
INSERT INTO `act_hi_taskinst` VALUES ('41', 'leave-countersign:1:8', 'countersign', '19', '32', '[/]', null, null, null, 'axianlu', '2019-11-10 19:03:38', '2019-11-10 19:15:09', '2019-11-10 19:15:09', '691244', null, '50', null, null, null, '');
INSERT INTO `act_hi_taskinst` VALUES ('5010', 'leave-countersign:1:8', 'countersign', '19', '5003', '[/]', null, null, null, 'rensm', '2019-11-10 19:23:31', '2019-11-10 19:25:03', '2019-11-10 19:25:03', '92314', null, '50', null, null, null, '');
INSERT INTO `act_hi_taskinst` VALUES ('5012', 'leave-countersign:1:8', 'countersign', '19', '5004', '[/]', null, null, null, 'axianlu', '2019-11-10 19:23:31', '2019-11-10 19:32:29', '2019-11-10 19:32:29', '538383', null, '50', null, null, null, '');

-- ----------------------------
-- Table structure for act_hi_varinst
-- ----------------------------
DROP TABLE IF EXISTS `act_hi_varinst`;
CREATE TABLE `act_hi_varinst` (
  `ID_` varchar(64) COLLATE utf8_bin NOT NULL,
  `PROC_INST_ID_` varchar(64) COLLATE utf8_bin DEFAULT NULL,
  `EXECUTION_ID_` varchar(64) COLLATE utf8_bin DEFAULT NULL,
  `TASK_ID_` varchar(64) COLLATE utf8_bin DEFAULT NULL,
  `NAME_` varchar(255) COLLATE utf8_bin NOT NULL,
  `VAR_TYPE_` varchar(100) COLLATE utf8_bin DEFAULT NULL,
  `REV_` int(11) DEFAULT NULL,
  `BYTEARRAY_ID_` varchar(64) COLLATE utf8_bin DEFAULT NULL,
  `DOUBLE_` double DEFAULT NULL,
  `LONG_` bigint(20) DEFAULT NULL,
  `TEXT_` varchar(4000) COLLATE utf8_bin DEFAULT NULL,
  `TEXT2_` varchar(4000) COLLATE utf8_bin DEFAULT NULL,
  `CREATE_TIME_` datetime DEFAULT NULL,
  `LAST_UPDATED_TIME_` datetime DEFAULT NULL,
  PRIMARY KEY (`ID_`),
  KEY `ACT_IDX_HI_PROCVAR_PROC_INST` (`PROC_INST_ID_`),
  KEY `ACT_IDX_HI_PROCVAR_NAME_TYPE` (`NAME_`,`VAR_TYPE_`),
  KEY `ACT_IDX_HI_PROCVAR_TASK_ID` (`TASK_ID_`)
) ENGINE=InnoDB DEFAULT CHARSET=utf8 COLLATE=utf8_bin;

-- ----------------------------
-- Records of act_hi_varinst
-- ----------------------------
INSERT INTO `act_hi_varinst` VALUES ('10008', '19', '10006', null, 'loopCounter', 'integer', '0', null, null, '0', '0', null, '2019-11-10 19:33:22', '2019-11-10 19:33:22');
INSERT INTO `act_hi_varinst` VALUES ('10009', '19', '10006', null, 'user', 'string', '0', null, null, null, 'rensm', null, '2019-11-10 19:33:22', '2019-11-10 19:33:22');
INSERT INTO `act_hi_varinst` VALUES ('10010', '19', '10007', null, 'loopCounter', 'integer', '0', null, null, '1', '1', null, '2019-11-10 19:33:22', '2019-11-10 19:33:22');
INSERT INTO `act_hi_varinst` VALUES ('10011', '19', '10007', null, 'user', 'string', '0', null, null, null, 'axianlu', null, '2019-11-10 19:33:22', '2019-11-10 19:33:22');
INSERT INTO `act_hi_varinst` VALUES ('12', '11', '11', null, 'applyUserId', 'string', '0', null, null, null, 'chengxy', null, '2019-11-10 19:02:28', '2019-11-10 19:02:28');
INSERT INTO `act_hi_varinst` VALUES ('12502', '11', '11', null, 'comment', 'string', '0', null, null, null, '', null, '2019-11-10 20:25:07', '2019-11-10 20:25:07');
INSERT INTO `act_hi_varinst` VALUES ('12503', '11', '11', null, 'deptLeaderApproved', 'boolean', '0', null, null, '1', null, null, '2019-11-10 20:25:07', '2019-11-10 20:25:07');
INSERT INTO `act_hi_varinst` VALUES ('20', '19', '19', null, 'applyUserId', 'string', '0', null, null, null, 'chengxy', null, '2019-11-10 19:03:38', '2019-11-10 19:03:38');
INSERT INTO `act_hi_varinst` VALUES ('23', '19', '19', null, 'users', 'serializable', '0', '24', null, null, null, null, '2019-11-10 19:03:38', '2019-11-10 19:03:38');
INSERT INTO `act_hi_varinst` VALUES ('2502', '19', '19', null, 'approved', 'boolean', '5', null, null, '0', null, null, '2019-11-10 19:15:09', '2019-11-10 19:35:01');
INSERT INTO `act_hi_varinst` VALUES ('2503', '19', '19', null, 'comment', 'string', '5', null, null, null, '222', null, '2019-11-10 19:15:09', '2019-11-10 19:35:01');
INSERT INTO `act_hi_varinst` VALUES ('27', '19', '19', null, 'approvedCounter', 'long', '2', null, null, '0', '0', null, '2019-11-10 19:03:38', '2019-11-10 19:33:22');
INSERT INTO `act_hi_varinst` VALUES ('28', '19', '25', null, 'nrOfInstances', 'integer', '2', null, null, '2', '2', null, '2019-11-10 19:03:38', '2019-11-10 19:33:22');
INSERT INTO `act_hi_varinst` VALUES ('29', '19', '25', null, 'nrOfCompletedInstances', 'integer', '8', null, null, '2', '2', null, '2019-11-10 19:03:38', '2019-11-10 19:35:02');
INSERT INTO `act_hi_varinst` VALUES ('30', '19', '25', null, 'nrOfActiveInstances', 'integer', '8', null, null, '0', '0', null, '2019-11-10 19:03:38', '2019-11-10 19:35:02');
INSERT INTO `act_hi_varinst` VALUES ('33', '19', '31', null, 'loopCounter', 'integer', '0', null, null, '0', '0', null, '2019-11-10 19:03:38', '2019-11-10 19:03:38');
INSERT INTO `act_hi_varinst` VALUES ('34', '19', '31', null, 'user', 'string', '0', null, null, null, 'rensm', null, '2019-11-10 19:03:38', '2019-11-10 19:03:38');
INSERT INTO `act_hi_varinst` VALUES ('35', '19', '32', null, 'loopCounter', 'integer', '0', null, null, '1', '1', null, '2019-11-10 19:03:38', '2019-11-10 19:03:38');
INSERT INTO `act_hi_varinst` VALUES ('36', '19', '32', null, 'user', 'string', '0', null, null, null, 'axianlu', null, '2019-11-10 19:03:38', '2019-11-10 19:03:38');
INSERT INTO `act_hi_varinst` VALUES ('5001', '19', '19', null, 'reApply', 'boolean', '1', null, null, '1', null, null, '2019-11-10 19:23:31', '2019-11-10 19:33:22');
INSERT INTO `act_hi_varinst` VALUES ('5005', '19', '5003', null, 'loopCounter', 'integer', '0', null, null, '0', '0', null, '2019-11-10 19:23:31', '2019-11-10 19:23:31');
INSERT INTO `act_hi_varinst` VALUES ('5006', '19', '5003', null, 'user', 'string', '0', null, null, null, 'rensm', null, '2019-11-10 19:23:31', '2019-11-10 19:23:31');
INSERT INTO `act_hi_varinst` VALUES ('5007', '19', '5004', null, 'loopCounter', 'integer', '0', null, null, '1', '1', null, '2019-11-10 19:23:31', '2019-11-10 19:23:31');
INSERT INTO `act_hi_varinst` VALUES ('5008', '19', '5004', null, 'user', 'string', '0', null, null, null, 'axianlu', null, '2019-11-10 19:23:31', '2019-11-10 19:23:31');

-- ----------------------------
-- Table structure for act_id_group
-- ----------------------------
DROP TABLE IF EXISTS `act_id_group`;
CREATE TABLE `act_id_group` (
  `ID_` varchar(64) COLLATE utf8_bin NOT NULL DEFAULT '',
  `REV_` int(11) DEFAULT NULL,
  `NAME_` varchar(255) COLLATE utf8_bin DEFAULT NULL,
  `TYPE_` varchar(255) COLLATE utf8_bin DEFAULT NULL,
  PRIMARY KEY (`ID_`)
) ENGINE=InnoDB DEFAULT CHARSET=utf8 COLLATE=utf8_bin;

-- ----------------------------
-- Records of act_id_group
-- ----------------------------
INSERT INTO `act_id_group` VALUES ('deptLeader', null, '', null);
INSERT INTO `act_id_group` VALUES ('hr', null, '', null);

-- ----------------------------
-- Table structure for act_id_info
-- ----------------------------
DROP TABLE IF EXISTS `act_id_info`;
CREATE TABLE `act_id_info` (
  `ID_` varchar(64) COLLATE utf8_bin NOT NULL DEFAULT '',
  `REV_` int(11) DEFAULT NULL,
  `USER_ID_` varchar(64) COLLATE utf8_bin DEFAULT NULL,
  `TYPE_` varchar(64) COLLATE utf8_bin DEFAULT NULL,
  `KEY_` varchar(255) COLLATE utf8_bin DEFAULT NULL,
  `VALUE_` varchar(255) COLLATE utf8_bin DEFAULT NULL,
  `PASSWORD_` longblob,
  `PARENT_ID_` varchar(255) COLLATE utf8_bin DEFAULT NULL,
  PRIMARY KEY (`ID_`)
) ENGINE=InnoDB DEFAULT CHARSET=utf8 COLLATE=utf8_bin;

-- ----------------------------
-- Records of act_id_info
-- ----------------------------

-- ----------------------------
-- Table structure for act_id_membership
-- ----------------------------
DROP TABLE IF EXISTS `act_id_membership`;
CREATE TABLE `act_id_membership` (
  `USER_ID_` varchar(64) COLLATE utf8_bin NOT NULL DEFAULT '',
  `GROUP_ID_` varchar(64) COLLATE utf8_bin NOT NULL DEFAULT '',
  PRIMARY KEY (`USER_ID_`,`GROUP_ID_`),
  KEY `ACT_FK_MEMB_GROUP` (`GROUP_ID_`),
  CONSTRAINT `ACT_FK_MEMB_USER` FOREIGN KEY (`USER_ID_`) REFERENCES `act_id_user` (`ID_`),
  CONSTRAINT `ACT_FK_MEMB_GROUP` FOREIGN KEY (`GROUP_ID_`) REFERENCES `act_id_group` (`ID_`)
) ENGINE=InnoDB DEFAULT CHARSET=utf8 COLLATE=utf8_bin;

-- ----------------------------
-- Records of act_id_membership
-- ----------------------------
INSERT INTO `act_id_membership` VALUES ('axianlu', 'deptLeader');
INSERT INTO `act_id_membership` VALUES ('rensm', 'hr');

-- ----------------------------
-- Table structure for act_id_user
-- ----------------------------
DROP TABLE IF EXISTS `act_id_user`;
CREATE TABLE `act_id_user` (
  `ID_` varchar(64) COLLATE utf8_bin NOT NULL DEFAULT '',
  `REV_` int(11) DEFAULT NULL,
  `FIRST_` varchar(255) COLLATE utf8_bin DEFAULT NULL,
  `LAST_` varchar(255) COLLATE utf8_bin DEFAULT NULL,
  `EMAIL_` varchar(255) COLLATE utf8_bin DEFAULT NULL,
  `PWD_` varchar(255) COLLATE utf8_bin DEFAULT NULL,
  `PICTURE_ID_` varchar(64) COLLATE utf8_bin DEFAULT NULL,
  PRIMARY KEY (`ID_`)
) ENGINE=InnoDB DEFAULT CHARSET=utf8 COLLATE=utf8_bin;

-- ----------------------------
-- Records of act_id_user
-- ----------------------------
INSERT INTO `act_id_user` VALUES ('axianlu', null, '', null, null, null, null);
INSERT INTO `act_id_user` VALUES ('chengxy', null, '', null, null, null, null);
INSERT INTO `act_id_user` VALUES ('rensm', null, '', null, null, null, null);

-- ----------------------------
-- Table structure for act_procdef_info
-- ----------------------------
DROP TABLE IF EXISTS `act_procdef_info`;
CREATE TABLE `act_procdef_info` (
  `ID_` varchar(64) COLLATE utf8_bin NOT NULL,
  `PROC_DEF_ID_` varchar(64) COLLATE utf8_bin NOT NULL,
  `REV_` int(11) DEFAULT NULL,
  `INFO_JSON_ID_` varchar(64) COLLATE utf8_bin DEFAULT NULL,
  PRIMARY KEY (`ID_`),
  UNIQUE KEY `ACT_UNIQ_INFO_PROCDEF` (`PROC_DEF_ID_`),
  KEY `ACT_IDX_INFO_PROCDEF` (`PROC_DEF_ID_`),
  KEY `ACT_FK_INFO_JSON_BA` (`INFO_JSON_ID_`),
  CONSTRAINT `ACT_FK_INFO_PROCDEF` FOREIGN KEY (`PROC_DEF_ID_`) REFERENCES `act_re_procdef` (`ID_`),
  CONSTRAINT `ACT_FK_INFO_JSON_BA` FOREIGN KEY (`INFO_JSON_ID_`) REFERENCES `act_ge_bytearray` (`ID_`)
) ENGINE=InnoDB DEFAULT CHARSET=utf8 COLLATE=utf8_bin;

-- ----------------------------
-- Records of act_procdef_info
-- ----------------------------

-- ----------------------------
-- Table structure for act_re_deployment
-- ----------------------------
DROP TABLE IF EXISTS `act_re_deployment`;
CREATE TABLE `act_re_deployment` (
  `ID_` varchar(64) COLLATE utf8_bin NOT NULL DEFAULT '',
  `NAME_` varchar(255) COLLATE utf8_bin DEFAULT NULL,
  `CATEGORY_` varchar(255) COLLATE utf8_bin DEFAULT NULL,
  `KEY_` varchar(255) COLLATE utf8_bin DEFAULT NULL,
  `TENANT_ID_` varchar(255) COLLATE utf8_bin DEFAULT '',
  `DEPLOY_TIME_` timestamp NULL DEFAULT NULL,
  `ENGINE_VERSION_` varchar(255) COLLATE utf8_bin DEFAULT NULL,
  PRIMARY KEY (`ID_`)
) ENGINE=InnoDB DEFAULT CHARSET=utf8 COLLATE=utf8_bin;

-- ----------------------------
-- Records of act_re_deployment
-- ----------------------------
INSERT INTO `act_re_deployment` VALUES ('1', null, null, null, '', '2019-11-10 18:58:33', null);
INSERT INTO `act_re_deployment` VALUES ('5', null, null, null, '', '2019-11-10 18:58:37', null);

-- ----------------------------
-- Table structure for act_re_model
-- ----------------------------
DROP TABLE IF EXISTS `act_re_model`;
CREATE TABLE `act_re_model` (
  `ID_` varchar(64) COLLATE utf8_bin NOT NULL,
  `REV_` int(11) DEFAULT NULL,
  `NAME_` varchar(255) COLLATE utf8_bin DEFAULT NULL,
  `KEY_` varchar(255) COLLATE utf8_bin DEFAULT NULL,
  `CATEGORY_` varchar(255) COLLATE utf8_bin DEFAULT NULL,
  `CREATE_TIME_` timestamp NULL DEFAULT NULL,
  `LAST_UPDATE_TIME_` timestamp NULL DEFAULT NULL,
  `VERSION_` int(11) DEFAULT NULL,
  `META_INFO_` varchar(4000) COLLATE utf8_bin DEFAULT NULL,
  `DEPLOYMENT_ID_` varchar(64) COLLATE utf8_bin DEFAULT NULL,
  `EDITOR_SOURCE_VALUE_ID_` varchar(64) COLLATE utf8_bin DEFAULT NULL,
  `EDITOR_SOURCE_EXTRA_VALUE_ID_` varchar(64) COLLATE utf8_bin DEFAULT NULL,
  `TENANT_ID_` varchar(255) COLLATE utf8_bin DEFAULT '',
  PRIMARY KEY (`ID_`),
  KEY `ACT_FK_MODEL_SOURCE` (`EDITOR_SOURCE_VALUE_ID_`),
  KEY `ACT_FK_MODEL_SOURCE_EXTRA` (`EDITOR_SOURCE_EXTRA_VALUE_ID_`),
  KEY `ACT_FK_MODEL_DEPLOYMENT` (`DEPLOYMENT_ID_`),
  CONSTRAINT `ACT_FK_MODEL_DEPLOYMENT` FOREIGN KEY (`DEPLOYMENT_ID_`) REFERENCES `act_re_deployment` (`ID_`),
  CONSTRAINT `ACT_FK_MODEL_SOURCE` FOREIGN KEY (`EDITOR_SOURCE_VALUE_ID_`) REFERENCES `act_ge_bytearray` (`ID_`),
  CONSTRAINT `ACT_FK_MODEL_SOURCE_EXTRA` FOREIGN KEY (`EDITOR_SOURCE_EXTRA_VALUE_ID_`) REFERENCES `act_ge_bytearray` (`ID_`)
) ENGINE=InnoDB DEFAULT CHARSET=utf8 COLLATE=utf8_bin;

-- ----------------------------
-- Records of act_re_model
-- ----------------------------

-- ----------------------------
-- Table structure for act_re_procdef
-- ----------------------------
DROP TABLE IF EXISTS `act_re_procdef`;
CREATE TABLE `act_re_procdef` (
  `ID_` varchar(64) COLLATE utf8_bin NOT NULL,
  `REV_` int(11) DEFAULT NULL,
  `CATEGORY_` varchar(255) COLLATE utf8_bin DEFAULT NULL,
  `NAME_` varchar(255) COLLATE utf8_bin DEFAULT NULL,
  `KEY_` varchar(255) COLLATE utf8_bin NOT NULL,
  `VERSION_` int(11) NOT NULL,
  `DEPLOYMENT_ID_` varchar(64) COLLATE utf8_bin DEFAULT NULL,
  `RESOURCE_NAME_` varchar(4000) COLLATE utf8_bin DEFAULT NULL,
  `DGRM_RESOURCE_NAME_` varchar(4000) COLLATE utf8_bin DEFAULT NULL,
  `DESCRIPTION_` varchar(4000) COLLATE utf8_bin DEFAULT NULL,
  `HAS_START_FORM_KEY_` tinyint(4) DEFAULT NULL,
  `HAS_GRAPHICAL_NOTATION_` tinyint(4) DEFAULT NULL,
  `SUSPENSION_STATE_` int(11) DEFAULT NULL,
  `TENANT_ID_` varchar(255) COLLATE utf8_bin DEFAULT '',
  `ENGINE_VERSION_` varchar(255) COLLATE utf8_bin DEFAULT NULL,
  PRIMARY KEY (`ID_`),
  UNIQUE KEY `ACT_UNIQ_PROCDEF` (`KEY_`,`VERSION_`,`TENANT_ID_`)
) ENGINE=InnoDB DEFAULT CHARSET=utf8 COLLATE=utf8_bin;

-- ----------------------------
-- Records of act_re_procdef
-- ----------------------------
INSERT INTO `act_re_procdef` VALUES ('leave-countersign:1:8', '1', 'http://www.activiti.org/test', '-', 'leave-countersign', '1', '5', 'C:/ruoyi/uploadPath/processDefiniton/2019/11/10/e607daa383631026e471dc8444ae5fbd.bpmn', 'C:/ruoyi/uploadPath/processDefiniton/2019/11/10/e607daa383631026e471dc8444ae5fbd.leave-countersign.png', '-', '0', '1', '1', '', null);
INSERT INTO `act_re_procdef` VALUES ('leave:1:4', '1', 'http://www.kafeitu.me/activiti/leave', '-', 'leave', '1', '1', 'C:/ruoyi/uploadPath/processDefiniton/2019/11/10/6889138be4f5201082e653fe9baf4f69.bpmn', 'C:/ruoyi/uploadPath/processDefiniton/2019/11/10/6889138be4f5201082e653fe9baf4f69.leave.png', '', '0', '1', '1', '', null);

-- ----------------------------
-- Table structure for act_ru_deadletter_job
-- ----------------------------
DROP TABLE IF EXISTS `act_ru_deadletter_job`;
CREATE TABLE `act_ru_deadletter_job` (
  `ID_` varchar(64) COLLATE utf8_bin NOT NULL,
  `REV_` int(11) DEFAULT NULL,
  `TYPE_` varchar(255) COLLATE utf8_bin NOT NULL,
  `EXCLUSIVE_` tinyint(1) DEFAULT NULL,
  `EXECUTION_ID_` varchar(64) COLLATE utf8_bin DEFAULT NULL,
  `PROCESS_INSTANCE_ID_` varchar(64) COLLATE utf8_bin DEFAULT NULL,
  `PROC_DEF_ID_` varchar(64) COLLATE utf8_bin DEFAULT NULL,
  `EXCEPTION_STACK_ID_` varchar(64) COLLATE utf8_bin DEFAULT NULL,
  `EXCEPTION_MSG_` varchar(4000) COLLATE utf8_bin DEFAULT NULL,
  `DUEDATE_` timestamp NULL DEFAULT NULL,
  `REPEAT_` varchar(255) COLLATE utf8_bin DEFAULT NULL,
  `HANDLER_TYPE_` varchar(255) COLLATE utf8_bin DEFAULT NULL,
  `HANDLER_CFG_` varchar(4000) COLLATE utf8_bin DEFAULT NULL,
  `TENANT_ID_` varchar(255) COLLATE utf8_bin DEFAULT '',
  PRIMARY KEY (`ID_`),
  KEY `ACT_FK_DEADLETTER_JOB_EXECUTION` (`EXECUTION_ID_`),
  KEY `ACT_FK_DEADLETTER_JOB_PROCESS_INSTANCE` (`PROCESS_INSTANCE_ID_`),
  KEY `ACT_FK_DEADLETTER_JOB_PROC_DEF` (`PROC_DEF_ID_`),
  KEY `ACT_FK_DEADLETTER_JOB_EXCEPTION` (`EXCEPTION_STACK_ID_`),
  CONSTRAINT `ACT_FK_DEADLETTER_JOB_EXCEPTION` FOREIGN KEY (`EXCEPTION_STACK_ID_`) REFERENCES `act_ge_bytearray` (`ID_`),
  CONSTRAINT `ACT_FK_DEADLETTER_JOB_EXECUTION` FOREIGN KEY (`EXECUTION_ID_`) REFERENCES `act_ru_execution` (`ID_`),
  CONSTRAINT `ACT_FK_DEADLETTER_JOB_PROCESS_INSTANCE` FOREIGN KEY (`PROCESS_INSTANCE_ID_`) REFERENCES `act_ru_execution` (`ID_`),
  CONSTRAINT `ACT_FK_DEADLETTER_JOB_PROC_DEF` FOREIGN KEY (`PROC_DEF_ID_`) REFERENCES `act_re_procdef` (`ID_`)
) ENGINE=InnoDB DEFAULT CHARSET=utf8 COLLATE=utf8_bin;

-- ----------------------------
-- Records of act_ru_deadletter_job
-- ----------------------------

-- ----------------------------
-- Table structure for act_ru_event_subscr
-- ----------------------------
DROP TABLE IF EXISTS `act_ru_event_subscr`;
CREATE TABLE `act_ru_event_subscr` (
  `ID_` varchar(64) COLLATE utf8_bin NOT NULL,
  `REV_` int(11) DEFAULT NULL,
  `EVENT_TYPE_` varchar(255) COLLATE utf8_bin NOT NULL,
  `EVENT_NAME_` varchar(255) COLLATE utf8_bin DEFAULT NULL,
  `EXECUTION_ID_` varchar(64) COLLATE utf8_bin DEFAULT NULL,
  `PROC_INST_ID_` varchar(64) COLLATE utf8_bin DEFAULT NULL,
  `ACTIVITY_ID_` varchar(64) COLLATE utf8_bin DEFAULT NULL,
  `CONFIGURATION_` varchar(255) COLLATE utf8_bin DEFAULT NULL,
  `CREATED_` timestamp NOT NULL DEFAULT CURRENT_TIMESTAMP,
  `PROC_DEF_ID_` varchar(64) COLLATE utf8_bin DEFAULT NULL,
  `TENANT_ID_` varchar(255) COLLATE utf8_bin DEFAULT '',
  PRIMARY KEY (`ID_`),
  KEY `ACT_IDX_EVENT_SUBSCR_CONFIG_` (`CONFIGURATION_`),
  KEY `ACT_FK_EVENT_EXEC` (`EXECUTION_ID_`),
  CONSTRAINT `ACT_FK_EVENT_EXEC` FOREIGN KEY (`EXECUTION_ID_`) REFERENCES `act_ru_execution` (`ID_`)
) ENGINE=InnoDB DEFAULT CHARSET=utf8 COLLATE=utf8_bin;

-- ----------------------------
-- Records of act_ru_event_subscr
-- ----------------------------

-- ----------------------------
-- Table structure for act_ru_execution
-- ----------------------------
DROP TABLE IF EXISTS `act_ru_execution`;
CREATE TABLE `act_ru_execution` (
  `ID_` varchar(64) COLLATE utf8_bin NOT NULL DEFAULT '',
  `REV_` int(11) DEFAULT NULL,
  `PROC_INST_ID_` varchar(64) COLLATE utf8_bin DEFAULT NULL,
  `BUSINESS_KEY_` varchar(255) COLLATE utf8_bin DEFAULT NULL,
  `PARENT_ID_` varchar(64) COLLATE utf8_bin DEFAULT NULL,
  `PROC_DEF_ID_` varchar(64) COLLATE utf8_bin DEFAULT NULL,
  `SUPER_EXEC_` varchar(64) COLLATE utf8_bin DEFAULT NULL,
  `ROOT_PROC_INST_ID_` varchar(64) COLLATE utf8_bin DEFAULT NULL,
  `ACT_ID_` varchar(255) COLLATE utf8_bin DEFAULT NULL,
  `IS_ACTIVE_` tinyint(4) DEFAULT NULL,
  `IS_CONCURRENT_` tinyint(4) DEFAULT NULL,
  `IS_SCOPE_` tinyint(4) DEFAULT NULL,
  `IS_EVENT_SCOPE_` tinyint(4) DEFAULT NULL,
  `IS_MI_ROOT_` tinyint(4) DEFAULT NULL,
  `SUSPENSION_STATE_` int(11) DEFAULT NULL,
  `CACHED_ENT_STATE_` int(11) DEFAULT NULL,
  `TENANT_ID_` varchar(255) COLLATE utf8_bin DEFAULT '',
  `NAME_` varchar(255) COLLATE utf8_bin DEFAULT NULL,
  `START_TIME_` datetime DEFAULT NULL,
  `START_USER_ID_` varchar(255) COLLATE utf8_bin DEFAULT NULL,
  `LOCK_TIME_` timestamp NULL DEFAULT NULL,
  `IS_COUNT_ENABLED_` tinyint(4) DEFAULT NULL,
  `EVT_SUBSCR_COUNT_` int(11) DEFAULT NULL,
  `TASK_COUNT_` int(11) DEFAULT NULL,
  `JOB_COUNT_` int(11) DEFAULT NULL,
  `TIMER_JOB_COUNT_` int(11) DEFAULT NULL,
  `SUSP_JOB_COUNT_` int(11) DEFAULT NULL,
  `DEADLETTER_JOB_COUNT_` int(11) DEFAULT NULL,
  `VAR_COUNT_` int(11) DEFAULT NULL,
  `ID_LINK_COUNT_` int(11) DEFAULT NULL,
  PRIMARY KEY (`ID_`),
  KEY `ACT_IDX_EXEC_BUSKEY` (`BUSINESS_KEY_`),
  KEY `ACT_IDC_EXEC_ROOT` (`ROOT_PROC_INST_ID_`),
  KEY `ACT_FK_EXE_PROCINST` (`PROC_INST_ID_`),
  KEY `ACT_FK_EXE_PARENT` (`PARENT_ID_`),
  KEY `ACT_FK_EXE_SUPER` (`SUPER_EXEC_`),
  KEY `ACT_FK_EXE_PROCDEF` (`PROC_DEF_ID_`),
  CONSTRAINT `ACT_FK_EXE_PROCDEF` FOREIGN KEY (`PROC_DEF_ID_`) REFERENCES `act_re_procdef` (`ID_`),
  CONSTRAINT `ACT_FK_EXE_PARENT` FOREIGN KEY (`PARENT_ID_`) REFERENCES `act_ru_execution` (`ID_`) ON DELETE CASCADE,
  CONSTRAINT `ACT_FK_EXE_PROCINST` FOREIGN KEY (`PROC_INST_ID_`) REFERENCES `act_ru_execution` (`ID_`) ON DELETE CASCADE ON UPDATE CASCADE,
  CONSTRAINT `ACT_FK_EXE_SUPER` FOREIGN KEY (`SUPER_EXEC_`) REFERENCES `act_ru_execution` (`ID_`) ON DELETE CASCADE
) ENGINE=InnoDB DEFAULT CHARSET=utf8 COLLATE=utf8_bin;

-- ----------------------------
-- Records of act_ru_execution
-- ----------------------------
INSERT INTO `act_ru_execution` VALUES ('11', '1', '11', '42', null, 'leave:1:4', null, '11', null, '1', '0', '1', '0', '0', '1', null, '', null, '2019-11-10 19:02:28', 'chengxy', null, '0', '0', '0', '0', '0', '0', '0', '0', '0');
INSERT INTO `act_ru_execution` VALUES ('14', '2', '11', null, '11', 'leave:1:4', null, '11', 'hrVerify', '1', '0', '0', '0', '0', '1', null, '', null, '2019-11-10 19:02:28', null, null, '0', '0', '0', '0', '0', '0', '0', '0', '0');
INSERT INTO `act_ru_execution` VALUES ('19', '7', '19', '43', null, 'leave-countersign:1:8', null, '19', null, '1', '0', '1', '0', '0', '1', null, '', null, '2019-11-10 19:03:38', 'chengxy', null, '0', '0', '0', '0', '0', '0', '0', '0', '0');
INSERT INTO `act_ru_execution` VALUES ('25', '6', '19', null, '19', 'leave-countersign:1:8', null, '19', 'modifyApply', '1', '0', '0', '0', '0', '1', null, '', null, '2019-11-10 19:03:38', null, null, '0', '0', '0', '0', '0', '0', '0', '0', '0');

-- ----------------------------
-- Table structure for act_ru_identitylink
-- ----------------------------
DROP TABLE IF EXISTS `act_ru_identitylink`;
CREATE TABLE `act_ru_identitylink` (
  `ID_` varchar(64) COLLATE utf8_bin NOT NULL DEFAULT '',
  `REV_` int(11) DEFAULT NULL,
  `GROUP_ID_` varchar(255) COLLATE utf8_bin DEFAULT NULL,
  `TYPE_` varchar(255) COLLATE utf8_bin DEFAULT NULL,
  `USER_ID_` varchar(255) COLLATE utf8_bin DEFAULT NULL,
  `TASK_ID_` varchar(64) COLLATE utf8_bin DEFAULT NULL,
  `PROC_INST_ID_` varchar(64) COLLATE utf8_bin DEFAULT NULL,
  `PROC_DEF_ID_` varchar(64) COLLATE utf8_bin DEFAULT NULL,
  PRIMARY KEY (`ID_`),
  KEY `ACT_IDX_IDENT_LNK_USER` (`USER_ID_`),
  KEY `ACT_IDX_IDENT_LNK_GROUP` (`GROUP_ID_`),
  KEY `ACT_IDX_ATHRZ_PROCEDEF` (`PROC_DEF_ID_`),
  KEY `ACT_FK_TSKASS_TASK` (`TASK_ID_`),
  KEY `ACT_FK_IDL_PROCINST` (`PROC_INST_ID_`),
  CONSTRAINT `ACT_FK_IDL_PROCINST` FOREIGN KEY (`PROC_INST_ID_`) REFERENCES `act_ru_execution` (`ID_`),
  CONSTRAINT `ACT_FK_ATHRZ_PROCEDEF` FOREIGN KEY (`PROC_DEF_ID_`) REFERENCES `act_re_procdef` (`ID_`),
  CONSTRAINT `ACT_FK_TSKASS_TASK` FOREIGN KEY (`TASK_ID_`) REFERENCES `act_ru_task` (`ID_`)
) ENGINE=InnoDB DEFAULT CHARSET=utf8 COLLATE=utf8_bin;

-- ----------------------------
-- Records of act_ru_identitylink
-- ----------------------------
INSERT INTO `act_ru_identitylink` VALUES ('12501', '1', null, 'participant', 'axianlu', null, '11', null);
INSERT INTO `act_ru_identitylink` VALUES ('12507', '1', 'hr', 'candidate', null, '12506', null, null);
INSERT INTO `act_ru_identitylink` VALUES ('13', '1', null, 'starter', 'chengxy', null, '11', null);
INSERT INTO `act_ru_identitylink` VALUES ('21', '1', null, 'starter', 'chengxy', null, '19', null);
INSERT INTO `act_ru_identitylink` VALUES ('39', '1', null, 'participant', 'rensm', null, '19', null);
INSERT INTO `act_ru_identitylink` VALUES ('42', '1', null, 'participant', 'axianlu', null, '19', null);

-- ----------------------------
-- Table structure for act_ru_job
-- ----------------------------
DROP TABLE IF EXISTS `act_ru_job`;
CREATE TABLE `act_ru_job` (
  `ID_` varchar(64) COLLATE utf8_bin NOT NULL,
  `REV_` int(11) DEFAULT NULL,
  `TYPE_` varchar(255) COLLATE utf8_bin NOT NULL,
  `LOCK_EXP_TIME_` timestamp NULL DEFAULT NULL,
  `LOCK_OWNER_` varchar(255) COLLATE utf8_bin DEFAULT NULL,
  `EXCLUSIVE_` tinyint(1) DEFAULT NULL,
  `EXECUTION_ID_` varchar(64) COLLATE utf8_bin DEFAULT NULL,
  `PROCESS_INSTANCE_ID_` varchar(64) COLLATE utf8_bin DEFAULT NULL,
  `PROC_DEF_ID_` varchar(64) COLLATE utf8_bin DEFAULT NULL,
  `RETRIES_` int(11) DEFAULT NULL,
  `EXCEPTION_STACK_ID_` varchar(64) COLLATE utf8_bin DEFAULT NULL,
  `EXCEPTION_MSG_` varchar(4000) COLLATE utf8_bin DEFAULT NULL,
  `DUEDATE_` timestamp NULL DEFAULT NULL,
  `REPEAT_` varchar(255) COLLATE utf8_bin DEFAULT NULL,
  `HANDLER_TYPE_` varchar(255) COLLATE utf8_bin DEFAULT NULL,
  `HANDLER_CFG_` varchar(4000) COLLATE utf8_bin DEFAULT NULL,
  `TENANT_ID_` varchar(255) COLLATE utf8_bin DEFAULT '',
  PRIMARY KEY (`ID_`),
  KEY `ACT_FK_JOB_EXECUTION` (`EXECUTION_ID_`),
  KEY `ACT_FK_JOB_PROCESS_INSTANCE` (`PROCESS_INSTANCE_ID_`),
  KEY `ACT_FK_JOB_PROC_DEF` (`PROC_DEF_ID_`),
  KEY `ACT_FK_JOB_EXCEPTION` (`EXCEPTION_STACK_ID_`),
  CONSTRAINT `ACT_FK_JOB_EXCEPTION` FOREIGN KEY (`EXCEPTION_STACK_ID_`) REFERENCES `act_ge_bytearray` (`ID_`),
  CONSTRAINT `ACT_FK_JOB_EXECUTION` FOREIGN KEY (`EXECUTION_ID_`) REFERENCES `act_ru_execution` (`ID_`),
  CONSTRAINT `ACT_FK_JOB_PROCESS_INSTANCE` FOREIGN KEY (`PROCESS_INSTANCE_ID_`) REFERENCES `act_ru_execution` (`ID_`),
  CONSTRAINT `ACT_FK_JOB_PROC_DEF` FOREIGN KEY (`PROC_DEF_ID_`) REFERENCES `act_re_procdef` (`ID_`)
) ENGINE=InnoDB DEFAULT CHARSET=utf8 COLLATE=utf8_bin;

-- ----------------------------
-- Records of act_ru_job
-- ----------------------------

-- ----------------------------
-- Table structure for act_ru_suspended_job
-- ----------------------------
DROP TABLE IF EXISTS `act_ru_suspended_job`;
CREATE TABLE `act_ru_suspended_job` (
  `ID_` varchar(64) COLLATE utf8_bin NOT NULL,
  `REV_` int(11) DEFAULT NULL,
  `TYPE_` varchar(255) COLLATE utf8_bin NOT NULL,
  `EXCLUSIVE_` tinyint(1) DEFAULT NULL,
  `EXECUTION_ID_` varchar(64) COLLATE utf8_bin DEFAULT NULL,
  `PROCESS_INSTANCE_ID_` varchar(64) COLLATE utf8_bin DEFAULT NULL,
  `PROC_DEF_ID_` varchar(64) COLLATE utf8_bin DEFAULT NULL,
  `RETRIES_` int(11) DEFAULT NULL,
  `EXCEPTION_STACK_ID_` varchar(64) COLLATE utf8_bin DEFAULT NULL,
  `EXCEPTION_MSG_` varchar(4000) COLLATE utf8_bin DEFAULT NULL,
  `DUEDATE_` timestamp NULL DEFAULT NULL,
  `REPEAT_` varchar(255) COLLATE utf8_bin DEFAULT NULL,
  `HANDLER_TYPE_` varchar(255) COLLATE utf8_bin DEFAULT NULL,
  `HANDLER_CFG_` varchar(4000) COLLATE utf8_bin DEFAULT NULL,
  `TENANT_ID_` varchar(255) COLLATE utf8_bin DEFAULT '',
  PRIMARY KEY (`ID_`),
  KEY `ACT_FK_SUSPENDED_JOB_EXECUTION` (`EXECUTION_ID_`),
  KEY `ACT_FK_SUSPENDED_JOB_PROCESS_INSTANCE` (`PROCESS_INSTANCE_ID_`),
  KEY `ACT_FK_SUSPENDED_JOB_PROC_DEF` (`PROC_DEF_ID_`),
  KEY `ACT_FK_SUSPENDED_JOB_EXCEPTION` (`EXCEPTION_STACK_ID_`),
  CONSTRAINT `ACT_FK_SUSPENDED_JOB_EXCEPTION` FOREIGN KEY (`EXCEPTION_STACK_ID_`) REFERENCES `act_ge_bytearray` (`ID_`),
  CONSTRAINT `ACT_FK_SUSPENDED_JOB_EXECUTION` FOREIGN KEY (`EXECUTION_ID_`) REFERENCES `act_ru_execution` (`ID_`),
  CONSTRAINT `ACT_FK_SUSPENDED_JOB_PROCESS_INSTANCE` FOREIGN KEY (`PROCESS_INSTANCE_ID_`) REFERENCES `act_ru_execution` (`ID_`),
  CONSTRAINT `ACT_FK_SUSPENDED_JOB_PROC_DEF` FOREIGN KEY (`PROC_DEF_ID_`) REFERENCES `act_re_procdef` (`ID_`)
) ENGINE=InnoDB DEFAULT CHARSET=utf8 COLLATE=utf8_bin;

-- ----------------------------
-- Records of act_ru_suspended_job
-- ----------------------------

-- ----------------------------
-- Table structure for act_ru_task
-- ----------------------------
DROP TABLE IF EXISTS `act_ru_task`;
CREATE TABLE `act_ru_task` (
  `ID_` varchar(64) COLLATE utf8_bin NOT NULL DEFAULT '',
  `REV_` int(11) DEFAULT NULL,
  `EXECUTION_ID_` varchar(64) COLLATE utf8_bin DEFAULT NULL,
  `PROC_INST_ID_` varchar(64) COLLATE utf8_bin DEFAULT NULL,
  `PROC_DEF_ID_` varchar(64) COLLATE utf8_bin DEFAULT NULL,
  `NAME_` varchar(255) COLLATE utf8_bin DEFAULT NULL,
  `PARENT_TASK_ID_` varchar(64) COLLATE utf8_bin DEFAULT NULL,
  `DESCRIPTION_` varchar(4000) COLLATE utf8_bin DEFAULT NULL,
  `TASK_DEF_KEY_` varchar(255) COLLATE utf8_bin DEFAULT NULL,
  `OWNER_` varchar(255) COLLATE utf8_bin DEFAULT NULL,
  `ASSIGNEE_` varchar(255) COLLATE utf8_bin DEFAULT NULL,
  `DELEGATION_` varchar(64) COLLATE utf8_bin DEFAULT NULL,
  `PRIORITY_` int(11) DEFAULT NULL,
  `CREATE_TIME_` timestamp NULL DEFAULT NULL,
  `DUE_DATE_` datetime DEFAULT NULL,
  `CATEGORY_` varchar(255) COLLATE utf8_bin DEFAULT NULL,
  `SUSPENSION_STATE_` int(11) DEFAULT NULL,
  `TENANT_ID_` varchar(255) COLLATE utf8_bin DEFAULT '',
  `FORM_KEY_` varchar(255) COLLATE utf8_bin DEFAULT NULL,
  `CLAIM_TIME_` datetime DEFAULT NULL,
  PRIMARY KEY (`ID_`),
  KEY `ACT_IDX_TASK_CREATE` (`CREATE_TIME_`),
  KEY `ACT_FK_TASK_EXE` (`EXECUTION_ID_`),
  KEY `ACT_FK_TASK_PROCINST` (`PROC_INST_ID_`),
  KEY `ACT_FK_TASK_PROCDEF` (`PROC_DEF_ID_`),
  CONSTRAINT `ACT_FK_TASK_PROCDEF` FOREIGN KEY (`PROC_DEF_ID_`) REFERENCES `act_re_procdef` (`ID_`),
  CONSTRAINT `ACT_FK_TASK_EXE` FOREIGN KEY (`EXECUTION_ID_`) REFERENCES `act_ru_execution` (`ID_`),
  CONSTRAINT `ACT_FK_TASK_PROCINST` FOREIGN KEY (`PROC_INST_ID_`) REFERENCES `act_ru_execution` (`ID_`)
) ENGINE=InnoDB DEFAULT CHARSET=utf8 COLLATE=utf8_bin;

-- ----------------------------
-- Records of act_ru_task
-- ----------------------------
INSERT INTO `act_ru_task` VALUES ('10020', '1', '25', '19', 'leave-countersign:1:8', '', null, null, 'modifyApply', null, 'chengxy', null, '50', '2019-11-10 19:35:02', null, null, '1', '', null, null);
INSERT INTO `act_ru_task` VALUES ('12506', '1', '14', '11', 'leave:1:4', '', null, null, 'hrVerify', null, null, null, '50', '2019-11-10 20:25:07', null, null, '1', '', null, null);

-- ----------------------------
-- Table structure for act_ru_timer_job
-- ----------------------------
DROP TABLE IF EXISTS `act_ru_timer_job`;
CREATE TABLE `act_ru_timer_job` (
  `ID_` varchar(64) COLLATE utf8_bin NOT NULL,
  `REV_` int(11) DEFAULT NULL,
  `TYPE_` varchar(255) COLLATE utf8_bin NOT NULL,
  `LOCK_EXP_TIME_` timestamp NULL DEFAULT NULL,
  `LOCK_OWNER_` varchar(255) COLLATE utf8_bin DEFAULT NULL,
  `EXCLUSIVE_` tinyint(1) DEFAULT NULL,
  `EXECUTION_ID_` varchar(64) COLLATE utf8_bin DEFAULT NULL,
  `PROCESS_INSTANCE_ID_` varchar(64) COLLATE utf8_bin DEFAULT NULL,
  `PROC_DEF_ID_` varchar(64) COLLATE utf8_bin DEFAULT NULL,
  `RETRIES_` int(11) DEFAULT NULL,
  `EXCEPTION_STACK_ID_` varchar(64) COLLATE utf8_bin DEFAULT NULL,
  `EXCEPTION_MSG_` varchar(4000) COLLATE utf8_bin DEFAULT NULL,
  `DUEDATE_` timestamp NULL DEFAULT NULL,
  `REPEAT_` varchar(255) COLLATE utf8_bin DEFAULT NULL,
  `HANDLER_TYPE_` varchar(255) COLLATE utf8_bin DEFAULT NULL,
  `HANDLER_CFG_` varchar(4000) COLLATE utf8_bin DEFAULT NULL,
  `TENANT_ID_` varchar(255) COLLATE utf8_bin DEFAULT '',
  PRIMARY KEY (`ID_`),
  KEY `ACT_FK_TIMER_JOB_EXECUTION` (`EXECUTION_ID_`),
  KEY `ACT_FK_TIMER_JOB_PROCESS_INSTANCE` (`PROCESS_INSTANCE_ID_`),
  KEY `ACT_FK_TIMER_JOB_PROC_DEF` (`PROC_DEF_ID_`),
  KEY `ACT_FK_TIMER_JOB_EXCEPTION` (`EXCEPTION_STACK_ID_`),
  CONSTRAINT `ACT_FK_TIMER_JOB_EXCEPTION` FOREIGN KEY (`EXCEPTION_STACK_ID_`) REFERENCES `act_ge_bytearray` (`ID_`),
  CONSTRAINT `ACT_FK_TIMER_JOB_EXECUTION` FOREIGN KEY (`EXECUTION_ID_`) REFERENCES `act_ru_execution` (`ID_`),
  CONSTRAINT `ACT_FK_TIMER_JOB_PROCESS_INSTANCE` FOREIGN KEY (`PROCESS_INSTANCE_ID_`) REFERENCES `act_ru_execution` (`ID_`),
  CONSTRAINT `ACT_FK_TIMER_JOB_PROC_DEF` FOREIGN KEY (`PROC_DEF_ID_`) REFERENCES `act_re_procdef` (`ID_`)
) ENGINE=InnoDB DEFAULT CHARSET=utf8 COLLATE=utf8_bin;

-- ----------------------------
-- Records of act_ru_timer_job
-- ----------------------------

-- ----------------------------
-- Table structure for act_ru_variable
-- ----------------------------
DROP TABLE IF EXISTS `act_ru_variable`;
CREATE TABLE `act_ru_variable` (
  `ID_` varchar(64) COLLATE utf8_bin NOT NULL,
  `REV_` int(11) DEFAULT NULL,
  `TYPE_` varchar(255) COLLATE utf8_bin NOT NULL,
  `NAME_` varchar(255) COLLATE utf8_bin NOT NULL,
  `EXECUTION_ID_` varchar(64) COLLATE utf8_bin DEFAULT NULL,
  `PROC_INST_ID_` varchar(64) COLLATE utf8_bin DEFAULT NULL,
  `TASK_ID_` varchar(64) COLLATE utf8_bin DEFAULT NULL,
  `BYTEARRAY_ID_` varchar(64) COLLATE utf8_bin DEFAULT NULL,
  `DOUBLE_` double DEFAULT NULL,
  `LONG_` bigint(20) DEFAULT NULL,
  `TEXT_` varchar(4000) COLLATE utf8_bin DEFAULT NULL,
  `TEXT2_` varchar(4000) COLLATE utf8_bin DEFAULT NULL,
  PRIMARY KEY (`ID_`),
  KEY `ACT_IDX_VARIABLE_TASK_ID` (`TASK_ID_`),
  KEY `ACT_FK_VAR_EXE` (`EXECUTION_ID_`),
  KEY `ACT_FK_VAR_PROCINST` (`PROC_INST_ID_`),
  KEY `ACT_FK_VAR_BYTEARRAY` (`BYTEARRAY_ID_`),
  CONSTRAINT `ACT_FK_VAR_BYTEARRAY` FOREIGN KEY (`BYTEARRAY_ID_`) REFERENCES `act_ge_bytearray` (`ID_`),
  CONSTRAINT `ACT_FK_VAR_EXE` FOREIGN KEY (`EXECUTION_ID_`) REFERENCES `act_ru_execution` (`ID_`),
  CONSTRAINT `ACT_FK_VAR_PROCINST` FOREIGN KEY (`PROC_INST_ID_`) REFERENCES `act_ru_execution` (`ID_`)
) ENGINE=InnoDB DEFAULT CHARSET=utf8 COLLATE=utf8_bin;

-- ----------------------------
-- Records of act_ru_variable
-- ----------------------------
INSERT INTO `act_ru_variable` VALUES ('12', '1', 'string', 'applyUserId', '11', '11', null, null, null, null, 'chengxy', null);
INSERT INTO `act_ru_variable` VALUES ('12502', '1', 'string', 'comment', '11', '11', null, null, null, null, '', null);
INSERT INTO `act_ru_variable` VALUES ('12503', '1', 'boolean', 'deptLeaderApproved', '11', '11', null, null, null, '1', null, null);
INSERT INTO `act_ru_variable` VALUES ('20', '1', 'string', 'applyUserId', '19', '19', null, null, null, null, 'chengxy', null);
INSERT INTO `act_ru_variable` VALUES ('23', '1', 'serializable', 'users', '19', '19', null, '22', null, null, null, null);
INSERT INTO `act_ru_variable` VALUES ('2502', '1', 'boolean', 'approved', '19', '19', null, null, null, '0', null, null);
INSERT INTO `act_ru_variable` VALUES ('2503', '6', 'string', 'comment', '19', '19', null, null, null, null, '222', null);
INSERT INTO `act_ru_variable` VALUES ('27', '1', 'long', 'approvedCounter', '19', '19', null, null, null, '0', '0', null);
INSERT INTO `act_ru_variable` VALUES ('28', '1', 'integer', 'nrOfInstances', '25', '19', null, null, null, '2', '2', null);
INSERT INTO `act_ru_variable` VALUES ('29', '9', 'integer', 'nrOfCompletedInstances', '25', '19', null, null, null, '2', '2', null);
INSERT INTO `act_ru_variable` VALUES ('30', '9', 'integer', 'nrOfActiveInstances', '25', '19', null, null, null, '0', '0', null);
INSERT INTO `act_ru_variable` VALUES ('5001', '1', 'boolean', 'reApply', '19', '19', null, null, null, '1', null, null);

-- ----------------------------
-- Table structure for biz_leave
-- ----------------------------
DROP TABLE IF EXISTS `biz_leave`;
CREATE TABLE `biz_leave` (
  `id` bigint(20) NOT NULL AUTO_INCREMENT COMMENT 'ID',
  `type` char(1) DEFAULT NULL COMMENT '',
  `title` varchar(100) DEFAULT NULL COMMENT '',
  `reason` varchar(500) DEFAULT NULL COMMENT '',
  `start_time` datetime DEFAULT NULL COMMENT '',
  `end_time` datetime DEFAULT NULL COMMENT '',
  `total_time` bigint(11) DEFAULT NULL COMMENT '',
  `instance_id` varchar(32) DEFAULT NULL COMMENT 'ID',
  `create_by` varchar(64) DEFAULT '' COMMENT '',
  `create_time` datetime DEFAULT NULL COMMENT '',
  `update_by` varchar(64) DEFAULT '' COMMENT '',
  `update_time` datetime DEFAULT NULL COMMENT '',
  `apply_user` varchar(64) DEFAULT NULL COMMENT '',
  `apply_time` datetime DEFAULT NULL COMMENT '',
  `reality_start_time` datetime DEFAULT NULL COMMENT '',
  `reality_end_time` datetime DEFAULT NULL COMMENT '',
  PRIMARY KEY (`id`)
) ENGINE=InnoDB AUTO_INCREMENT=44 DEFAULT CHARSET=utf8;

-- ----------------------------
-- Records of biz_leave
-- ----------------------------
INSERT INTO `biz_leave` VALUES ('42', '0', '', '', '2019-11-11 00:00:00', '2019-11-20 15:30:00', '833400', '11', 'chengxy', '2019-11-10 19:01:25', 'chengxy', null, 'chengxy', '2019-11-10 19:02:28', null, null);
INSERT INTO `biz_leave` VALUES ('43', '1', '', '', '2019-11-13 06:30:00', '2019-11-21 06:30:00', '691200', '19', 'chengxy', '2019-11-10 19:02:11', 'chengxy', null, 'chengxy', '2019-11-10 19:03:00', null, null);

-- ----------------------------
-- Table structure for biz_todo_item
-- ----------------------------
DROP TABLE IF EXISTS `biz_todo_item`;
CREATE TABLE `biz_todo_item` (
  `id` bigint(20) NOT NULL AUTO_INCREMENT COMMENT ' ID',
  `item_name` varchar(100) DEFAULT NULL COMMENT '',
  `item_content` varchar(500) DEFAULT NULL COMMENT '',
  `module` varchar(50) DEFAULT NULL COMMENT ' ( uri )',
  `task_id` varchar(64) DEFAULT NULL COMMENT ' ID',
  `task_name` varchar(50) DEFAULT NULL COMMENT ' ()',
  `node_name` varchar(50) DEFAULT NULL COMMENT '',
  `is_view` char(1) DEFAULT '0' COMMENT ' default 0 (0  1 )',
  `is_handle` char(1) DEFAULT '0' COMMENT ' default 0 (0  1 )',
  `todo_user_id` varchar(20) DEFAULT NULL COMMENT ' ID',
  `todo_user_name` varchar(30) DEFAULT NULL COMMENT '',
  `handle_user_id` varchar(20) DEFAULT NULL COMMENT ' ID',
  `handle_user_name` varchar(30) DEFAULT NULL COMMENT '',
  `todo_time` datetime DEFAULT NULL COMMENT '',
  `handle_time` datetime DEFAULT NULL COMMENT '',
  PRIMARY KEY (`id`)
) ENGINE=InnoDB AUTO_INCREMENT=28 DEFAULT CHARSET=utf8 COMMENT='';

-- ----------------------------
-- Records of biz_todo_item
-- ----------------------------
INSERT INTO `biz_todo_item` VALUES ('17', '', '', 'leave', '17', 'taskDeptLeaderVerify', '', '1', '1', 'axianlu', '', 'axianlu', '', '2019-11-10 19:02:28', '2019-11-10 20:25:07');
INSERT INTO `biz_todo_item` VALUES ('18', '', '', 'leaveCounterSign', '38', 'taskCountersign', '[/]', '1', '1', 'rensm', '', 'rensm', '', '2019-11-10 19:15:09', '2019-11-10 19:20:37');
INSERT INTO `biz_todo_item` VALUES ('19', '', '', 'leaveCounterSign', '2507', 'taskModifyApply', '', '1', '1', 'chengxy', '', 'chengxy', '', '2019-11-10 19:20:37', '2019-11-10 19:23:31');
INSERT INTO `biz_todo_item` VALUES ('20', '', '', 'leaveCounterSign', '5010', 'taskCountersign', '[/]', '1', '1', 'rensm', '', 'rensm', '', '2019-11-10 19:23:31', '2019-11-10 19:25:03');
INSERT INTO `biz_todo_item` VALUES ('21', '', '', 'leaveCounterSign', '5012', 'taskCountersign', '[/]', '1', '1', 'axianlu', '', 'axianlu', '', '2019-11-10 19:23:31', '2019-11-10 19:32:29');
INSERT INTO `biz_todo_item` VALUES ('23', '', '', 'leaveCounterSign', '10004', 'taskModifyApply', '', '1', '1', 'chengxy', '', 'chengxy', '', '2019-11-10 19:32:29', '2019-11-10 19:33:22');
INSERT INTO `biz_todo_item` VALUES ('24', '', '', 'leaveCounterSign', '10013', 'taskCountersign', '[/]', '1', '1', 'rensm', '', 'rensm', '', '2019-11-10 19:33:22', '2019-11-10 19:35:02');
INSERT INTO `biz_todo_item` VALUES ('25', '', '', 'leaveCounterSign', '10015', 'taskCountersign', '[/]', '1', '1', 'axianlu', '', 'axianlu', '', '2019-11-10 19:33:22', '2019-11-10 19:34:15');
INSERT INTO `biz_todo_item` VALUES ('26', '', '', 'leaveCounterSign', '10020', 'taskModifyApply', '', '0', '0', 'chengxy', '', null, null, '2019-11-10 19:35:02', null);
INSERT INTO `biz_todo_item` VALUES ('27', '', '', 'leave', '12506', 'taskHrVerify', '', '0', '0', 'rensm', '', null, null, '2019-11-10 20:25:07', null);

-- ----------------------------
-- Table structure for gen_table
-- ----------------------------
DROP TABLE IF EXISTS `gen_table`;
CREATE TABLE `gen_table` (
  `table_id` bigint(20) NOT NULL AUTO_INCREMENT COMMENT '',
  `table_name` varchar(200) DEFAULT '' COMMENT '',
  `table_comment` varchar(500) DEFAULT '' COMMENT '',
  `class_name` varchar(100) DEFAULT '' COMMENT '',
  `tpl_category` varchar(200) DEFAULT 'crud' COMMENT 'crud tree',
  `package_name` varchar(100) DEFAULT NULL COMMENT '',
  `module_name` varchar(30) DEFAULT NULL COMMENT '',
  `business_name` varchar(30) DEFAULT NULL COMMENT '',
  `function_name` varchar(50) DEFAULT NULL COMMENT '',
  `function_author` varchar(50) DEFAULT NULL COMMENT '',
  `options` varchar(1000) DEFAULT NULL COMMENT '',
  `create_by` varchar(64) DEFAULT '' COMMENT '',
  `create_time` datetime DEFAULT NULL COMMENT '',
  `update_by` varchar(64) DEFAULT '' COMMENT '',
  `update_time` datetime DEFAULT NULL COMMENT '',
  `remark` varchar(500) DEFAULT NULL COMMENT '',
  PRIMARY KEY (`table_id`)
) ENGINE=InnoDB AUTO_INCREMENT=7 DEFAULT CHARSET=utf8 COMMENT='';

-- ----------------------------
-- Records of gen_table
-- ----------------------------
INSERT INTO `gen_table` VALUES ('1', 'act_id_user', '', 'ActIdUser', 'crud', 'com.ruoyi.process.user', 'process', 'user', '', 'Xianlu Tech', '{\"treeName\":\"\",\"treeParentCode\":\"\",\"treeCode\":\"\"}', 'admin', '2019-10-02 16:30:37', '', '2019-10-02 17:03:14', '');
INSERT INTO `gen_table` VALUES ('2', 'act_id_group', '', 'ActIdGroup', 'crud', 'com.ruoyi.process.group', 'process', 'group', '', 'Xianlu Tech', '{\"treeName\":\"\",\"treeParentCode\":\"\",\"treeCode\":\"\"}', 'admin', '2019-10-02 16:33:09', '', '2019-10-02 17:04:30', '');
INSERT INTO `gen_table` VALUES ('3', 'act_id_info', '', 'ActIdInfo', 'crud', 'com.ruoyi.process.user', 'process', 'info', '', 'Xianlu Tech', '{\"treeName\":\"\",\"treeParentCode\":\"\",\"treeCode\":\"\"}', 'admin', '2019-10-02 17:04:50', '', '2019-10-02 17:08:36', '');
INSERT INTO `gen_table` VALUES ('4', 'act_re_procdef', '', 'ActReProcdef', 'crud', 'com.ruoyi.process', 'process', 'procdef', null, 'Xianlu Tech', null, 'admin', '2019-10-04 17:58:21', '', null, null);
INSERT INTO `gen_table` VALUES ('5', 'biz_leave', '', 'BizLeave', 'crud', 'com.ruoyi.process.leave', 'process', 'leave', '', 'Xianlu Tech', '{\"treeName\":\"\",\"treeParentCode\":\"\",\"treeCode\":\"\"}', 'admin', '2019-10-11 21:01:40', '', '2019-10-11 21:08:16', '');
INSERT INTO `gen_table` VALUES ('6', 'biz_todo_item', '', 'BizTodoItem', 'crud', 'com.ruoyi.process.todoitem', 'process', 'todoitem', '', 'Xianlu Tech', '{\"treeName\":\"\",\"treeParentCode\":\"\",\"treeCode\":\"\"}', 'admin', '2019-11-08 11:48:18', '', '2019-11-08 11:49:40', '');

-- ----------------------------
-- Table structure for gen_table_column
-- ----------------------------
DROP TABLE IF EXISTS `gen_table_column`;
CREATE TABLE `gen_table_column` (
  `column_id` bigint(20) NOT NULL AUTO_INCREMENT COMMENT '',
  `table_id` varchar(64) DEFAULT NULL COMMENT '',
  `column_name` varchar(200) DEFAULT NULL COMMENT '',
  `column_comment` varchar(500) DEFAULT NULL COMMENT '',
  `column_type` varchar(100) DEFAULT NULL COMMENT '',
  `java_type` varchar(500) DEFAULT NULL COMMENT 'JAVA',
  `java_field` varchar(200) DEFAULT NULL COMMENT 'JAVA',
  `is_pk` char(1) DEFAULT NULL COMMENT '1',
  `is_increment` char(1) DEFAULT NULL COMMENT '1',
  `is_required` char(1) DEFAULT NULL COMMENT '1',
  `is_insert` char(1) DEFAULT NULL COMMENT '1',
  `is_edit` char(1) DEFAULT NULL COMMENT '1',
  `is_list` char(1) DEFAULT NULL COMMENT '1',
  `is_query` char(1) DEFAULT NULL COMMENT '1',
  `query_type` varchar(200) DEFAULT 'EQ' COMMENT '',
  `html_type` varchar(200) DEFAULT NULL COMMENT '',
  `dict_type` varchar(200) DEFAULT '' COMMENT '',
  `sort` int(11) DEFAULT NULL COMMENT '',
  `create_by` varchar(64) DEFAULT '' COMMENT '',
  `create_time` datetime DEFAULT NULL COMMENT '',
  `update_by` varchar(64) DEFAULT '' COMMENT '',
  `update_time` datetime DEFAULT NULL COMMENT '',
  PRIMARY KEY (`column_id`)
) ENGINE=InnoDB AUTO_INCREMENT=61 DEFAULT CHARSET=utf8 COMMENT='';

-- ----------------------------
-- Records of gen_table_column
-- ----------------------------
INSERT INTO `gen_table_column` VALUES ('1', '1', 'ID_', 'ID', 'varchar(64)', 'String', 'id', '1', '0', null, '1', null, null, null, 'EQ', 'input', '', '1', 'admin', '2019-10-02 16:30:37', null, '2019-10-02 17:03:14');
INSERT INTO `gen_table_column` VALUES ('2', '1', 'REV_', '', 'int(11)', 'Long', 'rev', '0', '0', null, '1', '1', '1', '1', 'EQ', 'input', '', '2', 'admin', '2019-10-02 16:30:37', null, '2019-10-02 17:03:14');
INSERT INTO `gen_table_column` VALUES ('3', '1', 'FIRST_', '', 'varchar(255)', 'String', 'first', '0', '0', null, '1', '1', '1', '1', 'LIKE', 'input', '', '3', 'admin', '2019-10-02 16:30:37', null, '2019-10-02 17:03:14');
INSERT INTO `gen_table_column` VALUES ('4', '1', 'LAST_', '', 'varchar(255)', 'String', 'last', '0', '0', null, '1', '1', '1', '1', 'EQ', 'input', '', '4', 'admin', '2019-10-02 16:30:37', null, '2019-10-02 17:03:14');
INSERT INTO `gen_table_column` VALUES ('5', '1', 'EMAIL_', '', 'varchar(255)', 'String', 'email', '0', '0', null, '1', '1', '1', '1', 'LIKE', 'input', '', '5', 'admin', '2019-10-02 16:30:37', null, '2019-10-02 17:03:14');
INSERT INTO `gen_table_column` VALUES ('6', '1', 'PWD_', '', 'varchar(255)', 'String', 'pwd', '0', '0', null, '1', '1', null, null, 'EQ', 'input', '', '6', 'admin', '2019-10-02 16:30:37', null, '2019-10-02 17:03:14');
INSERT INTO `gen_table_column` VALUES ('7', '1', 'PICTURE_ID_', '', 'varchar(64)', 'String', 'pictureId', '0', '0', null, '1', '1', '1', null, 'EQ', 'input', '', '7', 'admin', '2019-10-02 16:30:37', null, '2019-10-02 17:03:14');
INSERT INTO `gen_table_column` VALUES ('8', '2', 'ID_', 'ID', 'varchar(64)', 'String', 'id', '1', '0', null, '1', null, null, null, 'EQ', 'input', '', '1', 'admin', '2019-10-02 16:33:09', null, '2019-10-02 17:04:30');
INSERT INTO `gen_table_column` VALUES ('9', '2', 'REV_', '', 'int(11)', 'Long', 'rev', '0', '0', null, '1', '1', '1', '1', 'EQ', 'input', '', '2', 'admin', '2019-10-02 16:33:09', null, '2019-10-02 17:04:30');
INSERT INTO `gen_table_column` VALUES ('10', '2', 'NAME_', '', 'varchar(255)', 'String', 'name', '0', '0', null, '1', '1', '1', '1', 'LIKE', 'input', '', '3', 'admin', '2019-10-02 16:33:09', null, '2019-10-02 17:04:30');
INSERT INTO `gen_table_column` VALUES ('11', '2', 'TYPE_', '', 'varchar(255)', 'String', 'type', '0', '0', null, '1', '1', '1', '1', 'EQ', 'input', '', '4', 'admin', '2019-10-02 16:33:09', null, '2019-10-02 17:04:30');
INSERT INTO `gen_table_column` VALUES ('12', '3', 'ID_', 'ID', 'varchar(64)', 'String', 'id', '1', '0', null, '1', null, null, null, 'EQ', 'input', '', '1', 'admin', '2019-10-02 17:04:50', null, '2019-10-02 17:08:36');
INSERT INTO `gen_table_column` VALUES ('13', '3', 'REV_', '', 'int(11)', 'Long', 'rev', '0', '0', null, '1', '1', '1', '1', 'EQ', 'input', '', '2', 'admin', '2019-10-02 17:04:50', null, '2019-10-02 17:08:36');
INSERT INTO `gen_table_column` VALUES ('14', '3', 'USER_ID_', 'ID', 'varchar(64)', 'String', 'userId', '0', '0', null, '1', '1', '1', '1', 'LIKE', 'input', '', '3', 'admin', '2019-10-02 17:04:50', null, '2019-10-02 17:08:36');
INSERT INTO `gen_table_column` VALUES ('15', '3', 'TYPE_', '', 'varchar(64)', 'String', 'type', '0', '0', null, '1', '1', '1', '1', 'EQ', 'input', '', '4', 'admin', '2019-10-02 17:04:50', null, '2019-10-02 17:08:36');
INSERT INTO `gen_table_column` VALUES ('16', '3', 'KEY_', '', 'varchar(255)', 'String', 'key', '0', '0', null, '1', '1', '1', '1', 'EQ', 'input', '', '5', 'admin', '2019-10-02 17:04:50', null, '2019-10-02 17:08:36');
INSERT INTO `gen_table_column` VALUES ('17', '3', 'VALUE_', '', 'varchar(255)', 'String', 'value', '0', '0', null, '1', '1', '1', '1', 'EQ', 'input', '', '6', 'admin', '2019-10-02 17:04:50', null, '2019-10-02 17:08:36');
INSERT INTO `gen_table_column` VALUES ('18', '3', 'PASSWORD_', '', 'longblob', 'Long', 'password', '0', '0', null, '1', '1', null, null, 'EQ', 'input', '', '7', 'admin', '2019-10-02 17:04:50', null, '2019-10-02 17:08:36');
INSERT INTO `gen_table_column` VALUES ('19', '3', 'PARENT_ID_', 'ID', 'varchar(255)', 'String', 'parentId', '0', '0', null, '1', '1', '1', '1', 'EQ', 'input', '', '8', 'admin', '2019-10-02 17:04:50', null, '2019-10-02 17:08:36');
INSERT INTO `gen_table_column` VALUES ('20', '4', 'ID_', null, 'varchar(64)', 'String', 'id', '1', '0', null, '1', null, null, null, 'EQ', 'input', '', '1', 'admin', '2019-10-04 17:58:21', '', null);
INSERT INTO `gen_table_column` VALUES ('21', '4', 'REV_', null, 'int(11)', 'Long', 'rev', '0', '0', null, '1', '1', '1', '1', 'EQ', 'input', '', '2', 'admin', '2019-10-04 17:58:21', '', null);
INSERT INTO `gen_table_column` VALUES ('22', '4', 'CATEGORY_', null, 'varchar(255)', 'String', 'category', '0', '0', null, '1', '1', '1', '1', 'EQ', 'input', '', '3', 'admin', '2019-10-04 17:58:21', '', null);
INSERT INTO `gen_table_column` VALUES ('23', '4', 'NAME_', null, 'varchar(255)', 'String', 'name', '0', '0', null, '1', '1', '1', '1', 'EQ', 'input', '', '4', 'admin', '2019-10-04 17:58:21', '', null);
INSERT INTO `gen_table_column` VALUES ('24', '4', 'KEY_', null, 'varchar(255)', 'String', 'key', '0', '0', '1', '1', '1', '1', '1', 'EQ', 'input', '', '5', 'admin', '2019-10-04 17:58:21', '', null);
INSERT INTO `gen_table_column` VALUES ('25', '4', 'VERSION_', null, 'int(11)', 'Long', 'version', '0', '0', '1', '1', '1', '1', '1', 'EQ', 'input', '', '6', 'admin', '2019-10-04 17:58:21', '', null);
INSERT INTO `gen_table_column` VALUES ('26', '4', 'DEPLOYMENT_ID_', null, 'varchar(64)', 'String', 'deploymentId', '0', '0', null, '1', '1', '1', '1', 'EQ', 'input', '', '7', 'admin', '2019-10-04 17:58:21', '', null);
INSERT INTO `gen_table_column` VALUES ('27', '4', 'RESOURCE_NAME_', null, 'varchar(4000)', 'String', 'resourceName', '0', '0', null, '1', '1', '1', '1', 'EQ', 'textarea', '', '8', 'admin', '2019-10-04 17:58:21', '', null);
INSERT INTO `gen_table_column` VALUES ('28', '4', 'DGRM_RESOURCE_NAME_', null, 'varchar(4000)', 'String', 'dgrmResourceName', '0', '0', null, '1', '1', '1', '1', 'EQ', 'textarea', '', '9', 'admin', '2019-10-04 17:58:21', '', null);
INSERT INTO `gen_table_column` VALUES ('29', '4', 'DESCRIPTION_', null, 'varchar(4000)', 'String', 'description', '0', '0', null, '1', '1', '1', '1', 'EQ', 'textarea', '', '10', 'admin', '2019-10-04 17:58:21', '', null);
INSERT INTO `gen_table_column` VALUES ('30', '4', 'HAS_START_FORM_KEY_', null, 'tinyint(4)', 'Integer', 'hasStartFormKey', '0', '0', null, '1', '1', '1', '1', 'EQ', 'input', '', '11', 'admin', '2019-10-04 17:58:21', '', null);
INSERT INTO `gen_table_column` VALUES ('31', '4', 'HAS_GRAPHICAL_NOTATION_', null, 'tinyint(4)', 'Integer', 'hasGraphicalNotation', '0', '0', null, '1', '1', '1', '1', 'EQ', 'input', '', '12', 'admin', '2019-10-04 17:58:21', '', null);
INSERT INTO `gen_table_column` VALUES ('32', '4', 'SUSPENSION_STATE_', null, 'int(11)', 'Long', 'suspensionState', '0', '0', null, '1', '1', '1', '1', 'EQ', 'input', '', '13', 'admin', '2019-10-04 17:58:21', '', null);
INSERT INTO `gen_table_column` VALUES ('33', '4', 'TENANT_ID_', null, 'varchar(255)', 'String', 'tenantId', '0', '0', null, '1', '1', '1', '1', 'EQ', 'input', '', '14', 'admin', '2019-10-04 17:58:21', '', null);
INSERT INTO `gen_table_column` VALUES ('34', '4', 'ENGINE_VERSION_', null, 'varchar(255)', 'String', 'engineVersion', '0', '0', null, '1', '1', '1', '1', 'EQ', 'input', '', '15', 'admin', '2019-10-04 17:58:21', '', null);
INSERT INTO `gen_table_column` VALUES ('35', '5', 'id', 'ID', 'bigint(20)', 'Long', 'id', '1', '1', null, '1', null, null, null, 'EQ', 'input', '', '1', 'admin', '2019-10-11 21:01:40', null, '2019-10-11 21:08:16');
INSERT INTO `gen_table_column` VALUES ('36', '5', 'type', '', 'char(1)', 'String', 'type', '0', '0', null, '1', '1', '1', '1', 'EQ', 'select', '', '2', 'admin', '2019-10-11 21:01:40', null, '2019-10-11 21:08:16');
INSERT INTO `gen_table_column` VALUES ('37', '5', 'title', '', 'varchar(100)', 'String', 'title', '0', '0', null, '1', '1', '1', '1', 'EQ', 'input', '', '3', 'admin', '2019-10-11 21:01:40', null, '2019-10-11 21:08:16');
INSERT INTO `gen_table_column` VALUES ('38', '5', 'reason', '', 'varchar(500)', 'String', 'reason', '0', '0', null, '1', '1', '1', '1', 'EQ', 'textarea', '', '4', 'admin', '2019-10-11 21:01:40', null, '2019-10-11 21:08:16');
INSERT INTO `gen_table_column` VALUES ('39', '5', 'start_time', '', 'datetime', 'Date', 'startTime', '0', '0', null, '1', '1', '1', '1', 'EQ', 'datetime', '', '5', 'admin', '2019-10-11 21:01:40', null, '2019-10-11 21:08:16');
INSERT INTO `gen_table_column` VALUES ('40', '5', 'end_time', '', 'datetime', 'Date', 'endTime', '0', '0', null, '1', '1', '1', '1', 'EQ', 'datetime', '', '6', 'admin', '2019-10-11 21:01:40', null, '2019-10-11 21:08:16');
INSERT INTO `gen_table_column` VALUES ('41', '5', 'total_time', '', 'int(11)', 'Long', 'totalTime', '0', '0', null, '1', '1', '1', '1', 'EQ', 'input', '', '7', 'admin', '2019-10-11 21:01:40', null, '2019-10-11 21:08:16');
INSERT INTO `gen_table_column` VALUES ('42', '5', 'instance_id', 'ID', 'varchar(32)', 'String', 'instanceId', '0', '0', null, '1', '1', '1', '1', 'EQ', 'input', '', '8', 'admin', '2019-10-11 21:01:40', null, '2019-10-11 21:08:16');
INSERT INTO `gen_table_column` VALUES ('43', '5', 'create_by', '', 'varchar(64)', 'String', 'createBy', '0', '0', null, '1', null, null, null, 'EQ', 'input', '', '9', 'admin', '2019-10-11 21:01:40', null, '2019-10-11 21:08:16');
INSERT INTO `gen_table_column` VALUES ('44', '5', 'create_time', '', 'datetime', 'Date', 'createTime', '0', '0', null, '1', null, null, null, 'EQ', 'datetime', '', '10', 'admin', '2019-10-11 21:01:40', null, '2019-10-11 21:08:16');
INSERT INTO `gen_table_column` VALUES ('45', '5', 'update_by', '', 'varchar(64)', 'String', 'updateBy', '0', '0', null, '1', '1', null, null, 'EQ', 'input', '', '11', 'admin', '2019-10-11 21:01:40', null, '2019-10-11 21:08:16');
INSERT INTO `gen_table_column` VALUES ('46', '5', 'update_time', '', 'datetime', 'Date', 'updateTime', '0', '0', null, '1', '1', null, null, 'EQ', 'datetime', '', '12', 'admin', '2019-10-11 21:01:40', null, '2019-10-11 21:08:16');
INSERT INTO `gen_table_column` VALUES ('47', '6', 'id', ' ID', 'bigint(20)', 'Long', 'id', '1', '1', null, '1', null, null, null, 'EQ', 'input', '', '1', 'admin', '2019-11-08 11:48:18', null, '2019-11-08 11:49:40');
INSERT INTO `gen_table_column` VALUES ('48', '6', 'item_name', '', 'varchar(100)', 'String', 'itemName', '0', '0', null, '1', '1', '1', '1', 'LIKE', 'input', '', '2', 'admin', '2019-11-08 11:48:18', null, '2019-11-08 11:49:40');
INSERT INTO `gen_table_column` VALUES ('49', '6', 'item_content', '', 'varchar(500)', 'String', 'itemContent', '0', '0', null, '1', '1', '1', '1', 'EQ', 'textarea', '', '3', 'admin', '2019-11-08 11:48:18', null, '2019-11-08 11:49:40');
INSERT INTO `gen_table_column` VALUES ('50', '6', 'module', ' ( uri )', 'varchar(50)', 'String', 'module', '0', '0', null, '1', '1', '1', '1', 'EQ', 'input', '', '4', 'admin', '2019-11-08 11:48:18', null, '2019-11-08 11:49:40');
INSERT INTO `gen_table_column` VALUES ('51', '6', 'task_id', ' ID', 'varchar(64)', 'String', 'taskId', '0', '0', null, '1', '1', '1', '1', 'EQ', 'input', '', '5', 'admin', '2019-11-08 11:48:18', null, '2019-11-08 11:49:40');
INSERT INTO `gen_table_column` VALUES ('52', '6', 'task_name', ' ()', 'varchar(50)', 'String', 'taskName', '0', '0', null, '1', '1', '1', '1', 'LIKE', 'input', '', '6', 'admin', '2019-11-08 11:48:18', null, '2019-11-08 11:49:40');
INSERT INTO `gen_table_column` VALUES ('53', '6', 'is_view', ' default 0 (0  1 )', 'char(1)', 'String', 'isView', '0', '0', null, '1', '1', '1', '1', 'EQ', 'input', '', '7', 'admin', '2019-11-08 11:48:18', null, '2019-11-08 11:49:40');
INSERT INTO `gen_table_column` VALUES ('54', '6', 'is_handle', ' default 0 (0  1 )', 'char(1)', 'String', 'isHandle', '0', '0', null, '1', '1', '1', '1', 'EQ', 'input', '', '8', 'admin', '2019-11-08 11:48:18', null, '2019-11-08 11:49:40');
INSERT INTO `gen_table_column` VALUES ('55', '6', 'todo_user_id', ' ID', 'bigint(20)', 'Long', 'todoUserId', '0', '0', null, '1', '1', '1', '1', 'EQ', 'input', '', '9', 'admin', '2019-11-08 11:48:18', null, '2019-11-08 11:49:40');
INSERT INTO `gen_table_column` VALUES ('56', '6', 'todo_user_name', '', 'varchar(30)', 'String', 'todoUserName', '0', '0', null, '1', '1', '1', '1', 'LIKE', 'input', '', '10', 'admin', '2019-11-08 11:48:18', null, '2019-11-08 11:49:40');
INSERT INTO `gen_table_column` VALUES ('57', '6', 'handle_user_id', ' ID', 'bigint(20)', 'Long', 'handleUserId', '0', '0', null, '1', '1', '1', '1', 'EQ', 'input', '', '11', 'admin', '2019-11-08 11:48:18', null, '2019-11-08 11:49:40');
INSERT INTO `gen_table_column` VALUES ('58', '6', 'handle_user_name', '', 'varchar(30)', 'String', 'handleUserName', '0', '0', null, '1', '1', '1', '1', 'LIKE', 'input', '', '12', 'admin', '2019-11-08 11:48:18', null, '2019-11-08 11:49:40');
INSERT INTO `gen_table_column` VALUES ('59', '6', 'todo_time', '', 'datetime', 'Date', 'todoTime', '0', '0', null, '1', '1', '1', '1', 'EQ', 'datetime', '', '13', 'admin', '2019-11-08 11:48:18', null, '2019-11-08 11:49:40');
INSERT INTO `gen_table_column` VALUES ('60', '6', 'handle_time', '', 'datetime', 'Date', 'handleTime', '0', '0', null, '1', '1', '1', '1', 'EQ', 'datetime', '', '14', 'admin', '2019-11-08 11:48:18', null, '2019-11-08 11:49:40');

-- ----------------------------
-- Table structure for qrtz_blob_triggers
-- ----------------------------
DROP TABLE IF EXISTS `qrtz_blob_triggers`;
CREATE TABLE `qrtz_blob_triggers` (
  `sched_name` varchar(120) NOT NULL,
  `trigger_name` varchar(200) NOT NULL,
  `trigger_group` varchar(200) NOT NULL,
  `blob_data` blob,
  PRIMARY KEY (`sched_name`,`trigger_name`,`trigger_group`),
  CONSTRAINT `qrtz_blob_triggers_ibfk_1` FOREIGN KEY (`sched_name`, `trigger_name`, `trigger_group`) REFERENCES `qrtz_triggers` (`sched_name`, `trigger_name`, `trigger_group`)
) ENGINE=InnoDB DEFAULT CHARSET=utf8;

-- ----------------------------
-- Records of qrtz_blob_triggers
-- ----------------------------

-- ----------------------------
-- Table structure for qrtz_calendars
-- ----------------------------
DROP TABLE IF EXISTS `qrtz_calendars`;
CREATE TABLE `qrtz_calendars` (
  `sched_name` varchar(120) NOT NULL,
  `calendar_name` varchar(200) NOT NULL,
  `calendar` blob NOT NULL,
  PRIMARY KEY (`sched_name`,`calendar_name`)
) ENGINE=InnoDB DEFAULT CHARSET=utf8;

-- ----------------------------
-- Records of qrtz_calendars
-- ----------------------------

-- ----------------------------
-- Table structure for qrtz_cron_triggers
-- ----------------------------
DROP TABLE IF EXISTS `qrtz_cron_triggers`;
CREATE TABLE `qrtz_cron_triggers` (
  `sched_name` varchar(120) NOT NULL,
  `trigger_name` varchar(200) NOT NULL,
  `trigger_group` varchar(200) NOT NULL,
  `cron_expression` varchar(200) NOT NULL,
  `time_zone_id` varchar(80) DEFAULT NULL,
  PRIMARY KEY (`sched_name`,`trigger_name`,`trigger_group`),
  CONSTRAINT `qrtz_cron_triggers_ibfk_1` FOREIGN KEY (`sched_name`, `trigger_name`, `trigger_group`) REFERENCES `qrtz_triggers` (`sched_name`, `trigger_name`, `trigger_group`)
) ENGINE=InnoDB DEFAULT CHARSET=utf8;

-- ----------------------------
-- Records of qrtz_cron_triggers
-- ----------------------------
INSERT INTO `qrtz_cron_triggers` VALUES ('RuoyiScheduler', 'TASK_CLASS_NAME1', 'DEFAULT', '0/10 * * * * ?', 'Asia/Shanghai');
INSERT INTO `qrtz_cron_triggers` VALUES ('RuoyiScheduler', 'TASK_CLASS_NAME2', 'DEFAULT', '0/15 * * * * ?', 'Asia/Shanghai');
INSERT INTO `qrtz_cron_triggers` VALUES ('RuoyiScheduler', 'TASK_CLASS_NAME3', 'DEFAULT', '0/20 * * * * ?', 'Asia/Shanghai');

-- ----------------------------
-- Table structure for qrtz_fired_triggers
-- ----------------------------
DROP TABLE IF EXISTS `qrtz_fired_triggers`;
CREATE TABLE `qrtz_fired_triggers` (
  `sched_name` varchar(120) NOT NULL,
  `entry_id` varchar(95) NOT NULL,
  `trigger_name` varchar(200) NOT NULL,
  `trigger_group` varchar(200) NOT NULL,
  `instance_name` varchar(200) NOT NULL,
  `fired_time` bigint(13) NOT NULL,
  `sched_time` bigint(13) NOT NULL,
  `priority` int(11) NOT NULL,
  `state` varchar(16) NOT NULL,
  `job_name` varchar(200) DEFAULT NULL,
  `job_group` varchar(200) DEFAULT NULL,
  `is_nonconcurrent` varchar(1) DEFAULT NULL,
  `requests_recovery` varchar(1) DEFAULT NULL,
  PRIMARY KEY (`sched_name`,`entry_id`)
) ENGINE=InnoDB DEFAULT CHARSET=utf8;

-- ----------------------------
-- Records of qrtz_fired_triggers
-- ----------------------------

-- ----------------------------
-- Table structure for qrtz_job_details
-- ----------------------------
DROP TABLE IF EXISTS `qrtz_job_details`;
CREATE TABLE `qrtz_job_details` (
  `sched_name` varchar(120) NOT NULL,
  `job_name` varchar(200) NOT NULL,
  `job_group` varchar(200) NOT NULL,
  `description` varchar(250) DEFAULT NULL,
  `job_class_name` varchar(250) NOT NULL,
  `is_durable` varchar(1) NOT NULL,
  `is_nonconcurrent` varchar(1) NOT NULL,
  `is_update_data` varchar(1) NOT NULL,
  `requests_recovery` varchar(1) NOT NULL,
  `job_data` blob,
  PRIMARY KEY (`sched_name`,`job_name`,`job_group`)
) ENGINE=InnoDB DEFAULT CHARSET=utf8;

-- ----------------------------
-- Records of qrtz_job_details
-- ----------------------------
INSERT INTO `qrtz_job_details` VALUES ('RuoyiScheduler', 'TASK_CLASS_NAME1', 'DEFAULT', null, 'com.ruoyi.quartz.util.QuartzDisallowConcurrentExecution', '0', '1', '0', '0', 0xACED0005737200156F72672E71756172747A2E4A6F62446174614D61709FB083E8BFA9B0CB020000787200266F72672E71756172747A2E7574696C732E537472696E674B65794469727479466C61674D61708208E8C3FBC55D280200015A0013616C6C6F77735472616E7369656E74446174617872001D6F72672E71756172747A2E7574696C732E4469727479466C61674D617013E62EAD28760ACE0200025A000564697274794C00036D617074000F4C6A6176612F7574696C2F4D61703B787001737200116A6176612E7574696C2E486173684D61700507DAC1C31660D103000246000A6C6F6164466163746F724900097468726573686F6C6478703F4000000000000C7708000000100000000174000F5441534B5F50524F504552544945537372001E636F6D2E72756F79692E71756172747A2E646F6D61696E2E5379734A6F6200000000000000010200084C000A636F6E63757272656E747400124C6A6176612F6C616E672F537472696E673B4C000E63726F6E45787072657373696F6E71007E00094C000C696E766F6B6554617267657471007E00094C00086A6F6247726F757071007E00094C00056A6F6249647400104C6A6176612F6C616E672F4C6F6E673B4C00076A6F624E616D6571007E00094C000D6D697366697265506F6C69637971007E00094C000673746174757371007E000978720027636F6D2E72756F79692E636F6D6D6F6E2E636F72652E646F6D61696E2E42617365456E7469747900000000000000010200074C0008637265617465427971007E00094C000A63726561746554696D657400104C6A6176612F7574696C2F446174653B4C0006706172616D7371007E00034C000672656D61726B71007E00094C000B73656172636856616C756571007E00094C0008757064617465427971007E00094C000A75706461746554696D6571007E000C787074000561646D696E7372000E6A6176612E7574696C2E44617465686A81014B59741903000078707708000001622CDE29E078707400007070707400013174000E302F3130202A202A202A202A203F74001172795461736B2E72794E6F506172616D7374000744454641554C547372000E6A6176612E6C616E672E4C6F6E673B8BE490CC8F23DF0200014A000576616C7565787200106A6176612E6C616E672E4E756D62657286AC951D0B94E08B02000078700000000000000001740018E7B3BBE7BB9FE9BB98E8AEA4EFBC88E697A0E58F82EFBC8974000133740001317800);
INSERT INTO `qrtz_job_details` VALUES ('RuoyiScheduler', 'TASK_CLASS_NAME2', 'DEFAULT', null, 'com.ruoyi.quartz.util.QuartzDisallowConcurrentExecution', '0', '1', '0', '0', 0xACED0005737200156F72672E71756172747A2E4A6F62446174614D61709FB083E8BFA9B0CB020000787200266F72672E71756172747A2E7574696C732E537472696E674B65794469727479466C61674D61708208E8C3FBC55D280200015A0013616C6C6F77735472616E7369656E74446174617872001D6F72672E71756172747A2E7574696C732E4469727479466C61674D617013E62EAD28760ACE0200025A000564697274794C00036D617074000F4C6A6176612F7574696C2F4D61703B787001737200116A6176612E7574696C2E486173684D61700507DAC1C31660D103000246000A6C6F6164466163746F724900097468726573686F6C6478703F4000000000000C7708000000100000000174000F5441534B5F50524F504552544945537372001E636F6D2E72756F79692E71756172747A2E646F6D61696E2E5379734A6F6200000000000000010200084C000A636F6E63757272656E747400124C6A6176612F6C616E672F537472696E673B4C000E63726F6E45787072657373696F6E71007E00094C000C696E766F6B6554617267657471007E00094C00086A6F6247726F757071007E00094C00056A6F6249647400104C6A6176612F6C616E672F4C6F6E673B4C00076A6F624E616D6571007E00094C000D6D697366697265506F6C69637971007E00094C000673746174757371007E000978720027636F6D2E72756F79692E636F6D6D6F6E2E636F72652E646F6D61696E2E42617365456E7469747900000000000000010200074C0008637265617465427971007E00094C000A63726561746554696D657400104C6A6176612F7574696C2F446174653B4C0006706172616D7371007E00034C000672656D61726B71007E00094C000B73656172636856616C756571007E00094C0008757064617465427971007E00094C000A75706461746554696D6571007E000C787074000561646D696E7372000E6A6176612E7574696C2E44617465686A81014B59741903000078707708000001622CDE29E078707400007070707400013174000E302F3135202A202A202A202A203F74001572795461736B2E7279506172616D7328277279272974000744454641554C547372000E6A6176612E6C616E672E4C6F6E673B8BE490CC8F23DF0200014A000576616C7565787200106A6176612E6C616E672E4E756D62657286AC951D0B94E08B02000078700000000000000002740018E7B3BBE7BB9FE9BB98E8AEA4EFBC88E69C89E58F82EFBC8974000133740001317800);
INSERT INTO `qrtz_job_details` VALUES ('RuoyiScheduler', 'TASK_CLASS_NAME3', 'DEFAULT', null, 'com.ruoyi.quartz.util.QuartzDisallowConcurrentExecution', '0', '1', '0', '0', 0xACED0005737200156F72672E71756172747A2E4A6F62446174614D61709FB083E8BFA9B0CB020000787200266F72672E71756172747A2E7574696C732E537472696E674B65794469727479466C61674D61708208E8C3FBC55D280200015A0013616C6C6F77735472616E7369656E74446174617872001D6F72672E71756172747A2E7574696C732E4469727479466C61674D617013E62EAD28760ACE0200025A000564697274794C00036D617074000F4C6A6176612F7574696C2F4D61703B787001737200116A6176612E7574696C2E486173684D61700507DAC1C31660D103000246000A6C6F6164466163746F724900097468726573686F6C6478703F4000000000000C7708000000100000000174000F5441534B5F50524F504552544945537372001E636F6D2E72756F79692E71756172747A2E646F6D61696E2E5379734A6F6200000000000000010200084C000A636F6E63757272656E747400124C6A6176612F6C616E672F537472696E673B4C000E63726F6E45787072657373696F6E71007E00094C000C696E766F6B6554617267657471007E00094C00086A6F6247726F757071007E00094C00056A6F6249647400104C6A6176612F6C616E672F4C6F6E673B4C00076A6F624E616D6571007E00094C000D6D697366697265506F6C69637971007E00094C000673746174757371007E000978720027636F6D2E72756F79692E636F6D6D6F6E2E636F72652E646F6D61696E2E42617365456E7469747900000000000000010200074C0008637265617465427971007E00094C000A63726561746554696D657400104C6A6176612F7574696C2F446174653B4C0006706172616D7371007E00034C000672656D61726B71007E00094C000B73656172636856616C756571007E00094C0008757064617465427971007E00094C000A75706461746554696D6571007E000C787074000561646D696E7372000E6A6176612E7574696C2E44617465686A81014B59741903000078707708000001622CDE29E078707400007070707400013174000E302F3230202A202A202A202A203F74003872795461736B2E72794D756C7469706C65506172616D7328277279272C20747275652C20323030304C2C203331362E3530442C203130302974000744454641554C547372000E6A6176612E6C616E672E4C6F6E673B8BE490CC8F23DF0200014A000576616C7565787200106A6176612E6C616E672E4E756D62657286AC951D0B94E08B02000078700000000000000003740018E7B3BBE7BB9FE9BB98E8AEA4EFBC88E5A49AE58F82EFBC8974000133740001317800);

-- ----------------------------
-- Table structure for qrtz_locks
-- ----------------------------
DROP TABLE IF EXISTS `qrtz_locks`;
CREATE TABLE `qrtz_locks` (
  `sched_name` varchar(120) NOT NULL,
  `lock_name` varchar(40) NOT NULL,
  PRIMARY KEY (`sched_name`,`lock_name`)
) ENGINE=InnoDB DEFAULT CHARSET=utf8;

-- ----------------------------
-- Records of qrtz_locks
-- ----------------------------
INSERT INTO `qrtz_locks` VALUES ('RuoyiScheduler', 'STATE_ACCESS');
INSERT INTO `qrtz_locks` VALUES ('RuoyiScheduler', 'TRIGGER_ACCESS');

-- ----------------------------
-- Table structure for qrtz_paused_trigger_grps
-- ----------------------------
DROP TABLE IF EXISTS `qrtz_paused_trigger_grps`;
CREATE TABLE `qrtz_paused_trigger_grps` (
  `sched_name` varchar(120) NOT NULL,
  `trigger_group` varchar(200) NOT NULL,
  PRIMARY KEY (`sched_name`,`trigger_group`)
) ENGINE=InnoDB DEFAULT CHARSET=utf8;

-- ----------------------------
-- Records of qrtz_paused_trigger_grps
-- ----------------------------

-- ----------------------------
-- Table structure for qrtz_scheduler_state
-- ----------------------------
DROP TABLE IF EXISTS `qrtz_scheduler_state`;
CREATE TABLE `qrtz_scheduler_state` (
  `sched_name` varchar(120) NOT NULL,
  `instance_name` varchar(200) NOT NULL,
  `last_checkin_time` bigint(13) NOT NULL,
  `checkin_interval` bigint(13) NOT NULL,
  PRIMARY KEY (`sched_name`,`instance_name`)
) ENGINE=InnoDB DEFAULT CHARSET=utf8;

-- ----------------------------
-- Records of qrtz_scheduler_state
-- ----------------------------
INSERT INTO `qrtz_scheduler_state` VALUES ('RuoyiScheduler', 'DESKTOP-JBK8SRU1573390155558', '1573391105997', '15000');

-- ----------------------------
-- Table structure for qrtz_simple_triggers
-- ----------------------------
DROP TABLE IF EXISTS `qrtz_simple_triggers`;
CREATE TABLE `qrtz_simple_triggers` (
  `sched_name` varchar(120) NOT NULL,
  `trigger_name` varchar(200) NOT NULL,
  `trigger_group` varchar(200) NOT NULL,
  `repeat_count` bigint(7) NOT NULL,
  `repeat_interval` bigint(12) NOT NULL,
  `times_triggered` bigint(10) NOT NULL,
  PRIMARY KEY (`sched_name`,`trigger_name`,`trigger_group`),
  CONSTRAINT `qrtz_simple_triggers_ibfk_1` FOREIGN KEY (`sched_name`, `trigger_name`, `trigger_group`) REFERENCES `qrtz_triggers` (`sched_name`, `trigger_name`, `trigger_group`)
) ENGINE=InnoDB DEFAULT CHARSET=utf8;

-- ----------------------------
-- Records of qrtz_simple_triggers
-- ----------------------------

-- ----------------------------
-- Table structure for qrtz_simprop_triggers
-- ----------------------------
DROP TABLE IF EXISTS `qrtz_simprop_triggers`;
CREATE TABLE `qrtz_simprop_triggers` (
  `sched_name` varchar(120) NOT NULL,
  `trigger_name` varchar(200) NOT NULL,
  `trigger_group` varchar(200) NOT NULL,
  `str_prop_1` varchar(512) DEFAULT NULL,
  `str_prop_2` varchar(512) DEFAULT NULL,
  `str_prop_3` varchar(512) DEFAULT NULL,
  `int_prop_1` int(11) DEFAULT NULL,
  `int_prop_2` int(11) DEFAULT NULL,
  `long_prop_1` bigint(20) DEFAULT NULL,
  `long_prop_2` bigint(20) DEFAULT NULL,
  `dec_prop_1` decimal(13,4) DEFAULT NULL,
  `dec_prop_2` decimal(13,4) DEFAULT NULL,
  `bool_prop_1` varchar(1) DEFAULT NULL,
  `bool_prop_2` varchar(1) DEFAULT NULL,
  PRIMARY KEY (`sched_name`,`trigger_name`,`trigger_group`),
  CONSTRAINT `qrtz_simprop_triggers_ibfk_1` FOREIGN KEY (`sched_name`, `trigger_name`, `trigger_group`) REFERENCES `qrtz_triggers` (`sched_name`, `trigger_name`, `trigger_group`)
) ENGINE=InnoDB DEFAULT CHARSET=utf8;

-- ----------------------------
-- Records of qrtz_simprop_triggers
-- ----------------------------

-- ----------------------------
-- Table structure for qrtz_triggers
-- ----------------------------
DROP TABLE IF EXISTS `qrtz_triggers`;
CREATE TABLE `qrtz_triggers` (
  `sched_name` varchar(120) NOT NULL,
  `trigger_name` varchar(200) NOT NULL,
  `trigger_group` varchar(200) NOT NULL,
  `job_name` varchar(200) NOT NULL,
  `job_group` varchar(200) NOT NULL,
  `description` varchar(250) DEFAULT NULL,
  `next_fire_time` bigint(13) DEFAULT NULL,
  `prev_fire_time` bigint(13) DEFAULT NULL,
  `priority` int(11) DEFAULT NULL,
  `trigger_state` varchar(16) NOT NULL,
  `trigger_type` varchar(8) NOT NULL,
  `start_time` bigint(13) NOT NULL,
  `end_time` bigint(13) DEFAULT NULL,
  `calendar_name` varchar(200) DEFAULT NULL,
  `misfire_instr` smallint(2) DEFAULT NULL,
  `job_data` blob,
  PRIMARY KEY (`sched_name`,`trigger_name`,`trigger_group`),
  KEY `sched_name` (`sched_name`,`job_name`,`job_group`),
  CONSTRAINT `qrtz_triggers_ibfk_1` FOREIGN KEY (`sched_name`, `job_name`, `job_group`) REFERENCES `qrtz_job_details` (`sched_name`, `job_name`, `job_group`)
) ENGINE=InnoDB DEFAULT CHARSET=utf8;

-- ----------------------------
-- Records of qrtz_triggers
-- ----------------------------
INSERT INTO `qrtz_triggers` VALUES ('RuoyiScheduler', 'TASK_CLASS_NAME1', 'DEFAULT', 'TASK_CLASS_NAME1', 'DEFAULT', null, '1573390160000', '-1', '5', 'PAUSED', 'CRON', '1573390155000', '0', null, '2', '');
INSERT INTO `qrtz_triggers` VALUES ('RuoyiScheduler', 'TASK_CLASS_NAME2', 'DEFAULT', 'TASK_CLASS_NAME2', 'DEFAULT', null, '1573390155000', '-1', '5', 'PAUSED', 'CRON', '1573390155000', '0', null, '2', '');
INSERT INTO `qrtz_triggers` VALUES ('RuoyiScheduler', 'TASK_CLASS_NAME3', 'DEFAULT', 'TASK_CLASS_NAME3', 'DEFAULT', null, '1573390160000', '-1', '5', 'PAUSED', 'CRON', '1573390155000', '0', null, '2', '');

-- ----------------------------
-- Table structure for sys_config
-- ----------------------------
DROP TABLE IF EXISTS `sys_config`;
CREATE TABLE `sys_config` (
  `config_id` int(5) NOT NULL AUTO_INCREMENT COMMENT '',
  `config_name` varchar(100) DEFAULT '' COMMENT '',
  `config_key` varchar(100) DEFAULT '' COMMENT '',
  `config_value` varchar(500) DEFAULT '' COMMENT '',
  `config_type` char(1) DEFAULT 'N' COMMENT 'Y N',
  `create_by` varchar(64) DEFAULT '' COMMENT '',
  `create_time` datetime DEFAULT NULL COMMENT '',
  `update_by` varchar(64) DEFAULT '' COMMENT '',
  `update_time` datetime DEFAULT NULL COMMENT '',
  `remark` varchar(500) DEFAULT NULL COMMENT '',
  PRIMARY KEY (`config_id`)
) ENGINE=InnoDB AUTO_INCREMENT=4 DEFAULT CHARSET=utf8 COMMENT='';

-- ----------------------------
-- Records of sys_config
-- ----------------------------
INSERT INTO `sys_config` VALUES ('1', '-', 'sys.index.skinName', 'skin-yellow', 'Y', 'admin', '2018-03-16 11:33:00', 'admin', '2019-11-10 20:44:54', ' skin-blue skin-green skin-purple skin-red skin-yellow');
INSERT INTO `sys_config` VALUES ('2', '-', 'sys.user.initPassword', '123456', 'Y', 'admin', '2018-03-16 11:33:00', 'ry', '2018-03-16 11:33:00', ' 123456');
INSERT INTO `sys_config` VALUES ('3', '-', 'sys.index.sideTheme', 'theme-light', 'Y', 'admin', '2018-03-16 11:33:00', 'admin', '2019-09-28 17:28:06', 'theme-darktheme-light');

-- ----------------------------
-- Table structure for sys_dept
-- ----------------------------
DROP TABLE IF EXISTS `sys_dept`;
CREATE TABLE `sys_dept` (
  `dept_id` bigint(20) NOT NULL AUTO_INCREMENT COMMENT 'id',
  `parent_id` bigint(20) DEFAULT '0' COMMENT 'id',
  `ancestors` varchar(50) DEFAULT '' COMMENT '',
  `dept_name` varchar(30) DEFAULT '' COMMENT '',
  `order_num` int(4) DEFAULT '0' COMMENT '',
  `leader` varchar(20) DEFAULT NULL COMMENT '',
  `phone` varchar(11) DEFAULT NULL COMMENT '',
  `email` varchar(50) DEFAULT NULL COMMENT '',
  `status` char(1) DEFAULT '0' COMMENT '0 1',
  `del_flag` char(1) DEFAULT '0' COMMENT '0 2',
  `create_by` varchar(64) DEFAULT '' COMMENT '',
  `create_time` datetime DEFAULT NULL COMMENT '',
  `update_by` varchar(64) DEFAULT '' COMMENT '',
  `update_time` datetime DEFAULT NULL COMMENT '',
  PRIMARY KEY (`dept_id`)
) ENGINE=InnoDB AUTO_INCREMENT=113 DEFAULT CHARSET=utf8 COMMENT='';

-- ----------------------------
-- Records of sys_dept
-- ----------------------------
INSERT INTO `sys_dept` VALUES ('100', '0', '0', '', '0', '', '15888888888', 'ry@qq.com', '0', '0', 'admin', '2018-03-16 11:33:00', 'admin', '2019-10-02 12:07:31');
INSERT INTO `sys_dept` VALUES ('101', '100', '0,100', '', '1', '', '15888888888', 'ry@qq.com', '0', '0', 'admin', '2018-03-16 11:33:00', 'ry', '2018-03-16 11:33:00');
INSERT INTO `sys_dept` VALUES ('102', '100', '0,100', '', '2', '', '15888888888', 'ry@qq.com', '0', '0', 'admin', '2018-03-16 11:33:00', 'ry', '2018-03-16 11:33:00');
INSERT INTO `sys_dept` VALUES ('103', '101', '0,100,101', '', '1', '', '15888888888', 'ry@qq.com', '0', '0', 'admin', '2018-03-16 11:33:00', 'ry', '2018-03-16 11:33:00');
INSERT INTO `sys_dept` VALUES ('104', '101', '0,100,101', '', '2', '', '15888888888', 'ry@qq.com', '0', '0', 'admin', '2018-03-16 11:33:00', 'ry', '2018-03-16 11:33:00');
INSERT INTO `sys_dept` VALUES ('105', '101', '0,100,101', '', '3', '', '15888888888', 'ry@qq.com', '0', '0', 'admin', '2018-03-16 11:33:00', 'ry', '2018-03-16 11:33:00');
INSERT INTO `sys_dept` VALUES ('106', '101', '0,100,101', '', '4', '', '15888888888', 'ry@qq.com', '0', '0', 'admin', '2018-03-16 11:33:00', 'ry', '2018-03-16 11:33:00');
INSERT INTO `sys_dept` VALUES ('107', '101', '0,100,101', '', '5', '', '15888888888', 'ry@qq.com', '0', '0', 'admin', '2018-03-16 11:33:00', 'ry', '2018-03-16 11:33:00');
INSERT INTO `sys_dept` VALUES ('108', '102', '0,100,102', '', '1', '', '15888888888', 'ry@qq.com', '0', '0', 'admin', '2018-03-16 11:33:00', 'ry', '2018-03-16 11:33:00');
INSERT INTO `sys_dept` VALUES ('109', '102', '0,100,102', '', '2', '', '15888888888', 'ry@qq.com', '0', '0', 'admin', '2018-03-16 11:33:00', 'ry', '2018-03-16 11:33:00');
INSERT INTO `sys_dept` VALUES ('110', '100', '0,100', '', '3', '', '13131313110', '1055202292@qq.com', '0', '0', 'admin', '2019-10-02 12:07:01', 'admin', '2019-10-02 12:07:31');
INSERT INTO `sys_dept` VALUES ('111', '110', '0,100,110', '', '1', null, null, null, '0', '0', 'admin', '2019-10-02 12:09:26', '', null);
INSERT INTO `sys_dept` VALUES ('112', '110', '0,100,110', '', '2', null, null, null, '0', '0', 'admin', '2019-10-02 12:09:37', '', null);

-- ----------------------------
-- Table structure for sys_dict_data
-- ----------------------------
DROP TABLE IF EXISTS `sys_dict_data`;
CREATE TABLE `sys_dict_data` (
  `dict_code` bigint(20) NOT NULL AUTO_INCREMENT COMMENT '',
  `dict_sort` int(4) DEFAULT '0' COMMENT '',
  `dict_label` varchar(100) DEFAULT '' COMMENT '',
  `dict_value` varchar(100) DEFAULT '' COMMENT '',
  `dict_type` varchar(100) DEFAULT '' COMMENT '',
  `css_class` varchar(100) DEFAULT NULL COMMENT '',
  `list_class` varchar(100) DEFAULT NULL COMMENT '',
  `is_default` char(1) DEFAULT 'N' COMMENT 'Y N',
  `status` char(1) DEFAULT '0' COMMENT '0 1',
  `create_by` varchar(64) DEFAULT '' COMMENT '',
  `create_time` datetime DEFAULT NULL COMMENT '',
  `update_by` varchar(64) DEFAULT '' COMMENT '',
  `update_time` datetime DEFAULT NULL COMMENT '',
  `remark` varchar(500) DEFAULT NULL COMMENT '',
  PRIMARY KEY (`dict_code`)
) ENGINE=InnoDB AUTO_INCREMENT=31 DEFAULT CHARSET=utf8 COMMENT='';

-- ----------------------------
-- Records of sys_dict_data
-- ----------------------------
INSERT INTO `sys_dict_data` VALUES ('1', '1', '', '0', 'sys_user_sex', '', '', 'Y', '0', 'admin', '2018-03-16 11:33:00', 'ry', '2018-03-16 11:33:00', '');
INSERT INTO `sys_dict_data` VALUES ('2', '2', '', '1', 'sys_user_sex', '', '', 'N', '0', 'admin', '2018-03-16 11:33:00', 'ry', '2018-03-16 11:33:00', '');
INSERT INTO `sys_dict_data` VALUES ('3', '3', '', '2', 'sys_user_sex', '', '', 'N', '0', 'admin', '2018-03-16 11:33:00', 'ry', '2018-03-16 11:33:00', '');
INSERT INTO `sys_dict_data` VALUES ('4', '1', '', '0', 'sys_show_hide', '', 'primary', 'Y', '0', 'admin', '2018-03-16 11:33:00', 'ry', '2018-03-16 11:33:00', '');
INSERT INTO `sys_dict_data` VALUES ('5', '2', '', '1', 'sys_show_hide', '', 'danger', 'N', '0', 'admin', '2018-03-16 11:33:00', 'ry', '2018-03-16 11:33:00', '');
INSERT INTO `sys_dict_data` VALUES ('6', '1', '', '0', 'sys_normal_disable', '', 'primary', 'Y', '0', 'admin', '2018-03-16 11:33:00', 'ry', '2018-03-16 11:33:00', '');
INSERT INTO `sys_dict_data` VALUES ('7', '2', '', '1', 'sys_normal_disable', '', 'danger', 'N', '0', 'admin', '2018-03-16 11:33:00', 'ry', '2018-03-16 11:33:00', '');
INSERT INTO `sys_dict_data` VALUES ('8', '1', '', '0', 'sys_job_status', '', 'primary', 'Y', '0', 'admin', '2018-03-16 11:33:00', 'ry', '2018-03-16 11:33:00', '');
INSERT INTO `sys_dict_data` VALUES ('9', '2', '', '1', 'sys_job_status', '', 'danger', 'N', '0', 'admin', '2018-03-16 11:33:00', 'ry', '2018-03-16 11:33:00', '');
INSERT INTO `sys_dict_data` VALUES ('10', '1', '', 'DEFAULT', 'sys_job_group', '', '', 'Y', '0', 'admin', '2018-03-16 11:33:00', 'ry', '2018-03-16 11:33:00', '');
INSERT INTO `sys_dict_data` VALUES ('11', '2', '', 'SYSTEM', 'sys_job_group', '', '', 'N', '0', 'admin', '2018-03-16 11:33:00', 'ry', '2018-03-16 11:33:00', '');
INSERT INTO `sys_dict_data` VALUES ('12', '1', '', 'Y', 'sys_yes_no', '', 'primary', 'Y', '0', 'admin', '2018-03-16 11:33:00', 'ry', '2018-03-16 11:33:00', '');
INSERT INTO `sys_dict_data` VALUES ('13', '2', '', 'N', 'sys_yes_no', '', 'danger', 'N', '0', 'admin', '2018-03-16 11:33:00', 'ry', '2018-03-16 11:33:00', '');
INSERT INTO `sys_dict_data` VALUES ('14', '1', '', '1', 'sys_notice_type', '', 'warning', 'Y', '0', 'admin', '2018-03-16 11:33:00', 'ry', '2018-03-16 11:33:00', '');
INSERT INTO `sys_dict_data` VALUES ('15', '2', '', '2', 'sys_notice_type', '', 'success', 'N', '0', 'admin', '2018-03-16 11:33:00', 'ry', '2018-03-16 11:33:00', '');
INSERT INTO `sys_dict_data` VALUES ('16', '1', '', '0', 'sys_notice_status', '', 'primary', 'Y', '0', 'admin', '2018-03-16 11:33:00', 'ry', '2018-03-16 11:33:00', '');
INSERT INTO `sys_dict_data` VALUES ('17', '2', '', '1', 'sys_notice_status', '', 'danger', 'N', '0', 'admin', '2018-03-16 11:33:00', 'ry', '2018-03-16 11:33:00', '');
INSERT INTO `sys_dict_data` VALUES ('18', '1', '', '1', 'sys_oper_type', '', 'info', 'N', '0', 'admin', '2018-03-16 11:33:00', 'ry', '2018-03-16 11:33:00', '');
INSERT INTO `sys_dict_data` VALUES ('19', '2', '', '2', 'sys_oper_type', '', 'info', 'N', '0', 'admin', '2018-03-16 11:33:00', 'ry', '2018-03-16 11:33:00', '');
INSERT INTO `sys_dict_data` VALUES ('20', '3', '', '3', 'sys_oper_type', '', 'danger', 'N', '0', 'admin', '2018-03-16 11:33:00', 'ry', '2018-03-16 11:33:00', '');
INSERT INTO `sys_dict_data` VALUES ('21', '4', '', '4', 'sys_oper_type', '', 'primary', 'N', '0', 'admin', '2018-03-16 11:33:00', 'ry', '2018-03-16 11:33:00', '');
INSERT INTO `sys_dict_data` VALUES ('22', '5', '', '5', 'sys_oper_type', '', 'warning', 'N', '0', 'admin', '2018-03-16 11:33:00', 'ry', '2018-03-16 11:33:00', '');
INSERT INTO `sys_dict_data` VALUES ('23', '6', '', '6', 'sys_oper_type', '', 'warning', 'N', '0', 'admin', '2018-03-16 11:33:00', 'ry', '2018-03-16 11:33:00', '');
INSERT INTO `sys_dict_data` VALUES ('24', '7', '', '7', 'sys_oper_type', '', 'danger', 'N', '0', 'admin', '2018-03-16 11:33:00', 'ry', '2018-03-16 11:33:00', '');
INSERT INTO `sys_dict_data` VALUES ('25', '8', '', '8', 'sys_oper_type', '', 'warning', 'N', '0', 'admin', '2018-03-16 11:33:00', 'ry', '2018-03-16 11:33:00', '');
INSERT INTO `sys_dict_data` VALUES ('26', '9', '', '9', 'sys_oper_type', '', 'danger', 'N', '0', 'admin', '2018-03-16 11:33:00', 'ry', '2018-03-16 11:33:00', '');
INSERT INTO `sys_dict_data` VALUES ('27', '1', '', '0', 'sys_common_status', '', 'primary', 'N', '0', 'admin', '2018-03-16 11:33:00', 'ry', '2018-03-16 11:33:00', '');
INSERT INTO `sys_dict_data` VALUES ('28', '2', '', '1', 'sys_common_status', '', 'danger', 'N', '0', 'admin', '2018-03-16 11:33:00', 'ry', '2018-03-16 11:33:00', '');
INSERT INTO `sys_dict_data` VALUES ('29', '1', '', '0', 'biz_leave_type', '', 'info', 'Y', '0', 'admin', '2019-10-11 21:48:39', 'admin', '2019-10-12 17:12:43', '');
INSERT INTO `sys_dict_data` VALUES ('30', '2', '', '1', 'biz_leave_type', '', 'success', 'Y', '0', 'admin', '2019-10-11 21:49:00', 'admin', '2019-10-12 17:12:50', '');

-- ----------------------------
-- Table structure for sys_dict_type
-- ----------------------------
DROP TABLE IF EXISTS `sys_dict_type`;
CREATE TABLE `sys_dict_type` (
  `dict_id` bigint(20) NOT NULL AUTO_INCREMENT COMMENT '',
  `dict_name` varchar(100) DEFAULT '' COMMENT '',
  `dict_type` varchar(100) DEFAULT '' COMMENT '',
  `status` char(1) DEFAULT '0' COMMENT '0 1',
  `create_by` varchar(64) DEFAULT '' COMMENT '',
  `create_time` datetime DEFAULT NULL COMMENT '',
  `update_by` varchar(64) DEFAULT '' COMMENT '',
  `update_time` datetime DEFAULT NULL COMMENT '',
  `remark` varchar(500) DEFAULT NULL COMMENT '',
  PRIMARY KEY (`dict_id`),
  UNIQUE KEY `dict_type` (`dict_type`)
) ENGINE=InnoDB AUTO_INCREMENT=12 DEFAULT CHARSET=utf8 COMMENT='';

-- ----------------------------
-- Records of sys_dict_type
-- ----------------------------
INSERT INTO `sys_dict_type` VALUES ('1', '', 'sys_user_sex', '0', 'admin', '2018-03-16 11:33:00', 'ry', '2018-03-16 11:33:00', '');
INSERT INTO `sys_dict_type` VALUES ('2', '', 'sys_show_hide', '0', 'admin', '2018-03-16 11:33:00', 'ry', '2018-03-16 11:33:00', '');
INSERT INTO `sys_dict_type` VALUES ('3', '', 'sys_normal_disable', '0', 'admin', '2018-03-16 11:33:00', 'ry', '2018-03-16 11:33:00', '');
INSERT INTO `sys_dict_type` VALUES ('4', '', 'sys_job_status', '0', 'admin', '2018-03-16 11:33:00', 'ry', '2018-03-16 11:33:00', '');
INSERT INTO `sys_dict_type` VALUES ('5', '', 'sys_job_group', '0', 'admin', '2018-03-16 11:33:00', 'ry', '2018-03-16 11:33:00', '');
INSERT INTO `sys_dict_type` VALUES ('6', '', 'sys_yes_no', '0', 'admin', '2018-03-16 11:33:00', 'ry', '2018-03-16 11:33:00', '');
INSERT INTO `sys_dict_type` VALUES ('7', '', 'sys_notice_type', '0', 'admin', '2018-03-16 11:33:00', 'ry', '2018-03-16 11:33:00', '');
INSERT INTO `sys_dict_type` VALUES ('8', '', 'sys_notice_status', '0', 'admin', '2018-03-16 11:33:00', 'ry', '2018-03-16 11:33:00', '');
INSERT INTO `sys_dict_type` VALUES ('9', '', 'sys_oper_type', '0', 'admin', '2018-03-16 11:33:00', 'ry', '2018-03-16 11:33:00', '');
INSERT INTO `sys_dict_type` VALUES ('10', '', 'sys_common_status', '0', 'admin', '2018-03-16 11:33:00', 'ry', '2018-03-16 11:33:00', '');
INSERT INTO `sys_dict_type` VALUES ('11', '', 'biz_leave_type', '0', 'admin', '2019-10-11 21:47:15', 'admin', '2019-10-11 21:47:30', '');

-- ----------------------------
-- Table structure for sys_job
-- ----------------------------
DROP TABLE IF EXISTS `sys_job`;
CREATE TABLE `sys_job` (
  `job_id` bigint(20) NOT NULL AUTO_INCREMENT COMMENT 'ID',
  `job_name` varchar(64) NOT NULL DEFAULT '' COMMENT '',
  `job_group` varchar(64) NOT NULL DEFAULT 'DEFAULT' COMMENT '',
  `invoke_target` varchar(500) NOT NULL COMMENT '',
  `cron_expression` varchar(255) DEFAULT '' COMMENT 'cron',
  `misfire_policy` varchar(20) DEFAULT '3' COMMENT '1 2 3',
  `concurrent` char(1) DEFAULT '1' COMMENT '0 1',
  `status` char(1) DEFAULT '0' COMMENT '0 1',
  `create_by` varchar(64) DEFAULT '' COMMENT '',
  `create_time` datetime DEFAULT NULL COMMENT '',
  `update_by` varchar(64) DEFAULT '' COMMENT '',
  `update_time` datetime DEFAULT NULL COMMENT '',
  `remark` varchar(500) DEFAULT '' COMMENT '',
  PRIMARY KEY (`job_id`,`job_name`,`job_group`)
) ENGINE=InnoDB AUTO_INCREMENT=4 DEFAULT CHARSET=utf8 COMMENT='';

-- ----------------------------
-- Records of sys_job
-- ----------------------------
INSERT INTO `sys_job` VALUES ('1', '', 'DEFAULT', 'ryTask.ryNoParams', '0/10 * * * * ?', '3', '1', '1', 'admin', '2018-03-16 11:33:00', 'ry', '2018-03-16 11:33:00', '');
INSERT INTO `sys_job` VALUES ('2', '', 'DEFAULT', 'ryTask.ryParams(\'ry\')', '0/15 * * * * ?', '3', '1', '1', 'admin', '2018-03-16 11:33:00', 'ry', '2018-03-16 11:33:00', '');
INSERT INTO `sys_job` VALUES ('3', '', 'DEFAULT', 'ryTask.ryMultipleParams(\'ry\', true, 2000L, 316.50D, 100)', '0/20 * * * * ?', '3', '1', '1', 'admin', '2018-03-16 11:33:00', 'ry', '2018-03-16 11:33:00', '');

-- ----------------------------
-- Table structure for sys_job_log
-- ----------------------------
DROP TABLE IF EXISTS `sys_job_log`;
CREATE TABLE `sys_job_log` (
  `job_log_id` bigint(20) NOT NULL AUTO_INCREMENT COMMENT 'ID',
  `job_name` varchar(64) NOT NULL COMMENT '',
  `job_group` varchar(64) NOT NULL COMMENT '',
  `invoke_target` varchar(500) NOT NULL COMMENT '',
  `job_message` varchar(500) DEFAULT NULL COMMENT '',
  `status` char(1) DEFAULT '0' COMMENT '0 1',
  `exception_info` varchar(2000) DEFAULT '' COMMENT '',
  `create_time` datetime DEFAULT NULL COMMENT '',
  PRIMARY KEY (`job_log_id`)
) ENGINE=InnoDB DEFAULT CHARSET=utf8 COMMENT='';

-- ----------------------------
-- Records of sys_job_log
-- ----------------------------

-- ----------------------------
-- Table structure for sys_logininfor
-- ----------------------------
DROP TABLE IF EXISTS `sys_logininfor`;
CREATE TABLE `sys_logininfor` (
  `info_id` bigint(20) NOT NULL AUTO_INCREMENT COMMENT 'ID',
  `login_name` varchar(50) DEFAULT '' COMMENT '',
  `ipaddr` varchar(50) DEFAULT '' COMMENT 'IP',
  `login_location` varchar(255) DEFAULT '' COMMENT '',
  `browser` varchar(50) DEFAULT '' COMMENT '',
  `os` varchar(50) DEFAULT '' COMMENT '',
  `status` char(1) DEFAULT '0' COMMENT '0 1',
  `msg` varchar(255) DEFAULT '' COMMENT '',
  `login_time` datetime DEFAULT NULL COMMENT '',
  PRIMARY KEY (`info_id`)
) ENGINE=InnoDB AUTO_INCREMENT=918 DEFAULT CHARSET=utf8 COMMENT='';

-- ----------------------------
-- Records of sys_logininfor
-- ----------------------------
INSERT INTO `sys_logininfor` VALUES ('100', 'admin', '127.0.0.1', 'IP', 'Chrome', 'Windows 10', '0', '', '2019-09-28 13:56:34');
INSERT INTO `sys_logininfor` VALUES ('101', 'admin', '127.0.0.1', 'IP', 'Chrome', 'Windows 10', '0', '', '2019-09-28 17:00:42');
INSERT INTO `sys_logininfor` VALUES ('102', 'admin', '127.0.0.1', 'IP', 'Chrome', 'Windows 10', '0', '', '2019-09-28 17:10:01');
INSERT INTO `sys_logininfor` VALUES ('103', 'admin', '127.0.0.1', 'IP', 'Internet Explorer 11', 'Windows 10', '0', '', '2019-09-28 17:32:08');
INSERT INTO `sys_logininfor` VALUES ('104', 'admin', '127.0.0.1', 'IP', 'Internet Explorer 11', 'Windows 10', '0', '', '2019-09-28 18:01:45');
INSERT INTO `sys_logininfor` VALUES ('105', 'ruoyi', '127.0.0.1', 'IP', 'Internet Explorer 11', 'Windows 10', '1', '/', '2019-09-28 18:42:05');
INSERT INTO `sys_logininfor` VALUES ('106', 'ruoyi', '127.0.0.1', 'IP', 'Internet Explorer 11', 'Windows 10', '1', '', '2019-09-28 18:42:14');
INSERT INTO `sys_logininfor` VALUES ('107', 'ruoyi', '127.0.0.1', 'IP', 'Internet Explorer 11', 'Windows 10', '1', '/', '2019-09-28 18:42:20');
INSERT INTO `sys_logininfor` VALUES ('108', 'ry', '127.0.0.1', 'IP', 'Internet Explorer 11', 'Windows 10', '1', '1', '2019-09-28 18:42:30');
INSERT INTO `sys_logininfor` VALUES ('109', 'ry', '127.0.0.1', 'IP', 'Internet Explorer 11', 'Windows 10', '1', '2', '2019-09-28 18:42:58');
INSERT INTO `sys_logininfor` VALUES ('110', 'ry', '127.0.0.1', 'IP', 'Internet Explorer 11', 'Windows 10', '1', '3', '2019-09-28 18:43:06');
INSERT INTO `sys_logininfor` VALUES ('111', 'admin', '127.0.0.1', 'IP', 'Chrome', 'Windows 10', '0', '', '2019-09-28 18:45:14');
INSERT INTO `sys_logininfor` VALUES ('112', 'ry', '127.0.0.1', 'IP', 'Chrome', 'Windows 10', '1', '4', '2019-09-28 18:46:26');
INSERT INTO `sys_logininfor` VALUES ('113', 'ry', '127.0.0.1', 'IP', 'Chrome', 'Windows 10', '1', '5', '2019-09-28 18:46:35');
INSERT INTO `sys_logininfor` VALUES ('114', 'ry', '127.0.0.1', 'IP', 'Chrome', 'Windows 10', '1', '1', '2019-09-28 18:50:05');
INSERT INTO `sys_logininfor` VALUES ('115', 'ry', '127.0.0.1', 'IP', 'Chrome', 'Windows 10', '1', '2', '2019-09-28 18:50:09');
INSERT INTO `sys_logininfor` VALUES ('116', 'ry', '127.0.0.1', 'IP', 'Chrome', 'Windows 10', '1', '3', '2019-09-28 18:50:13');
INSERT INTO `sys_logininfor` VALUES ('117', 'ry', '127.0.0.1', 'IP', 'Chrome', 'Windows 10', '1', '4', '2019-09-28 18:50:20');
INSERT INTO `sys_logininfor` VALUES ('118', 'ry', '127.0.0.1', 'IP', 'Chrome', 'Windows 10', '0', '', '2019-09-28 18:50:25');
INSERT INTO `sys_logininfor` VALUES ('119', 'admin', '127.0.0.1', 'IP', 'Chrome', 'Windows 10', '0', '', '2019-09-28 18:51:55');
INSERT INTO `sys_logininfor` VALUES ('120', 'admin', '192.168.43.1', 'IP', 'Chrome Mobile', 'Android Mobile', '0', '', '2019-09-28 19:02:41');
INSERT INTO `sys_logininfor` VALUES ('121', 'admin', '127.0.0.1', 'IP', 'Chrome', 'Windows 10', '0', '', '2019-09-28 20:13:07');
INSERT INTO `sys_logininfor` VALUES ('122', 'admin', '192.168.0.101', 'IP', 'Chrome Mobile', 'Android Mobile', '0', '', '2019-09-28 20:45:32');
INSERT INTO `sys_logininfor` VALUES ('123', 'admin', '192.168.0.101', 'IP', 'Chrome Mobile', 'Android Mobile', '0', '', '2019-09-28 22:43:09');
INSERT INTO `sys_logininfor` VALUES ('124', 'admin', '192.168.0.101', 'IP', 'Chrome Mobile', 'Android Mobile', '0', '', '2019-09-28 22:43:15');
INSERT INTO `sys_logininfor` VALUES ('125', 'admin', '192.168.0.101', 'IP', 'Chrome Mobile', 'Android Mobile', '0', '', '2019-09-28 22:43:18');
INSERT INTO `sys_logininfor` VALUES ('126', 'admin', '127.0.0.1', 'IP', 'Chrome', 'Windows 10', '0', '', '2019-09-28 23:50:13');
INSERT INTO `sys_logininfor` VALUES ('127', 'ry', '127.0.0.1', 'IP', 'Chrome', 'Windows 10', '0', '', '2019-09-28 23:57:37');
INSERT INTO `sys_logininfor` VALUES ('128', 'admin', '127.0.0.1', 'IP', 'Chrome', 'Windows 10', '0', '', '2019-09-29 10:04:53');
INSERT INTO `sys_logininfor` VALUES ('129', 'admin', '127.0.0.1', 'IP', 'Chrome', 'Windows 10', '0', '', '2019-09-29 14:34:37');
INSERT INTO `sys_logininfor` VALUES ('130', 'admin', '127.0.0.1', 'IP', 'Chrome', 'Windows 10', '0', '', '2019-09-29 14:41:55');
INSERT INTO `sys_logininfor` VALUES ('131', 'admin', '127.0.0.1', 'IP', 'Chrome', 'Windows 10', '0', '', '2019-09-29 14:45:02');
INSERT INTO `sys_logininfor` VALUES ('132', 'admin', '127.0.0.1', 'IP', 'Chrome', 'Windows 10', '0', '', '2019-09-29 14:46:40');
INSERT INTO `sys_logininfor` VALUES ('133', 'admin', '127.0.0.1', 'IP', 'Chrome', 'Windows 10', '0', '', '2019-09-29 15:14:46');
INSERT INTO `sys_logininfor` VALUES ('134', 'admin', '127.0.0.1', 'IP', 'Chrome', 'Windows 10', '0', '', '2019-09-29 15:26:20');
INSERT INTO `sys_logininfor` VALUES ('135', 'admin', '127.0.0.1', 'IP', 'Chrome', 'Windows 10', '0', '', '2019-09-29 15:36:35');
INSERT INTO `sys_logininfor` VALUES ('136', 'admin', '127.0.0.1', 'IP', 'Chrome', 'Windows 10', '0', '', '2019-09-29 15:40:38');
INSERT INTO `sys_logininfor` VALUES ('137', 'admin', '127.0.0.1', 'IP', 'Chrome', 'Windows 10', '0', '', '2019-09-29 16:36:18');
INSERT INTO `sys_logininfor` VALUES ('138', 'admin', '127.0.0.1', 'IP', 'Chrome', 'Windows 10', '0', '', '2019-09-29 17:23:01');
INSERT INTO `sys_logininfor` VALUES ('139', 'admin', '127.0.0.1', 'IP', 'Chrome', 'Windows 10', '0', '', '2019-09-29 20:53:09');
INSERT INTO `sys_logininfor` VALUES ('140', 'admin', '127.0.0.1', 'IP', 'Chrome', 'Windows 10', '0', '', '2019-09-29 20:55:57');
INSERT INTO `sys_logininfor` VALUES ('141', 'admin', '127.0.0.1', 'IP', 'Chrome', 'Windows 10', '0', '', '2019-09-29 20:58:40');
INSERT INTO `sys_logininfor` VALUES ('142', 'admin', '127.0.0.1', 'IP', 'Internet Explorer 11', 'Windows 10', '0', '', '2019-09-29 21:14:48');
INSERT INTO `sys_logininfor` VALUES ('143', 'admin', '127.0.0.1', 'IP', 'Chrome', 'Windows 10', '0', '', '2019-09-29 21:16:29');
INSERT INTO `sys_logininfor` VALUES ('144', 'admin', '127.0.0.1', 'IP', 'Chrome', 'Windows 10', '0', '', '2019-09-29 21:20:16');
INSERT INTO `sys_logininfor` VALUES ('145', 'admin', '127.0.0.1', 'IP', 'Chrome', 'Windows 10', '0', '', '2019-09-29 21:29:50');
INSERT INTO `sys_logininfor` VALUES ('146', 'admin', '127.0.0.1', 'IP', 'Chrome', 'Windows 10', '0', '', '2019-09-29 22:11:30');
INSERT INTO `sys_logininfor` VALUES ('147', 'admin', '127.0.0.1', 'IP', 'Internet Explorer 11', 'Windows 10', '0', '', '2019-09-29 22:12:12');
INSERT INTO `sys_logininfor` VALUES ('148', 'admin', '192.168.0.100', 'IP', 'Chrome Mobile', 'Android Mobile', '0', '', '2019-09-29 22:14:29');
INSERT INTO `sys_logininfor` VALUES ('149', 'admin', '127.0.0.1', 'IP', 'Microsoft Edge', 'Windows 10', '0', '', '2019-09-29 22:15:24');
INSERT INTO `sys_logininfor` VALUES ('150', 'admin', '127.0.0.1', 'IP', 'Chrome', 'Windows 10', '0', '', '2019-09-29 22:20:00');
INSERT INTO `sys_logininfor` VALUES ('151', 'admin', '127.0.0.1', 'IP', 'Microsoft Edge', 'Windows 10', '0', '', '2019-09-29 22:20:13');
INSERT INTO `sys_logininfor` VALUES ('152', 'admin', '127.0.0.1', 'IP', 'Microsoft Edge', 'Windows 10', '0', '', '2019-09-29 22:20:32');
INSERT INTO `sys_logininfor` VALUES ('153', 'admin', '127.0.0.1', 'IP', 'Internet Explorer 11', 'Windows 10', '0', '', '2019-09-29 22:20:44');
INSERT INTO `sys_logininfor` VALUES ('154', 'admin', '127.0.0.1', 'IP', 'Chrome', 'Windows 10', '0', '', '2019-09-29 22:21:37');
INSERT INTO `sys_logininfor` VALUES ('155', 'admin', '127.0.0.1', 'IP', 'Chrome', 'Windows 10', '0', '', '2019-09-29 22:21:39');
INSERT INTO `sys_logininfor` VALUES ('156', 'admin', '127.0.0.1', 'IP', 'Microsoft Edge', 'Windows 10', '0', '', '2019-09-29 22:21:47');
INSERT INTO `sys_logininfor` VALUES ('157', 'admin', '127.0.0.1', 'IP', 'Microsoft Edge', 'Windows 10', '0', '', '2019-09-29 22:21:49');
INSERT INTO `sys_logininfor` VALUES ('158', 'admin', '127.0.0.1', 'IP', 'Microsoft Edge', 'Windows 10', '0', '', '2019-09-29 22:22:24');
INSERT INTO `sys_logininfor` VALUES ('159', 'admin', '127.0.0.1', 'IP', 'Microsoft Edge', 'Windows 10', '0', '', '2019-09-29 22:22:27');
INSERT INTO `sys_logininfor` VALUES ('160', 'admin', '127.0.0.1', 'IP', 'Internet Explorer 11', 'Windows 10', '0', '', '2019-09-29 22:22:47');
INSERT INTO `sys_logininfor` VALUES ('161', 'admin', '127.0.0.1', 'IP', 'Internet Explorer 11', 'Windows 10', '0', '', '2019-09-29 22:22:49');
INSERT INTO `sys_logininfor` VALUES ('162', 'admin', '127.0.0.1', 'IP', 'Chrome', 'Windows 10', '0', '', '2019-09-29 22:23:22');
INSERT INTO `sys_logininfor` VALUES ('163', 'admin', '127.0.0.1', 'IP', 'Chrome', 'Windows 10', '0', '', '2019-09-29 22:23:24');
INSERT INTO `sys_logininfor` VALUES ('164', 'admin', '192.168.0.100', 'IP', 'Chrome Mobile', 'Android Mobile', '0', '', '2019-09-29 22:23:43');
INSERT INTO `sys_logininfor` VALUES ('165', 'admin', '192.168.0.100', 'IP', 'Chrome Mobile', 'Android Mobile', '0', '', '2019-09-29 22:24:12');
INSERT INTO `sys_logininfor` VALUES ('166', 'admin', '127.0.0.1', 'IP', 'Chrome', 'Windows 10', '0', '', '2019-09-29 22:24:44');
INSERT INTO `sys_logininfor` VALUES ('167', 'admin', '127.0.0.1', 'IP', 'Internet Explorer 11', 'Windows 10', '0', '', '2019-09-29 22:24:50');
INSERT INTO `sys_logininfor` VALUES ('168', 'admin', '127.0.0.1', 'IP', 'Internet Explorer 11', 'Windows 10', '0', '', '2019-09-29 22:24:59');
INSERT INTO `sys_logininfor` VALUES ('169', 'admin', '127.0.0.1', 'IP', 'Internet Explorer 11', 'Windows 10', '0', '', '2019-09-29 22:25:01');
INSERT INTO `sys_logininfor` VALUES ('170', 'admin', '127.0.0.1', 'IP', 'Internet Explorer 11', 'Windows 10', '0', '', '2019-09-29 22:25:54');
INSERT INTO `sys_logininfor` VALUES ('171', 'admin', '127.0.0.1', 'IP', 'Chrome', 'Windows 10', '0', '', '2019-09-29 22:27:25');
INSERT INTO `sys_logininfor` VALUES ('172', 'admin', '192.168.0.100', 'IP', 'Chrome Mobile', 'Android Mobile', '0', '', '2019-09-29 22:27:50');
INSERT INTO `sys_logininfor` VALUES ('173', 'admin', '127.0.0.1', 'IP', 'Internet Explorer 11', 'Windows 10', '0', '', '2019-09-29 22:28:58');
INSERT INTO `sys_logininfor` VALUES ('174', 'admin', '127.0.0.1', 'IP', 'Internet Explorer 11', 'Windows 10', '0', '', '2019-09-29 22:32:30');
INSERT INTO `sys_logininfor` VALUES ('175', 'admin', '127.0.0.1', 'IP', 'Chrome', 'Windows 10', '0', '', '2019-09-29 22:35:21');
INSERT INTO `sys_logininfor` VALUES ('176', 'admin', '192.168.0.100', 'IP', 'Chrome Mobile', 'Android Mobile', '0', '', '2019-09-29 22:35:49');
INSERT INTO `sys_logininfor` VALUES ('177', 'admin', '127.0.0.1', 'IP', 'Internet Explorer 11', 'Windows 10', '0', '', '2019-09-29 22:38:53');
INSERT INTO `sys_logininfor` VALUES ('178', 'admin', '127.0.0.1', 'IP', 'Internet Explorer 11', 'Windows 10', '0', '', '2019-09-29 22:40:57');
INSERT INTO `sys_logininfor` VALUES ('179', 'admin', '127.0.0.1', 'IP', 'Internet Explorer 11', 'Windows 10', '0', '', '2019-09-29 22:41:58');
INSERT INTO `sys_logininfor` VALUES ('180', 'admin', '127.0.0.1', 'IP', 'Internet Explorer 11', 'Windows 10', '0', '', '2019-09-29 22:42:52');
INSERT INTO `sys_logininfor` VALUES ('181', 'admin', '127.0.0.1', 'IP', 'Internet Explorer 11', 'Windows 10', '0', '', '2019-09-29 22:45:26');
INSERT INTO `sys_logininfor` VALUES ('182', 'admin', '127.0.0.1', 'IP', 'Internet Explorer 11', 'Windows 10', '0', '', '2019-09-29 22:46:05');
INSERT INTO `sys_logininfor` VALUES ('183', 'admin', '127.0.0.1', 'IP', 'Internet Explorer 11', 'Windows 10', '0', '', '2019-09-29 22:46:07');
INSERT INTO `sys_logininfor` VALUES ('184', 'admin', '192.168.0.100', 'IP', 'Chrome Mobile', 'Android Mobile', '0', '', '2019-09-29 22:46:18');
INSERT INTO `sys_logininfor` VALUES ('185', 'admin', '127.0.0.1', 'IP', 'Chrome', 'Windows 10', '0', '', '2019-09-29 22:46:52');
INSERT INTO `sys_logininfor` VALUES ('186', 'admin', '127.0.0.1', 'IP', 'Internet Explorer 11', 'Windows 10', '0', '', '2019-09-29 22:54:44');
INSERT INTO `sys_logininfor` VALUES ('187', 'admin', '127.0.0.1', 'IP', 'Chrome', 'Windows 10', '0', '', '2019-09-29 22:55:01');
INSERT INTO `sys_logininfor` VALUES ('188', 'admin', '127.0.0.1', 'IP', 'Chrome', 'Windows 10', '0', '', '2019-09-29 22:56:42');
INSERT INTO `sys_logininfor` VALUES ('189', 'admin', '127.0.0.1', 'IP', 'Chrome', 'Windows 10', '0', '', '2019-09-29 22:58:01');
INSERT INTO `sys_logininfor` VALUES ('190', 'admin', '127.0.0.1', 'IP', 'Internet Explorer 11', 'Windows 10', '0', '', '2019-09-29 22:58:13');
INSERT INTO `sys_logininfor` VALUES ('191', 'admin', '127.0.0.1', 'IP', 'Internet Explorer 11', 'Windows 10', '0', '', '2019-09-29 22:59:39');
INSERT INTO `sys_logininfor` VALUES ('192', 'admin', '127.0.0.1', 'IP', 'Chrome', 'Windows 10', '0', '', '2019-09-29 22:59:53');
INSERT INTO `sys_logininfor` VALUES ('193', 'admin', '127.0.0.1', 'IP', 'Internet Explorer 11', 'Windows 10', '0', '', '2019-09-29 23:01:15');
INSERT INTO `sys_logininfor` VALUES ('194', 'admin', '127.0.0.1', 'IP', 'Internet Explorer 11', 'Windows 10', '0', '', '2019-09-29 23:01:17');
INSERT INTO `sys_logininfor` VALUES ('195', 'admin', '127.0.0.1', 'IP', 'Chrome', 'Windows 10', '0', '', '2019-09-29 23:03:26');
INSERT INTO `sys_logininfor` VALUES ('196', 'admin', '127.0.0.1', 'IP', 'Chrome', 'Windows 10', '0', '', '2019-09-29 23:05:04');
INSERT INTO `sys_logininfor` VALUES ('197', 'admin', '127.0.0.1', 'IP', 'Chrome', 'Windows 10', '0', '', '2019-09-29 23:07:40');
INSERT INTO `sys_logininfor` VALUES ('198', 'admin', '127.0.0.1', 'IP', 'Chrome', 'Windows 10', '0', '', '2019-09-29 23:08:51');
INSERT INTO `sys_logininfor` VALUES ('199', 'admin', '127.0.0.1', 'IP', 'Chrome', 'Windows 10', '0', '', '2019-09-29 23:08:53');
INSERT INTO `sys_logininfor` VALUES ('200', 'admin', '127.0.0.1', 'IP', 'Chrome', 'Windows 10', '0', '', '2019-09-29 23:09:02');
INSERT INTO `sys_logininfor` VALUES ('201', 'admin', '127.0.0.1', 'IP', 'Chrome', 'Windows 10', '0', '', '2019-09-29 23:09:04');
INSERT INTO `sys_logininfor` VALUES ('202', 'admin', '127.0.0.1', 'IP', 'Chrome', 'Windows 10', '0', '', '2019-09-29 23:11:22');
INSERT INTO `sys_logininfor` VALUES ('203', 'admin', '127.0.0.1', 'IP', 'Internet Explorer 11', 'Windows 10', '0', '', '2019-09-29 23:11:30');
INSERT INTO `sys_logininfor` VALUES ('204', 'admin', '127.0.0.1', 'IP', 'Chrome', 'Windows 10', '0', '', '2019-09-29 23:12:31');
INSERT INTO `sys_logininfor` VALUES ('205', 'admin', '127.0.0.1', 'IP', 'Chrome', 'Windows 10', '0', '', '2019-09-29 23:15:36');
INSERT INTO `sys_logininfor` VALUES ('206', 'admin', '127.0.0.1', 'IP', 'Chrome', 'Windows 10', '0', '', '2019-09-29 23:16:46');
INSERT INTO `sys_logininfor` VALUES ('207', 'admin', '127.0.0.1', 'IP', 'Chrome', 'Windows 10', '0', '', '2019-09-29 23:17:17');
INSERT INTO `sys_logininfor` VALUES ('208', 'admin', '127.0.0.1', 'IP', 'Internet Explorer 11', 'Windows 10', '0', '', '2019-09-29 23:18:26');
INSERT INTO `sys_logininfor` VALUES ('209', 'admin', '127.0.0.1', 'IP', 'Chrome', 'Windows 10', '0', '', '2019-09-29 23:18:38');
INSERT INTO `sys_logininfor` VALUES ('210', 'admin', '127.0.0.1', 'IP', 'Internet Explorer 11', 'Windows 10', '0', '', '2019-09-29 23:19:45');
INSERT INTO `sys_logininfor` VALUES ('211', 'admin', '192.168.0.100', 'IP', 'Chrome Mobile', 'Android Mobile', '0', '', '2019-09-29 23:20:03');
INSERT INTO `sys_logininfor` VALUES ('212', 'admin', '127.0.0.1', 'IP', 'Microsoft Edge', 'Windows 10', '0', '', '2019-09-29 23:40:08');
INSERT INTO `sys_logininfor` VALUES ('213', 'admin', '127.0.0.1', 'IP', 'Chrome', 'Windows 10', '0', '', '2019-09-30 00:10:29');
INSERT INTO `sys_logininfor` VALUES ('214', 'admin', '127.0.0.1', 'IP', 'Chrome', 'Windows 10', '0', '', '2019-09-30 00:13:41');
INSERT INTO `sys_logininfor` VALUES ('215', 'admin', '127.0.0.1', 'IP', 'Chrome', 'Windows 10', '0', '', '2019-09-30 00:15:58');
INSERT INTO `sys_logininfor` VALUES ('216', 'admin', '192.168.0.100', 'IP', 'Chrome Mobile', 'Android Mobile', '0', '', '2019-09-30 00:16:24');
INSERT INTO `sys_logininfor` VALUES ('217', 'admin', '127.0.0.1', 'IP', 'Microsoft Edge', 'Windows 10', '0', '', '2019-09-30 00:16:42');
INSERT INTO `sys_logininfor` VALUES ('218', 'admin', '127.0.0.1', 'IP', 'Chrome', 'Windows 10', '0', '', '2019-09-30 00:23:37');
INSERT INTO `sys_logininfor` VALUES ('219', 'admin', '127.0.0.1', 'IP', 'Chrome', 'Windows 10', '0', '', '2019-09-30 00:40:09');
INSERT INTO `sys_logininfor` VALUES ('220', 'admin', '127.0.0.1', 'IP', 'Chrome', 'Windows 10', '0', '', '2019-09-30 00:40:14');
INSERT INTO `sys_logininfor` VALUES ('221', 'admin', '127.0.0.1', 'IP', 'Chrome', 'Windows 10', '0', '', '2019-09-30 13:30:57');
INSERT INTO `sys_logininfor` VALUES ('222', 'admin', '127.0.0.1', 'IP', 'Chrome', 'Windows 10', '0', '', '2019-09-30 16:37:22');
INSERT INTO `sys_logininfor` VALUES ('223', 'admin', '127.0.0.1', 'IP', 'Chrome', 'Windows 10', '0', '', '2019-09-30 19:33:57');
INSERT INTO `sys_logininfor` VALUES ('224', 'admin', '127.0.0.1', 'IP', 'Chrome', 'Windows 10', '0', '', '2019-09-30 19:59:07');
INSERT INTO `sys_logininfor` VALUES ('225', 'admin', '127.0.0.1', 'IP', 'Chrome', 'Windows 10', '0', '', '2019-09-30 20:01:59');
INSERT INTO `sys_logininfor` VALUES ('226', 'admin', '127.0.0.1', 'IP', 'Chrome', 'Windows 10', '0', '', '2019-09-30 20:06:06');
INSERT INTO `sys_logininfor` VALUES ('227', 'admin', '127.0.0.1', 'IP', 'Chrome', 'Windows 10', '0', '', '2019-09-30 20:14:30');
INSERT INTO `sys_logininfor` VALUES ('228', 'admin', '127.0.0.1', 'IP', 'Chrome', 'Windows 10', '0', '', '2019-09-30 20:20:54');
INSERT INTO `sys_logininfor` VALUES ('229', 'admin', '127.0.0.1', 'IP', 'Chrome', 'Windows 10', '0', '', '2019-09-30 20:23:49');
INSERT INTO `sys_logininfor` VALUES ('230', 'admin', '127.0.0.1', 'IP', 'Chrome', 'Windows 10', '0', '', '2019-09-30 20:31:17');
INSERT INTO `sys_logininfor` VALUES ('231', 'admin', '127.0.0.1', 'IP', 'Chrome', 'Windows 10', '0', '', '2019-09-30 20:37:33');
INSERT INTO `sys_logininfor` VALUES ('232', 'admin', '127.0.0.1', 'IP', 'Chrome', 'Windows 10', '0', '', '2019-09-30 20:38:30');
INSERT INTO `sys_logininfor` VALUES ('233', 'admin', '127.0.0.1', 'IP', 'Chrome', 'Windows 10', '0', '', '2019-09-30 20:39:46');
INSERT INTO `sys_logininfor` VALUES ('234', 'admin', '192.168.0.100', 'IP', 'Chrome Mobile', 'Android Mobile', '0', '', '2019-09-30 20:51:35');
INSERT INTO `sys_logininfor` VALUES ('235', 'admin', '127.0.0.1', 'IP', 'Chrome', 'Windows 10', '0', '', '2019-09-30 21:20:02');
INSERT INTO `sys_logininfor` VALUES ('236', 'admin', '127.0.0.1', 'IP', 'Chrome', 'Windows 10', '0', '', '2019-09-30 21:27:03');
INSERT INTO `sys_logininfor` VALUES ('237', 'admin', '127.0.0.1', 'IP', 'Chrome', 'Windows 10', '0', '', '2019-09-30 23:07:17');
INSERT INTO `sys_logininfor` VALUES ('238', 'admin', '127.0.0.1', 'IP', 'Chrome', 'Windows 10', '0', '', '2019-09-30 23:47:19');
INSERT INTO `sys_logininfor` VALUES ('239', 'admin', '127.0.0.1', 'IP', 'Chrome', 'Windows 10', '0', '', '2019-10-01 00:28:33');
INSERT INTO `sys_logininfor` VALUES ('240', 'admin', '127.0.0.1', 'IP', 'Chrome', 'Windows 10', '0', '', '2019-10-01 16:24:33');
INSERT INTO `sys_logininfor` VALUES ('241', 'admin', '127.0.0.1', 'IP', 'Chrome', 'Windows 10', '0', '', '2019-10-01 16:46:18');
INSERT INTO `sys_logininfor` VALUES ('242', 'admin', '127.0.0.1', 'IP', 'Chrome', 'Windows 10', '0', '', '2019-10-01 16:56:36');
INSERT INTO `sys_logininfor` VALUES ('243', 'admin', '127.0.0.1', 'IP', 'Chrome', 'Windows 10', '0', '', '2019-10-01 18:28:00');
INSERT INTO `sys_logininfor` VALUES ('244', 'admin', '127.0.0.1', 'IP', 'Chrome', 'Windows 10', '0', '', '2019-10-01 19:26:01');
INSERT INTO `sys_logininfor` VALUES ('245', 'admin', '127.0.0.1', 'IP', 'Chrome', 'Windows 10', '0', '', '2019-10-01 19:26:28');
INSERT INTO `sys_logininfor` VALUES ('246', 'admin', '127.0.0.1', 'IP', 'Chrome', 'Windows 10', '0', '', '2019-10-01 19:26:30');
INSERT INTO `sys_logininfor` VALUES ('247', 'admin', '127.0.0.1', 'IP', 'Chrome', 'Windows 10', '0', '', '2019-10-01 19:49:58');
INSERT INTO `sys_logininfor` VALUES ('248', 'admin', '192.168.2.100', 'IP', 'Chrome Mobile', 'Android Mobile', '0', '', '2019-10-01 20:15:30');
INSERT INTO `sys_logininfor` VALUES ('249', 'admin', '127.0.0.1', 'IP', 'Internet Explorer 11', 'Windows 10', '0', '', '2019-10-01 20:16:46');
INSERT INTO `sys_logininfor` VALUES ('250', 'admin', '127.0.0.1', 'IP', 'Chrome', 'Windows 10', '0', '', '2019-10-01 20:24:27');
INSERT INTO `sys_logininfor` VALUES ('251', 'admin', '127.0.0.1', 'IP', 'Chrome', 'Windows 10', '0', '', '2019-10-01 20:27:05');
INSERT INTO `sys_logininfor` VALUES ('252', 'admin', '127.0.0.1', 'IP', 'Chrome', 'Windows 10', '0', '', '2019-10-01 20:58:33');
INSERT INTO `sys_logininfor` VALUES ('253', 'admin', '127.0.0.1', 'IP', 'Chrome', 'Windows 10', '0', '', '2019-10-01 21:23:18');
INSERT INTO `sys_logininfor` VALUES ('254', 'admin', '127.0.0.1', 'IP', 'Chrome', 'Windows 10', '0', '', '2019-10-01 21:35:21');
INSERT INTO `sys_logininfor` VALUES ('255', 'admin', '127.0.0.1', 'IP', 'Chrome', 'Windows 10', '0', '', '2019-10-01 22:09:21');
INSERT INTO `sys_logininfor` VALUES ('256', 'admin', '127.0.0.1', 'IP', 'Chrome', 'Windows 10', '0', '', '2019-10-01 22:26:59');
INSERT INTO `sys_logininfor` VALUES ('257', 'admin', '127.0.0.1', 'IP', 'Internet Explorer 11', 'Windows 10', '0', '', '2019-10-01 22:36:40');
INSERT INTO `sys_logininfor` VALUES ('258', 'admin', '127.0.0.1', 'IP', 'Chrome', 'Windows 10', '0', '', '2019-10-01 22:38:45');
INSERT INTO `sys_logininfor` VALUES ('259', 'admin', '192.168.2.102', 'IP', 'Chrome Mobile', 'Android Mobile', '0', '', '2019-10-01 22:56:17');
INSERT INTO `sys_logininfor` VALUES ('260', 'admin', '127.0.0.1', 'IP', 'Chrome', 'Windows 10', '0', '', '2019-10-02 10:25:20');
INSERT INTO `sys_logininfor` VALUES ('261', 'admin', '127.0.0.1', 'IP', 'Chrome', 'Windows 10', '0', '', '2019-10-02 12:05:40');
INSERT INTO `sys_logininfor` VALUES ('262', 'admin', '127.0.0.1', 'IP', 'Chrome', 'Windows 10', '0', '', '2019-10-02 15:53:20');
INSERT INTO `sys_logininfor` VALUES ('263', 'admin', '127.0.0.1', 'IP', 'Chrome', 'Windows 10', '0', '', '2019-10-02 15:53:22');
INSERT INTO `sys_logininfor` VALUES ('264', 'admin', '127.0.0.1', 'IP', 'Chrome', 'Windows 10', '0', '', '2019-10-02 16:40:10');
INSERT INTO `sys_logininfor` VALUES ('265', 'admin', '127.0.0.1', 'IP', 'Internet Explorer 11', 'Windows 10', '0', '', '2019-10-02 16:40:19');
INSERT INTO `sys_logininfor` VALUES ('266', 'admin', '127.0.0.1', 'IP', 'Microsoft Edge', 'Windows 10', '0', '', '2019-10-02 16:42:39');
INSERT INTO `sys_logininfor` VALUES ('267', 'admin', '127.0.0.1', 'IP', 'Chrome', 'Windows 10', '0', '', '2019-10-02 16:50:35');
INSERT INTO `sys_logininfor` VALUES ('268', 'admin', '127.0.0.1', 'IP', 'Chrome', 'Windows 10', '0', '', '2019-10-02 17:14:36');
INSERT INTO `sys_logininfor` VALUES ('269', 'admin', '127.0.0.1', 'IP', 'Chrome', 'Windows 10', '0', '', '2019-10-02 17:17:02');
INSERT INTO `sys_logininfor` VALUES ('270', 'admin', '127.0.0.1', 'IP', 'Chrome', 'Windows 10', '0', '', '2019-10-02 17:17:04');
INSERT INTO `sys_logininfor` VALUES ('271', 'admin', '127.0.0.1', 'IP', 'Chrome', 'Windows 10', '0', '', '2019-10-02 17:27:18');
INSERT INTO `sys_logininfor` VALUES ('272', 'admin', '127.0.0.1', 'IP', 'Chrome', 'Windows 10', '0', '', '2019-10-02 17:37:52');
INSERT INTO `sys_logininfor` VALUES ('273', 'admin', '127.0.0.1', 'IP', 'Chrome', 'Windows 10', '0', '', '2019-10-02 17:47:44');
INSERT INTO `sys_logininfor` VALUES ('274', 'admin', '127.0.0.1', 'IP', 'Chrome', 'Windows 10', '0', '', '2019-10-02 17:58:25');
INSERT INTO `sys_logininfor` VALUES ('275', 'admin', '127.0.0.1', 'IP', 'Chrome', 'Windows 10', '0', '', '2019-10-02 18:13:42');
INSERT INTO `sys_logininfor` VALUES ('276', 'admin', '127.0.0.1', 'IP', 'Chrome', 'Windows 10', '0', '', '2019-10-02 18:27:03');
INSERT INTO `sys_logininfor` VALUES ('277', 'admin', '192.168.2.103', 'IP', 'Chrome Mobile', 'Android Mobile', '0', '', '2019-10-02 20:21:52');
INSERT INTO `sys_logininfor` VALUES ('278', 'admin', '192.168.2.103', 'IP', 'Chrome Mobile', 'Android Mobile', '0', '', '2019-10-02 20:50:06');
INSERT INTO `sys_logininfor` VALUES ('279', 'admin', '127.0.0.1', 'IP', 'Chrome', 'Windows 10', '0', '', '2019-10-02 21:09:52');
INSERT INTO `sys_logininfor` VALUES ('280', 'admin', '192.168.2.103', 'IP', 'Chrome Mobile', 'Android Mobile', '0', '', '2019-10-02 21:16:04');
INSERT INTO `sys_logininfor` VALUES ('281', 'admin', '192.168.2.103', 'IP', 'Chrome Mobile', 'Android Mobile', '0', '', '2019-10-02 21:16:22');
INSERT INTO `sys_logininfor` VALUES ('282', 'admin', '192.168.2.103', 'IP', 'Chrome Mobile', 'Android Mobile', '0', '', '2019-10-02 21:16:24');
INSERT INTO `sys_logininfor` VALUES ('283', 'admin', '192.168.2.103', 'IP', 'Chrome Mobile', 'Android Mobile', '0', '', '2019-10-02 21:17:30');
INSERT INTO `sys_logininfor` VALUES ('284', 'admin', '192.168.2.103', 'IP', 'Chrome Mobile', 'Android Mobile', '0', '', '2019-10-02 21:17:33');
INSERT INTO `sys_logininfor` VALUES ('285', 'admin', '192.168.2.103', 'IP', 'Chrome Mobile', 'Android Mobile', '0', '', '2019-10-02 21:18:04');
INSERT INTO `sys_logininfor` VALUES ('286', 'admin', '192.168.2.103', 'IP', 'Chrome Mobile', 'Android Mobile', '0', '', '2019-10-02 21:18:28');
INSERT INTO `sys_logininfor` VALUES ('287', 'admin', '127.0.0.1', 'IP', 'Chrome', 'Windows 10', '0', '', '2019-10-02 21:19:04');
INSERT INTO `sys_logininfor` VALUES ('288', 'admin', '127.0.0.1', 'IP', 'Chrome', 'Windows 10', '0', '', '2019-10-02 21:19:12');
INSERT INTO `sys_logininfor` VALUES ('289', 'admin', '192.168.2.103', 'IP', 'Chrome Mobile', 'Android Mobile', '0', '', '2019-10-02 21:26:22');
INSERT INTO `sys_logininfor` VALUES ('290', 'admin', '192.168.2.103', 'IP', 'Chrome Mobile', 'Android Mobile', '0', '', '2019-10-02 21:26:32');
INSERT INTO `sys_logininfor` VALUES ('291', 'admin', '127.0.0.1', 'IP', 'Chrome', 'Windows 10', '0', '', '2019-10-02 21:28:33');
INSERT INTO `sys_logininfor` VALUES ('292', 'admin', '127.0.0.1', 'IP', 'Chrome', 'Windows 10', '0', '', '2019-10-02 21:28:46');
INSERT INTO `sys_logininfor` VALUES ('293', 'admin', '127.0.0.1', 'IP', 'Chrome', 'Windows 10', '0', '', '2019-10-02 21:34:59');
INSERT INTO `sys_logininfor` VALUES ('294', 'admin', '127.0.0.1', 'IP', 'Chrome', 'Windows 10', '0', '', '2019-10-02 21:36:58');
INSERT INTO `sys_logininfor` VALUES ('295', 'admin', '127.0.0.1', 'IP', 'Chrome', 'Windows 10', '0', '', '2019-10-02 21:37:46');
INSERT INTO `sys_logininfor` VALUES ('296', 'admin', '127.0.0.1', 'IP', 'Chrome', 'Windows 10', '0', '', '2019-10-02 21:37:50');
INSERT INTO `sys_logininfor` VALUES ('297', 'admin', '127.0.0.1', 'IP', 'Chrome', 'Windows 10', '0', '', '2019-10-02 22:16:00');
INSERT INTO `sys_logininfor` VALUES ('298', 'admin', '127.0.0.1', 'IP', 'Chrome', 'Windows 10', '0', '', '2019-10-02 22:39:55');
INSERT INTO `sys_logininfor` VALUES ('299', 'admin', '127.0.0.1', 'IP', 'Chrome', 'Windows 10', '0', '', '2019-10-02 23:04:19');
INSERT INTO `sys_logininfor` VALUES ('300', 'admin', '127.0.0.1', 'IP', 'Chrome', 'Windows 10', '0', '', '2019-10-02 23:04:40');
INSERT INTO `sys_logininfor` VALUES ('301', 'axianlu', '127.0.0.1', 'IP', 'Chrome', 'Windows 10', '0', '', '2019-10-02 23:04:50');
INSERT INTO `sys_logininfor` VALUES ('302', 'axianlu', '127.0.0.1', 'IP', 'Chrome', 'Windows 10', '0', '', '2019-10-02 23:05:30');
INSERT INTO `sys_logininfor` VALUES ('303', 'admin', '127.0.0.1', 'IP', 'Chrome', 'Windows 10', '0', '', '2019-10-02 23:05:33');
INSERT INTO `sys_logininfor` VALUES ('304', 'admin', '127.0.0.1', 'IP', 'Chrome', 'Windows 10', '0', '', '2019-10-03 16:05:42');
INSERT INTO `sys_logininfor` VALUES ('305', 'admin', '127.0.0.1', 'IP', 'Chrome', 'Windows 10', '0', '', '2019-10-06 17:30:59');
INSERT INTO `sys_logininfor` VALUES ('306', 'admin', '127.0.0.1', 'IP', 'Chrome', 'Windows 10', '0', '', '2019-10-06 17:31:28');
INSERT INTO `sys_logininfor` VALUES ('307', 'admin', '127.0.0.1', 'IP', 'Chrome', 'Windows 10', '0', '', '2019-10-07 20:27:03');
INSERT INTO `sys_logininfor` VALUES ('308', 'admin', '192.168.86.42', 'IP', 'Chrome Mobile', 'Android Mobile', '0', '', '2019-10-09 12:48:53');
INSERT INTO `sys_logininfor` VALUES ('309', 'admin', '127.0.0.1', 'IP', 'Chrome', 'Windows 10', '0', '', '2019-10-09 14:18:56');
INSERT INTO `sys_logininfor` VALUES ('310', 'admin', '127.0.0.1', 'IP', 'Chrome', 'Windows 10', '0', '', '2019-10-09 16:05:48');
INSERT INTO `sys_logininfor` VALUES ('311', 'admin', '127.0.0.1', 'IP', 'Chrome', 'Windows 10', '0', '', '2019-10-09 16:05:49');
INSERT INTO `sys_logininfor` VALUES ('312', 'admin', '127.0.0.1', 'IP', 'Chrome', 'Windows 10', '0', '', '2019-10-09 16:06:23');
INSERT INTO `sys_logininfor` VALUES ('313', 'admin', '127.0.0.1', 'IP', 'Chrome', 'Windows 10', '0', '', '2019-10-09 16:43:40');
INSERT INTO `sys_logininfor` VALUES ('314', 'admin', '127.0.0.1', 'IP', 'Chrome', 'Windows 10', '0', '', '2019-10-09 16:43:43');
INSERT INTO `sys_logininfor` VALUES ('315', 'admin', '127.0.0.1', 'IP', 'Chrome', 'Windows 10', '0', '', '2019-10-09 16:46:14');
INSERT INTO `sys_logininfor` VALUES ('316', 'admin', '127.0.0.1', 'IP', 'Chrome', 'Windows 10', '0', '', '2019-10-09 16:47:06');
INSERT INTO `sys_logininfor` VALUES ('317', 'admin', '127.0.0.1', 'IP', 'Chrome', 'Windows 10', '0', '', '2019-10-09 23:13:26');
INSERT INTO `sys_logininfor` VALUES ('318', 'admin', '127.0.0.1', 'IP', 'Chrome', 'Windows 10', '0', '', '2019-10-09 23:56:04');
INSERT INTO `sys_logininfor` VALUES ('319', 'admin', '127.0.0.1', 'IP', 'Chrome', 'Windows 10', '0', '', '2019-10-10 10:00:28');
INSERT INTO `sys_logininfor` VALUES ('320', 'admin', '127.0.0.1', 'IP', 'Chrome', 'Windows 10', '0', '', '2019-10-10 10:44:47');
INSERT INTO `sys_logininfor` VALUES ('321', 'admin', '127.0.0.1', 'IP', 'Chrome', 'Windows 10', '0', '', '2019-10-10 13:51:36');
INSERT INTO `sys_logininfor` VALUES ('322', 'admin', '127.0.0.1', 'IP', 'Chrome', 'Windows 10', '0', '', '2019-10-10 15:35:30');
INSERT INTO `sys_logininfor` VALUES ('323', 'admin', '127.0.0.1', 'IP', 'Chrome', 'Windows 10', '0', '', '2019-10-11 08:51:34');
INSERT INTO `sys_logininfor` VALUES ('324', 'admin', '127.0.0.1', 'IP', 'Chrome', 'Windows 10', '0', '', '2019-10-11 10:42:39');
INSERT INTO `sys_logininfor` VALUES ('325', 'admin', '127.0.0.1', 'IP', 'Chrome', 'Windows 10', '0', '', '2019-10-12 09:42:48');
INSERT INTO `sys_logininfor` VALUES ('326', 'axianlu', '127.0.0.1', 'IP', 'Chrome', 'Windows 10', '0', '', '2019-10-12 16:49:43');
INSERT INTO `sys_logininfor` VALUES ('327', 'axianlu', '127.0.0.1', 'IP', 'Chrome', 'Windows 10', '0', '', '2019-10-12 16:55:51');
INSERT INTO `sys_logininfor` VALUES ('328', 'axianlu', '127.0.0.1', 'IP', 'Chrome', 'Windows 10', '0', '', '2019-10-12 16:55:59');
INSERT INTO `sys_logininfor` VALUES ('329', 'rensm', '127.0.0.1', 'IP', 'Internet Explorer 11', 'Windows 10', '0', '', '2019-10-12 16:56:37');
INSERT INTO `sys_logininfor` VALUES ('330', 'chengxy', '127.0.0.1', 'IP', 'Microsoft Edge', 'Windows 10', '0', '', '2019-10-12 19:30:50');
INSERT INTO `sys_logininfor` VALUES ('331', 'axianlu', '192.168.0.100', 'IP', 'Chrome Mobile', 'Android Mobile', '0', '', '2019-10-12 20:03:27');
INSERT INTO `sys_logininfor` VALUES ('332', 'axianlu', '192.168.0.100', 'IP', 'Chrome Mobile', 'Android Mobile', '0', '', '2019-10-12 20:08:06');
INSERT INTO `sys_logininfor` VALUES ('333', 'admin', '192.168.0.100', 'IP', 'Chrome Mobile', 'Android Mobile', '0', '', '2019-10-12 20:08:08');
INSERT INTO `sys_logininfor` VALUES ('334', 'chengxy', '127.0.0.1', 'IP', 'Internet Explorer 11', 'Windows 10', '0', '', '2019-10-14 13:32:27');
INSERT INTO `sys_logininfor` VALUES ('335', 'axianlu', '127.0.0.1', 'IP', 'Internet Explorer 11', 'Windows 10', '0', '', '2019-10-14 13:33:23');
INSERT INTO `sys_logininfor` VALUES ('336', 'axianlu', '127.0.0.1', 'IP', 'Internet Explorer 11', 'Windows 10', '0', '', '2019-10-14 13:38:18');
INSERT INTO `sys_logininfor` VALUES ('337', 'axianlu', '127.0.0.1', 'IP', 'Internet Explorer 11', 'Windows 10', '0', '', '2019-10-14 13:42:11');
INSERT INTO `sys_logininfor` VALUES ('338', 'axainlu', '127.0.0.1', 'IP', 'Internet Explorer 11', 'Windows 10', '1', '/', '2019-10-14 13:45:11');
INSERT INTO `sys_logininfor` VALUES ('339', 'axianlu', '127.0.0.1', 'IP', 'Microsoft Edge', 'Windows 10', '0', '', '2019-10-14 13:45:35');
INSERT INTO `sys_logininfor` VALUES ('340', 'axianlu', '127.0.0.1', 'IP', 'Microsoft Edge', 'Windows 10', '0', '', '2019-10-14 13:49:03');
INSERT INTO `sys_logininfor` VALUES ('341', 'axianlu', '127.0.0.1', 'IP', 'Microsoft Edge', 'Windows 10', '0', '', '2019-10-14 14:04:05');
INSERT INTO `sys_logininfor` VALUES ('342', 'axianlu', '127.0.0.1', 'IP', 'Microsoft Edge', 'Windows 10', '0', '', '2019-10-14 14:17:09');
INSERT INTO `sys_logininfor` VALUES ('343', 'axianlu', '127.0.0.1', 'IP', 'Microsoft Edge', 'Windows 10', '0', '', '2019-10-14 14:21:02');
INSERT INTO `sys_logininfor` VALUES ('344', 'axianlu', '127.0.0.1', 'IP', 'Microsoft Edge', 'Windows 10', '0', '', '2019-10-14 14:24:00');
INSERT INTO `sys_logininfor` VALUES ('345', 'axianlu', '127.0.0.1', 'IP', 'Microsoft Edge', 'Windows 10', '0', '', '2019-10-14 14:42:22');
INSERT INTO `sys_logininfor` VALUES ('346', 'axianlu', '127.0.0.1', 'IP', 'Microsoft Edge', 'Windows 10', '0', '', '2019-10-14 14:45:21');
INSERT INTO `sys_logininfor` VALUES ('347', 'admin', '127.0.0.1', 'IP', 'Chrome', 'Windows 10', '0', '', '2019-10-14 14:47:43');
INSERT INTO `sys_logininfor` VALUES ('348', 'axianlu', '127.0.0.1', 'IP', 'Chrome', 'Windows 10', '0', '', '2019-10-14 14:47:55');
INSERT INTO `sys_logininfor` VALUES ('349', 'axianlu', '127.0.0.1', 'IP', 'Chrome', 'Windows 10', '0', '', '2019-10-14 14:51:11');
INSERT INTO `sys_logininfor` VALUES ('350', 'axianlu', '127.0.0.1', 'IP', 'Chrome', 'Windows 10', '0', '', '2019-10-14 14:52:53');
INSERT INTO `sys_logininfor` VALUES ('351', 'axianlu', '127.0.0.1', 'IP', 'Chrome', 'Windows 10', '0', '', '2019-10-14 14:54:35');
INSERT INTO `sys_logininfor` VALUES ('352', 'axianlu', '127.0.0.1', 'IP', 'Chrome', 'Windows 10', '0', '', '2019-10-14 14:56:21');
INSERT INTO `sys_logininfor` VALUES ('353', 'axianlu', '127.0.0.1', 'IP', 'Chrome', 'Windows 10', '0', '', '2019-10-14 14:57:31');
INSERT INTO `sys_logininfor` VALUES ('354', 'axianlu', '127.0.0.1', 'IP', 'Chrome', 'Windows 10', '0', '', '2019-10-14 14:59:55');
INSERT INTO `sys_logininfor` VALUES ('355', 'axianlu', '127.0.0.1', 'IP', 'Chrome', 'Windows 10', '0', '', '2019-10-14 15:11:14');
INSERT INTO `sys_logininfor` VALUES ('356', 'axianlu', '127.0.0.1', 'IP', 'Chrome', 'Windows 10', '0', '', '2019-10-14 15:13:28');
INSERT INTO `sys_logininfor` VALUES ('357', 'axianlu', '127.0.0.1', 'IP', 'Chrome', 'Windows 10', '0', '', '2019-10-14 15:16:46');
INSERT INTO `sys_logininfor` VALUES ('358', 'axianlu', '127.0.0.1', 'IP', 'Chrome', 'Windows 10', '0', '', '2019-10-14 15:18:24');
INSERT INTO `sys_logininfor` VALUES ('359', 'axianlu', '127.0.0.1', 'IP', 'Chrome', 'Windows 10', '0', '', '2019-10-14 15:23:58');
INSERT INTO `sys_logininfor` VALUES ('360', 'axianlu', '127.0.0.1', 'IP', 'Chrome', 'Windows 10', '0', '', '2019-10-14 15:26:16');
INSERT INTO `sys_logininfor` VALUES ('361', 'axianlu', '127.0.0.1', 'IP', 'Chrome', 'Windows 10', '0', '', '2019-10-14 15:28:10');
INSERT INTO `sys_logininfor` VALUES ('362', 'axianlu', '127.0.0.1', 'IP', 'Chrome', 'Windows 10', '0', '', '2019-10-14 15:31:45');
INSERT INTO `sys_logininfor` VALUES ('363', 'axianlu', '127.0.0.1', 'IP', 'Chrome', 'Windows 10', '0', '', '2019-10-14 15:34:58');
INSERT INTO `sys_logininfor` VALUES ('364', 'axianlu', '127.0.0.1', 'IP', 'Chrome', 'Windows 10', '0', '', '2019-10-14 15:36:11');
INSERT INTO `sys_logininfor` VALUES ('365', 'axianlu', '127.0.0.1', 'IP', 'Chrome', 'Windows 10', '0', '', '2019-10-14 15:37:52');
INSERT INTO `sys_logininfor` VALUES ('366', 'axianlu', '127.0.0.1', 'IP', 'Chrome', 'Windows 10', '0', '', '2019-10-14 15:40:23');
INSERT INTO `sys_logininfor` VALUES ('367', 'axianlu', '127.0.0.1', 'IP', 'Chrome', 'Windows 10', '0', '', '2019-10-14 15:41:17');
INSERT INTO `sys_logininfor` VALUES ('368', 'axianlu', '127.0.0.1', 'IP', 'Chrome', 'Windows 10', '0', '', '2019-10-14 16:01:36');
INSERT INTO `sys_logininfor` VALUES ('369', 'axianlu', '127.0.0.1', 'IP', 'Chrome', 'Windows 10', '0', '', '2019-10-14 16:07:39');
INSERT INTO `sys_logininfor` VALUES ('370', 'axianlu', '127.0.0.1', 'IP', 'Chrome', 'Windows 10', '0', '', '2019-10-14 16:10:18');
INSERT INTO `sys_logininfor` VALUES ('371', 'axianlu', '127.0.0.1', 'IP', 'Chrome', 'Windows 10', '0', '', '2019-10-14 16:15:28');
INSERT INTO `sys_logininfor` VALUES ('372', 'rensm', '127.0.0.1', 'IP', 'Microsoft Edge', 'Windows 10', '0', '', '2019-10-14 16:19:07');
INSERT INTO `sys_logininfor` VALUES ('373', 'rensm', '127.0.0.1', 'IP', 'Microsoft Edge', 'Windows 10', '0', '', '2019-10-14 16:23:34');
INSERT INTO `sys_logininfor` VALUES ('374', 'rensm', '127.0.0.1', 'IP', 'Microsoft Edge', 'Windows 10', '0', '', '2019-10-14 16:24:53');
INSERT INTO `sys_logininfor` VALUES ('375', 'rensm', '127.0.0.1', 'IP', 'Microsoft Edge', 'Windows 10', '0', '', '2019-10-14 16:27:04');
INSERT INTO `sys_logininfor` VALUES ('376', 'rensm', '127.0.0.1', 'IP', 'Chrome', 'Windows 10', '0', '', '2019-10-14 16:28:08');
INSERT INTO `sys_logininfor` VALUES ('377', 'rensm', '127.0.0.1', 'IP', 'Chrome', 'Windows 10', '0', '', '2019-10-14 16:29:11');
INSERT INTO `sys_logininfor` VALUES ('378', 'rensm', '127.0.0.1', 'IP', 'Chrome', 'Windows 10', '0', '', '2019-10-14 16:33:49');
INSERT INTO `sys_logininfor` VALUES ('379', 'rensm', '127.0.0.1', 'IP', 'Chrome', 'Windows 10', '0', '', '2019-10-14 16:36:02');
INSERT INTO `sys_logininfor` VALUES ('380', 'rensm', '127.0.0.1', 'IP', 'Chrome', 'Windows 10', '0', '', '2019-10-14 16:47:30');
INSERT INTO `sys_logininfor` VALUES ('381', 'chengxy', '127.0.0.1', 'IP', 'Chrome', 'Windows 10', '0', '', '2019-10-14 16:47:36');
INSERT INTO `sys_logininfor` VALUES ('382', 'chengxy', '127.0.0.1', 'IP', 'Chrome', 'Windows 10', '0', '', '2019-10-14 17:09:04');
INSERT INTO `sys_logininfor` VALUES ('383', 'axianlu', '127.0.0.1', 'IP', 'Internet Explorer 11', 'Windows 10', '0', '', '2019-10-14 17:09:46');
INSERT INTO `sys_logininfor` VALUES ('384', 'chengxy', '127.0.0.1', 'IP', 'Chrome', 'Windows 10', '0', '', '2019-10-15 10:37:28');
INSERT INTO `sys_logininfor` VALUES ('385', 'axianlu', '127.0.0.1', 'IP', 'Internet Explorer 11', 'Windows 10', '0', '', '2019-10-15 10:42:24');
INSERT INTO `sys_logininfor` VALUES ('386', 'chengxy', '127.0.0.1', 'IP', 'Chrome', 'Windows 10', '0', '', '2019-10-15 10:48:06');
INSERT INTO `sys_logininfor` VALUES ('387', 'chengxy', '127.0.0.1', 'IP', 'Chrome', 'Windows 10', '0', '', '2019-10-15 10:51:03');
INSERT INTO `sys_logininfor` VALUES ('388', 'chengxy', '127.0.0.1', 'IP', 'Chrome', 'Windows 10', '0', '', '2019-10-15 10:51:54');
INSERT INTO `sys_logininfor` VALUES ('389', 'chengxy', '127.0.0.1', 'IP', 'Chrome', 'Windows 10', '0', '', '2019-10-15 10:55:33');
INSERT INTO `sys_logininfor` VALUES ('390', 'chengxy', '127.0.0.1', 'IP', 'Chrome', 'Windows 10', '0', '', '2019-10-15 10:58:57');
INSERT INTO `sys_logininfor` VALUES ('391', 'chengxy', '127.0.0.1', 'IP', 'Chrome', 'Windows 10', '0', '', '2019-10-15 11:00:43');
INSERT INTO `sys_logininfor` VALUES ('392', 'chengxy', '127.0.0.1', 'IP', 'Chrome', 'Windows 10', '0', '', '2019-10-15 11:04:47');
INSERT INTO `sys_logininfor` VALUES ('393', 'chengxy', '127.0.0.1', 'IP', 'Chrome', 'Windows 10', '0', '', '2019-10-15 11:06:11');
INSERT INTO `sys_logininfor` VALUES ('394', 'chengxy', '127.0.0.1', 'IP', 'Chrome', 'Windows 10', '0', '', '2019-10-15 11:07:31');
INSERT INTO `sys_logininfor` VALUES ('395', 'chengxy', '127.0.0.1', 'IP', 'Chrome', 'Windows 10', '0', '', '2019-10-15 11:08:58');
INSERT INTO `sys_logininfor` VALUES ('396', 'admin', '127.0.0.1', 'IP', 'Internet Explorer 11', 'Windows 10', '0', '', '2019-10-15 11:12:57');
INSERT INTO `sys_logininfor` VALUES ('397', 'chengxy', '127.0.0.1', 'IP', 'Chrome', 'Windows 10', '0', '', '2019-10-15 11:14:28');
INSERT INTO `sys_logininfor` VALUES ('398', 'chengxy', '127.0.0.1', 'IP', 'Chrome', 'Windows 10', '1', '1', '2019-10-15 11:15:54');
INSERT INTO `sys_logininfor` VALUES ('399', 'chengxy', '127.0.0.1', 'IP', 'Chrome', 'Windows 10', '0', '', '2019-10-15 11:16:00');
INSERT INTO `sys_logininfor` VALUES ('400', 'chengxy', '127.0.0.1', 'IP', 'Chrome', 'Windows 10', '0', '', '2019-10-15 11:17:41');
INSERT INTO `sys_logininfor` VALUES ('401', 'chengxy', '127.0.0.1', 'IP', 'Chrome', 'Windows 10', '0', '', '2019-10-15 11:19:45');
INSERT INTO `sys_logininfor` VALUES ('402', 'chengxy', '127.0.0.1', 'IP', 'Chrome', 'Windows 10', '0', '', '2019-10-15 11:20:57');
INSERT INTO `sys_logininfor` VALUES ('403', 'chengxy', '127.0.0.1', 'IP', 'Chrome', 'Windows 10', '0', '', '2019-10-15 11:24:16');
INSERT INTO `sys_logininfor` VALUES ('404', 'admin', '127.0.0.1', 'IP', 'Internet Explorer 11', 'Windows 10', '0', '', '2019-10-15 11:25:29');
INSERT INTO `sys_logininfor` VALUES ('405', 'chengxy', '127.0.0.1', 'IP', 'Chrome', 'Windows 10', '0', '', '2019-10-15 11:45:55');
INSERT INTO `sys_logininfor` VALUES ('406', 'admin', '127.0.0.1', 'IP', 'Internet Explorer 11', 'Windows 10', '0', '', '2019-10-15 11:55:25');
INSERT INTO `sys_logininfor` VALUES ('407', 'chengxy', '127.0.0.1', 'IP', 'Chrome', 'Windows 10', '0', '', '2019-10-15 13:33:05');
INSERT INTO `sys_logininfor` VALUES ('408', 'admin', '127.0.0.1', 'IP', 'Chrome', 'Windows 10', '0', '', '2019-10-15 14:18:58');
INSERT INTO `sys_logininfor` VALUES ('409', 'admin', '127.0.0.1', 'IP', 'Chrome', 'Windows 10', '0', '', '2019-10-15 14:19:37');
INSERT INTO `sys_logininfor` VALUES ('410', 'axianlu', '127.0.0.1', 'IP', 'Chrome', 'Windows 10', '0', '', '2019-10-15 14:19:49');
INSERT INTO `sys_logininfor` VALUES ('411', 'axianlu', '127.0.0.1', 'IP', 'Chrome', 'Windows 10', '0', '', '2019-10-15 14:19:59');
INSERT INTO `sys_logininfor` VALUES ('412', 'chengxy', '127.0.0.1', 'IP', 'Chrome', 'Windows 10', '0', '', '2019-10-15 14:20:07');
INSERT INTO `sys_logininfor` VALUES ('413', 'chengxy', '127.0.0.1', 'IP', 'Chrome', 'Windows 10', '0', '', '2019-10-15 15:00:08');
INSERT INTO `sys_logininfor` VALUES ('414', 'chengxy', '127.0.0.1', 'IP', 'Chrome', 'Windows 10', '0', '', '2019-10-15 15:02:01');
INSERT INTO `sys_logininfor` VALUES ('415', 'axianlu', '127.0.0.1', 'IP', 'Chrome', 'Windows 10', '0', '', '2019-10-15 15:02:06');
INSERT INTO `sys_logininfor` VALUES ('416', 'axianlu', '127.0.0.1', 'IP', 'Chrome', 'Windows 10', '0', '', '2019-10-15 15:43:35');
INSERT INTO `sys_logininfor` VALUES ('417', 'rensm', '127.0.0.1', 'IP', 'Chrome', 'Windows 10', '0', '', '2019-10-15 15:49:10');
INSERT INTO `sys_logininfor` VALUES ('418', 'axianlu', '127.0.0.1', 'IP', 'Chrome', 'Windows 10', '0', '', '2019-10-15 15:53:26');
INSERT INTO `sys_logininfor` VALUES ('419', 'axianlu', '127.0.0.1', 'IP', 'Chrome', 'Windows 10', '0', '', '2019-10-15 15:53:37');
INSERT INTO `sys_logininfor` VALUES ('420', 'chengxy', '127.0.0.1', 'IP', 'Chrome', 'Windows 10', '0', '', '2019-10-15 15:53:43');
INSERT INTO `sys_logininfor` VALUES ('421', 'chengxy', '127.0.0.1', 'IP', 'Chrome', 'Windows 10', '0', '', '2019-10-15 15:54:08');
INSERT INTO `sys_logininfor` VALUES ('422', 'axianlu', '127.0.0.1', 'IP', 'Chrome', 'Windows 10', '0', '', '2019-10-15 15:54:15');
INSERT INTO `sys_logininfor` VALUES ('423', 'axianlu', '127.0.0.1', 'IP', 'Chrome', 'Windows 10', '0', '', '2019-10-15 15:55:45');
INSERT INTO `sys_logininfor` VALUES ('424', 'rensm', '127.0.0.1', 'IP', 'Chrome', 'Windows 10', '0', '', '2019-10-15 15:55:51');
INSERT INTO `sys_logininfor` VALUES ('425', 'rensm', '127.0.0.1', 'IP', 'Chrome', 'Windows 10', '0', '', '2019-10-15 16:03:56');
INSERT INTO `sys_logininfor` VALUES ('426', 'admin', '127.0.0.1', 'IP', 'Chrome', 'Windows 10', '0', '', '2019-10-15 16:04:01');
INSERT INTO `sys_logininfor` VALUES ('427', 'admin', '127.0.0.1', 'IP', 'Chrome', 'Windows 10', '0', '', '2019-10-15 16:14:00');
INSERT INTO `sys_logininfor` VALUES ('428', 'axianlu', '127.0.0.1', 'IP', 'Chrome', 'Windows 10', '0', '', '2019-10-15 16:14:09');
INSERT INTO `sys_logininfor` VALUES ('429', 'axianlu', '127.0.0.1', 'IP', 'Chrome', 'Windows 10', '0', '', '2019-10-15 16:14:17');
INSERT INTO `sys_logininfor` VALUES ('430', 'rensm', '127.0.0.1', 'IP', 'Chrome', 'Windows 10', '0', '', '2019-10-15 16:14:23');
INSERT INTO `sys_logininfor` VALUES ('431', 'rensm', '127.0.0.1', 'IP', 'Chrome', 'Windows 10', '0', '', '2019-10-15 16:28:11');
INSERT INTO `sys_logininfor` VALUES ('432', 'rensm', '127.0.0.1', 'IP', 'Chrome', 'Windows 10', '0', '', '2019-10-15 16:31:23');
INSERT INTO `sys_logininfor` VALUES ('433', 'rensm', '127.0.0.1', 'IP', 'Chrome', 'Windows 10', '0', '', '2019-10-15 16:35:31');
INSERT INTO `sys_logininfor` VALUES ('434', 'rensm', '127.0.0.1', 'IP', 'Chrome', 'Windows 10', '0', '', '2019-10-15 16:43:22');
INSERT INTO `sys_logininfor` VALUES ('435', 'rensm', '127.0.0.1', 'IP', 'Chrome', 'Windows 10', '0', '', '2019-10-15 16:47:34');
INSERT INTO `sys_logininfor` VALUES ('436', 'rensm', '127.0.0.1', 'IP', 'Chrome', 'Windows 10', '0', '', '2019-10-15 16:51:52');
INSERT INTO `sys_logininfor` VALUES ('437', 'rensm', '127.0.0.1', 'IP', 'Chrome', 'Windows 10', '1', '1', '2019-10-15 16:54:28');
INSERT INTO `sys_logininfor` VALUES ('438', 'rensm', '127.0.0.1', 'IP', 'Chrome', 'Windows 10', '0', '', '2019-10-15 16:54:31');
INSERT INTO `sys_logininfor` VALUES ('439', 'rensm', '127.0.0.1', 'IP', 'Chrome', 'Windows 10', '0', '', '2019-10-15 16:56:36');
INSERT INTO `sys_logininfor` VALUES ('440', 'rensm', '127.0.0.1', 'IP', 'Chrome', 'Windows 10', '0', '', '2019-10-15 16:57:57');
INSERT INTO `sys_logininfor` VALUES ('441', 'rensm', '127.0.0.1', 'IP', 'Chrome', 'Windows 10', '0', '', '2019-10-15 17:11:39');
INSERT INTO `sys_logininfor` VALUES ('442', 'rensm', '127.0.0.1', 'IP', 'Chrome', 'Windows 10', '0', '', '2019-10-15 17:12:24');
INSERT INTO `sys_logininfor` VALUES ('443', 'rensm', '127.0.0.1', 'IP', 'Chrome', 'Windows 10', '0', '', '2019-10-15 17:14:21');
INSERT INTO `sys_logininfor` VALUES ('444', 'rensm', '127.0.0.1', 'IP', 'Chrome', 'Windows 10', '0', '', '2019-10-15 17:15:33');
INSERT INTO `sys_logininfor` VALUES ('445', 'rensm', '127.0.0.1', 'IP', 'Chrome', 'Windows 10', '0', '', '2019-10-15 17:17:55');
INSERT INTO `sys_logininfor` VALUES ('446', 'rensm', '127.0.0.1', 'IP', 'Chrome', 'Windows 10', '0', '', '2019-10-15 17:18:47');
INSERT INTO `sys_logininfor` VALUES ('447', 'rensm', '127.0.0.1', 'IP', 'Chrome', 'Windows 10', '0', '', '2019-10-15 17:19:44');
INSERT INTO `sys_logininfor` VALUES ('448', 'admin', '127.0.0.1', 'IP', 'Chrome', 'Windows 10', '0', '', '2019-10-16 08:40:21');
INSERT INTO `sys_logininfor` VALUES ('449', 'admin', '127.0.0.1', 'IP', 'Chrome', 'Windows 10', '0', '', '2019-10-16 08:41:58');
INSERT INTO `sys_logininfor` VALUES ('450', 'chengxy', '127.0.0.1', 'IP', 'Chrome', 'Windows 10', '0', '', '2019-10-16 08:42:03');
INSERT INTO `sys_logininfor` VALUES ('451', 'chengxy', '127.0.0.1', 'IP', 'Chrome', 'Windows 10', '0', '', '2019-10-16 08:42:13');
INSERT INTO `sys_logininfor` VALUES ('452', 'axianlu', '127.0.0.1', 'IP', 'Chrome', 'Windows 10', '0', '', '2019-10-16 08:42:18');
INSERT INTO `sys_logininfor` VALUES ('453', 'axianlu', '127.0.0.1', 'IP', 'Chrome', 'Windows 10', '0', '', '2019-10-16 08:42:25');
INSERT INTO `sys_logininfor` VALUES ('454', 'rensm', '127.0.0.1', 'IP', 'Chrome', 'Windows 10', '0', '', '2019-10-16 08:42:30');
INSERT INTO `sys_logininfor` VALUES ('455', 'admin', '127.0.0.1', 'IP', 'Chrome', 'Windows 10', '0', '', '2019-10-16 09:13:34');
INSERT INTO `sys_logininfor` VALUES ('456', 'admin', '127.0.0.1', 'IP', 'Chrome', 'Windows 10', '0', '', '2019-10-16 10:06:21');
INSERT INTO `sys_logininfor` VALUES ('457', 'rensm', '127.0.0.1', 'IP', 'Chrome', 'Windows 10', '0', '', '2019-10-16 10:41:53');
INSERT INTO `sys_logininfor` VALUES ('458', 'rensm', '127.0.0.1', 'IP', 'Chrome', 'Windows 10', '0', '', '2019-10-16 11:31:25');
INSERT INTO `sys_logininfor` VALUES ('459', 'admin', '127.0.0.1', 'IP', 'Chrome', 'Windows 10', '0', '', '2019-10-16 11:31:28');
INSERT INTO `sys_logininfor` VALUES ('460', 'admin', '127.0.0.1', 'IP', 'Internet Explorer 11', 'Windows 10', '0', '', '2019-10-16 11:31:55');
INSERT INTO `sys_logininfor` VALUES ('461', 'admin', '127.0.0.1', 'IP', 'Chrome', 'Windows 10', '0', '', '2019-10-16 11:52:45');
INSERT INTO `sys_logininfor` VALUES ('462', 'admin', '127.0.0.1', 'IP', 'Chrome', 'Windows 10', '0', '', '2019-10-17 15:54:15');
INSERT INTO `sys_logininfor` VALUES ('463', 'rensm', '127.0.0.1', 'IP', 'Chrome', 'Windows 10', '0', '', '2019-10-17 15:54:23');
INSERT INTO `sys_logininfor` VALUES ('464', 'rensm', '127.0.0.1', 'IP', 'Chrome', 'Windows 10', '0', '', '2019-10-17 19:09:31');
INSERT INTO `sys_logininfor` VALUES ('465', 'rensm', '127.0.0.1', 'IP', 'Chrome', 'Windows 10', '0', '', '2019-10-17 19:23:49');
INSERT INTO `sys_logininfor` VALUES ('466', 'admin', '127.0.0.1', 'IP', 'Chrome', 'Windows 10', '0', '', '2019-10-17 19:23:54');
INSERT INTO `sys_logininfor` VALUES ('467', 'admin', '127.0.0.1', 'IP', 'Chrome', 'Windows 10', '0', '', '2019-10-17 19:26:27');
INSERT INTO `sys_logininfor` VALUES ('468', 'axianlu', '127.0.0.1', 'IP', 'Chrome', 'Windows 10', '0', '', '2019-10-17 19:26:34');
INSERT INTO `sys_logininfor` VALUES ('469', 'axianlu', '127.0.0.1', 'IP', 'Chrome', 'Windows 10', '0', '', '2019-10-17 19:27:51');
INSERT INTO `sys_logininfor` VALUES ('470', 'chengxy', '127.0.0.1', 'IP', 'Chrome', 'Windows 10', '0', '', '2019-10-17 19:27:58');
INSERT INTO `sys_logininfor` VALUES ('471', 'chengxy', '127.0.0.1', 'IP', 'Chrome', 'Windows 10', '0', '', '2019-10-17 19:33:06');
INSERT INTO `sys_logininfor` VALUES ('472', 'chengxy', '127.0.0.1', 'IP', 'Chrome', 'Windows 10', '0', '', '2019-10-17 19:39:15');
INSERT INTO `sys_logininfor` VALUES ('473', 'chengxy', '127.0.0.1', 'IP', 'Chrome', 'Windows 10', '0', '', '2019-10-17 19:49:06');
INSERT INTO `sys_logininfor` VALUES ('474', 'chengxy', '127.0.0.1', 'IP', 'Chrome', 'Windows 10', '1', '1', '2019-10-17 19:57:01');
INSERT INTO `sys_logininfor` VALUES ('475', 'chengxy', '127.0.0.1', 'IP', 'Chrome', 'Windows 10', '0', '', '2019-10-17 19:57:05');
INSERT INTO `sys_logininfor` VALUES ('476', 'chengxy', '127.0.0.1', 'IP', 'Chrome', 'Windows 10', '0', '', '2019-10-17 19:58:56');
INSERT INTO `sys_logininfor` VALUES ('477', 'chengxy', '127.0.0.1', 'IP', 'Chrome', 'Windows 10', '0', '', '2019-10-17 20:02:31');
INSERT INTO `sys_logininfor` VALUES ('478', 'chengxy', '127.0.0.1', 'IP', 'Chrome', 'Windows 10', '0', '', '2019-10-17 20:25:37');
INSERT INTO `sys_logininfor` VALUES ('479', 'chengxy', '127.0.0.1', 'IP', 'Chrome', 'Windows 10', '0', '', '2019-10-17 20:35:27');
INSERT INTO `sys_logininfor` VALUES ('480', 'chengxy', '127.0.0.1', 'IP', 'Chrome', 'Windows 10', '0', '', '2019-10-17 20:36:47');
INSERT INTO `sys_logininfor` VALUES ('481', 'chengxy', '127.0.0.1', 'IP', 'Chrome', 'Windows 10', '0', '', '2019-10-17 20:46:03');
INSERT INTO `sys_logininfor` VALUES ('482', 'chengxy', '127.0.0.1', 'IP', 'Chrome', 'Windows 10', '1', '1', '2019-10-17 20:47:39');
INSERT INTO `sys_logininfor` VALUES ('483', 'chengxy', '127.0.0.1', 'IP', 'Chrome', 'Windows 10', '0', '', '2019-10-17 20:47:43');
INSERT INTO `sys_logininfor` VALUES ('484', 'chengxy', '127.0.0.1', 'IP', 'Chrome', 'Windows 10', '1', '1', '2019-10-17 20:49:17');
INSERT INTO `sys_logininfor` VALUES ('485', 'chengxy', '127.0.0.1', 'IP', 'Chrome', 'Windows 10', '0', '', '2019-10-17 20:49:21');
INSERT INTO `sys_logininfor` VALUES ('486', 'chengxy', '127.0.0.1', 'IP', 'Chrome', 'Windows 10', '0', '', '2019-10-17 20:54:08');
INSERT INTO `sys_logininfor` VALUES ('487', 'axianlu', '127.0.0.1', 'IP', 'Chrome', 'Windows 10', '0', '', '2019-10-17 20:54:17');
INSERT INTO `sys_logininfor` VALUES ('488', 'rensm', '127.0.0.1', 'IP', 'Chrome', 'Windows 10', '0', '', '2019-10-17 20:58:54');
INSERT INTO `sys_logininfor` VALUES ('489', 'rensm', '127.0.0.1', 'IP', 'Chrome', 'Windows 10', '0', '', '2019-10-17 21:22:59');
INSERT INTO `sys_logininfor` VALUES ('490', 'chengxy', '127.0.0.1', 'IP', 'Chrome', 'Windows 10', '0', '', '2019-10-17 21:23:14');
INSERT INTO `sys_logininfor` VALUES ('491', 'chengxy', '127.0.0.1', 'IP', 'Chrome', 'Windows 10', '1', '1', '2019-10-17 21:28:08');
INSERT INTO `sys_logininfor` VALUES ('492', 'chengxy', '127.0.0.1', 'IP', 'Chrome', 'Windows 10', '0', '', '2019-10-17 21:28:12');
INSERT INTO `sys_logininfor` VALUES ('493', 'chengxy', '127.0.0.1', 'IP', 'Chrome', 'Windows 10', '0', '', '2019-10-17 21:31:55');
INSERT INTO `sys_logininfor` VALUES ('494', 'chengxy', '127.0.0.1', 'IP', 'Chrome', 'Windows 10', '1', '1', '2019-10-17 21:37:07');
INSERT INTO `sys_logininfor` VALUES ('495', 'chengxy', '127.0.0.1', 'IP', 'Chrome', 'Windows 10', '0', '', '2019-10-17 21:37:10');
INSERT INTO `sys_logininfor` VALUES ('496', 'chengxy', '127.0.0.1', 'IP', 'Chrome', 'Windows 10', '1', '1', '2019-10-17 21:40:44');
INSERT INTO `sys_logininfor` VALUES ('497', 'chengxy', '127.0.0.1', 'IP', 'Chrome', 'Windows 10', '0', '', '2019-10-17 21:40:48');
INSERT INTO `sys_logininfor` VALUES ('498', 'chengxy', '127.0.0.1', 'IP', 'Chrome', 'Windows 10', '0', '', '2019-10-17 21:45:44');
INSERT INTO `sys_logininfor` VALUES ('499', 'chengxy', '127.0.0.1', 'IP', 'Chrome', 'Windows 10', '0', '', '2019-10-17 21:46:08');
INSERT INTO `sys_logininfor` VALUES ('500', 'axianlu', '127.0.0.1', 'IP', 'Chrome', 'Windows 10', '0', '', '2019-10-17 21:46:19');
INSERT INTO `sys_logininfor` VALUES ('501', 'admin', '127.0.0.1', 'IP', 'Internet Explorer 11', 'Windows 10', '0', '', '2019-10-17 21:48:30');
INSERT INTO `sys_logininfor` VALUES ('502', 'rensm', '127.0.0.1', 'IP', 'Chrome', 'Windows 10', '0', '', '2019-10-17 21:51:52');
INSERT INTO `sys_logininfor` VALUES ('503', 'chengxy', '127.0.0.1', 'IP', 'Chrome', 'Windows 10', '0', '', '2019-10-17 21:54:31');
INSERT INTO `sys_logininfor` VALUES ('504', 'chengxy', '127.0.0.1', 'IP', 'Chrome', 'Windows 10', '0', '', '2019-10-17 21:56:36');
INSERT INTO `sys_logininfor` VALUES ('505', 'chengxy', '127.0.0.1', 'IP', 'Chrome', 'Windows 10', '0', '', '2019-10-17 21:56:44');
INSERT INTO `sys_logininfor` VALUES ('506', 'admin', '127.0.0.1', 'IP', 'Chrome', 'Windows 10', '0', '', '2019-10-17 22:15:36');
INSERT INTO `sys_logininfor` VALUES ('507', 'admin', '127.0.0.1', 'IP', 'Chrome', 'Windows 10', '0', '', '2019-10-17 22:29:36');
INSERT INTO `sys_logininfor` VALUES ('508', 'admin', '127.0.0.1', 'IP', 'Chrome', 'Windows 10', '0', '', '2019-10-17 22:35:08');
INSERT INTO `sys_logininfor` VALUES ('509', 'chengxy', '127.0.0.1', 'IP', 'Chrome', 'Windows 10', '0', '', '2019-10-17 22:35:14');
INSERT INTO `sys_logininfor` VALUES ('510', 'admin', '192.168.0.100', 'IP', 'Chrome Mobile', 'Android Mobile', '0', '', '2019-10-17 22:38:15');
INSERT INTO `sys_logininfor` VALUES ('511', 'admin', '192.168.0.100', 'IP', 'Chrome Mobile', 'Android Mobile', '0', '', '2019-10-17 22:39:56');
INSERT INTO `sys_logininfor` VALUES ('512', 'axianlu', '192.168.0.100', 'IP', 'Chrome Mobile', 'Android Mobile', '0', '', '2019-10-17 22:40:11');
INSERT INTO `sys_logininfor` VALUES ('513', 'axianlu', '192.168.0.100', 'IP', 'Chrome Mobile', 'Android Mobile', '0', '', '2019-10-17 22:40:47');
INSERT INTO `sys_logininfor` VALUES ('514', 'rensm', '192.168.0.100', 'IP', 'Chrome Mobile', 'Android Mobile', '0', '', '2019-10-17 22:40:57');
INSERT INTO `sys_logininfor` VALUES ('515', 'rensm', '192.168.0.100', 'IP', 'Chrome Mobile', 'Android Mobile', '0', '', '2019-10-17 22:41:13');
INSERT INTO `sys_logininfor` VALUES ('516', 'admin', '127.0.0.1', 'IP', 'Chrome', 'Windows 10', '0', '', '2019-10-17 23:12:10');
INSERT INTO `sys_logininfor` VALUES ('517', 'admin', '127.0.0.1', 'IP', 'Chrome', 'Windows 10', '0', '', '2019-10-17 23:15:08');
INSERT INTO `sys_logininfor` VALUES ('518', 'admin', '127.0.0.1', 'IP', 'Internet Explorer 11', 'Windows 10', '0', '', '2019-10-17 23:23:55');
INSERT INTO `sys_logininfor` VALUES ('519', 'admin', '127.0.0.1', 'IP', 'Chrome', 'Windows 10', '0', '', '2019-10-17 23:31:03');
INSERT INTO `sys_logininfor` VALUES ('520', 'admin', '127.0.0.1', 'IP', 'Chrome', 'Windows 10', '0', '', '2019-10-18 10:41:24');
INSERT INTO `sys_logininfor` VALUES ('521', 'admin', '127.0.0.1', 'IP', 'Chrome', 'Windows 10', '0', '', '2019-10-18 10:44:07');
INSERT INTO `sys_logininfor` VALUES ('522', 'chengxy', '127.0.0.1', 'IP', 'Chrome', 'Windows 10', '0', '', '2019-10-18 10:44:13');
INSERT INTO `sys_logininfor` VALUES ('523', 'chengxy', '127.0.0.1', 'IP', 'Chrome', 'Windows 10', '0', '', '2019-10-18 10:47:14');
INSERT INTO `sys_logininfor` VALUES ('524', 'admin', '127.0.0.1', 'IP', 'Chrome', 'Windows 10', '0', '', '2019-10-18 10:47:17');
INSERT INTO `sys_logininfor` VALUES ('525', 'admin', '127.0.0.1', 'IP', 'Chrome', 'Windows 10', '0', '', '2019-10-18 10:52:51');
INSERT INTO `sys_logininfor` VALUES ('526', 'rensm', '127.0.0.1', 'IP', 'Chrome', 'Windows 10', '0', '', '2019-10-18 10:52:55');
INSERT INTO `sys_logininfor` VALUES ('527', 'admin', '127.0.0.1', 'IP', 'Chrome', 'Windows 10', '0', '', '2019-10-18 15:46:23');
INSERT INTO `sys_logininfor` VALUES ('528', 'admin', '127.0.0.1', 'IP', 'Chrome', 'Windows 10', '0', '', '2019-10-18 16:14:59');
INSERT INTO `sys_logininfor` VALUES ('529', 'axianlu', '127.0.0.1', 'IP', 'Chrome', 'Windows 10', '0', '', '2019-10-18 16:15:05');
INSERT INTO `sys_logininfor` VALUES ('530', 'chengxy', '127.0.0.1', 'IP', 'Chrome', 'Windows 10', '0', '', '2019-10-18 16:49:15');
INSERT INTO `sys_logininfor` VALUES ('531', 'chengxy', '127.0.0.1', 'IP', 'Chrome', 'Windows 10', '0', '', '2019-10-18 16:50:34');
INSERT INTO `sys_logininfor` VALUES ('532', 'chengxy', '127.0.0.1', 'IP', 'Chrome', 'Windows 10', '0', '', '2019-10-18 16:51:47');
INSERT INTO `sys_logininfor` VALUES ('533', 'chengxy', '127.0.0.1', 'IP', 'Chrome', 'Windows 10', '0', '', '2019-10-18 16:55:50');
INSERT INTO `sys_logininfor` VALUES ('534', 'chengxy', '127.0.0.1', 'IP', 'Chrome', 'Windows 10', '0', '', '2019-10-18 16:56:42');
INSERT INTO `sys_logininfor` VALUES ('535', 'chengxy', '127.0.0.1', 'IP', 'Chrome', 'Windows 10', '0', '', '2019-10-18 17:04:05');
INSERT INTO `sys_logininfor` VALUES ('536', 'admin', '127.0.0.1', 'IP', 'Chrome', 'Windows 10', '0', '', '2019-10-18 17:16:15');
INSERT INTO `sys_logininfor` VALUES ('537', 'admin', '127.0.0.1', 'IP', 'Chrome', 'Windows 10', '0', '', '2019-10-18 17:17:24');
INSERT INTO `sys_logininfor` VALUES ('538', 'admin', '127.0.0.1', 'IP', 'Chrome', 'Windows 10', '0', '', '2019-10-18 17:19:44');
INSERT INTO `sys_logininfor` VALUES ('539', 'admin', '127.0.0.1', 'IP', 'Chrome', 'Windows 10', '0', '', '2019-10-18 20:17:08');
INSERT INTO `sys_logininfor` VALUES ('540', 'admin', '127.0.0.1', 'IP', 'Chrome', 'Windows 10', '0', '', '2019-10-18 20:23:07');
INSERT INTO `sys_logininfor` VALUES ('541', 'chengxy', '127.0.0.1', 'IP', 'Chrome', 'Windows 10', '0', '', '2019-10-18 20:23:12');
INSERT INTO `sys_logininfor` VALUES ('542', 'chengxy', '127.0.0.1', 'IP', 'Chrome', 'Windows 10', '0', '', '2019-10-20 17:57:30');
INSERT INTO `sys_logininfor` VALUES ('543', 'chengxy', '127.0.0.1', 'IP', 'Chrome', 'Windows 10', '0', '', '2019-10-21 15:54:13');
INSERT INTO `sys_logininfor` VALUES ('544', 'chengxy', '127.0.0.1', 'IP', 'Chrome', 'Windows 10', '0', '', '2019-10-21 16:27:34');
INSERT INTO `sys_logininfor` VALUES ('545', 'admin', '127.0.0.1', 'IP', 'Chrome', 'Windows 10', '0', '', '2019-10-21 16:27:38');
INSERT INTO `sys_logininfor` VALUES ('546', 'admin', '127.0.0.1', 'IP', 'Chrome', 'Windows 10', '0', '', '2019-10-21 16:41:33');
INSERT INTO `sys_logininfor` VALUES ('547', 'chengxy', '127.0.0.1', 'IP', 'Chrome', 'Windows 10', '0', '', '2019-10-21 16:41:39');
INSERT INTO `sys_logininfor` VALUES ('548', 'chengxy', '127.0.0.1', 'IP', 'Chrome', 'Windows 10', '0', '', '2019-10-21 16:44:44');
INSERT INTO `sys_logininfor` VALUES ('549', 'chengxy', '127.0.0.1', 'IP', 'Chrome', 'Windows 10', '0', '', '2019-10-21 16:46:05');
INSERT INTO `sys_logininfor` VALUES ('550', 'chengxy', '127.0.0.1', 'IP', 'Chrome', 'Windows 10', '0', '', '2019-10-21 16:46:21');
INSERT INTO `sys_logininfor` VALUES ('551', 'rensm', '127.0.0.1', 'IP', 'Chrome', 'Windows 10', '0', '', '2019-10-21 16:46:26');
INSERT INTO `sys_logininfor` VALUES ('552', 'rensm', '127.0.0.1', 'IP', 'Chrome', 'Windows 10', '0', '', '2019-10-21 16:46:42');
INSERT INTO `sys_logininfor` VALUES ('553', 'axianlu', '127.0.0.1', 'IP', 'Chrome', 'Windows 10', '0', '', '2019-10-21 16:46:57');
INSERT INTO `sys_logininfor` VALUES ('554', 'chengxy', '127.0.0.1', 'IP', 'Internet Explorer 11', 'Windows 10', '0', '', '2019-10-21 16:47:30');
INSERT INTO `sys_logininfor` VALUES ('555', 'admin', '127.0.0.1', 'IP', 'Chrome', 'Windows 10', '0', '', '2019-10-21 16:50:46');
INSERT INTO `sys_logininfor` VALUES ('556', 'admin', '127.0.0.1', 'IP', 'Chrome', 'Windows 10', '0', '', '2019-10-21 17:07:25');
INSERT INTO `sys_logininfor` VALUES ('557', 'admin', '127.0.0.1', 'IP', 'Chrome', 'Windows 10', '0', '', '2019-10-21 17:31:21');
INSERT INTO `sys_logininfor` VALUES ('558', 'admin', '127.0.0.1', 'IP', 'Chrome', 'Windows 10', '0', '', '2019-10-22 10:15:20');
INSERT INTO `sys_logininfor` VALUES ('559', 'chengxy', '127.0.0.1', 'IP', 'Internet Explorer 11', 'Windows 10', '0', '', '2019-10-22 10:17:01');
INSERT INTO `sys_logininfor` VALUES ('560', 'axianlu', '127.0.0.1', 'IP', 'Internet Explorer 11', 'Windows 10', '0', '', '2019-10-22 10:26:37');
INSERT INTO `sys_logininfor` VALUES ('561', 'axianlu', '127.0.0.1', 'IP', 'Internet Explorer 11', 'Windows 10', '0', '', '2019-10-22 11:26:11');
INSERT INTO `sys_logininfor` VALUES ('562', 'axianlu', '127.0.0.1', 'IP', 'Internet Explorer 11', 'Windows 10', '0', '', '2019-10-22 11:26:27');
INSERT INTO `sys_logininfor` VALUES ('563', 'chengxy', '127.0.0.1', 'IP', 'Internet Explorer 11', 'Windows 10', '0', '', '2019-10-22 11:26:36');
INSERT INTO `sys_logininfor` VALUES ('564', 'axianlu', '127.0.0.1', 'IP', 'Internet Explorer 11', 'Windows 10', '0', '', '2019-10-22 11:28:40');
INSERT INTO `sys_logininfor` VALUES ('565', 'axianlu', '127.0.0.1', 'IP', 'Internet Explorer 11', 'Windows 10', '0', '', '2019-10-22 11:54:20');
INSERT INTO `sys_logininfor` VALUES ('566', 'rensm', '127.0.0.1', 'IP', 'Internet Explorer 11', 'Windows 10', '0', '', '2019-10-22 11:54:24');
INSERT INTO `sys_logininfor` VALUES ('567', 'rensm', '127.0.0.1', 'IP', 'Internet Explorer 11', 'Windows 10', '0', '', '2019-10-22 11:55:11');
INSERT INTO `sys_logininfor` VALUES ('568', 'ry', '127.0.0.1', 'IP', 'Internet Explorer 11', 'Windows 10', '0', '', '2019-10-22 11:55:16');
INSERT INTO `sys_logininfor` VALUES ('569', 'ry', '127.0.0.1', 'IP', 'Internet Explorer 11', 'Windows 10', '0', '', '2019-10-22 11:56:00');
INSERT INTO `sys_logininfor` VALUES ('570', 'ry', '127.0.0.1', 'IP', 'Internet Explorer 11', 'Windows 10', '0', '', '2019-10-22 11:56:05');
INSERT INTO `sys_logininfor` VALUES ('571', 'chengxy', '127.0.0.1', 'IP', 'Internet Explorer 11', 'Windows 10', '0', '', '2019-10-22 11:56:42');
INSERT INTO `sys_logininfor` VALUES ('572', 'rensm', '127.0.0.1', 'IP', 'Internet Explorer 11', 'Windows 10', '0', '', '2019-10-22 11:56:47');
INSERT INTO `sys_logininfor` VALUES ('573', 'admin', '127.0.0.1', 'IP', 'Internet Explorer 11', 'Windows 10', '0', '', '2019-10-22 16:16:48');
INSERT INTO `sys_logininfor` VALUES ('574', 'admin', '127.0.0.1', 'IP', 'Microsoft Edge', 'Windows 10', '0', '', '2019-10-22 16:17:22');
INSERT INTO `sys_logininfor` VALUES ('575', 'admin', '127.0.0.1', 'IP', 'Internet Explorer 11', 'Windows 10', '0', '', '2019-10-23 14:46:26');
INSERT INTO `sys_logininfor` VALUES ('576', 'admin', '127.0.0.1', 'IP', 'Microsoft Edge', 'Windows 10', '0', '', '2019-10-23 14:48:29');
INSERT INTO `sys_logininfor` VALUES ('577', 'admin', '127.0.0.1', 'IP', 'Chrome', 'Windows 10', '0', '', '2019-10-23 16:41:45');
INSERT INTO `sys_logininfor` VALUES ('578', 'chengxy', '127.0.0.1', 'IP', 'Chrome', 'Windows 10', '0', '', '2019-10-23 16:41:51');
INSERT INTO `sys_logininfor` VALUES ('579', 'admin', '127.0.0.1', 'IP', 'Microsoft Edge', 'Windows 10', '0', '', '2019-10-23 16:42:07');
INSERT INTO `sys_logininfor` VALUES ('580', 'chengxy', '127.0.0.1', 'IP', 'Chrome', 'Windows 10', '0', '', '2019-10-23 16:43:10');
INSERT INTO `sys_logininfor` VALUES ('581', 'chengxy', '127.0.0.1', 'IP', 'Chrome', 'Windows 10', '0', '', '2019-10-23 16:43:14');
INSERT INTO `sys_logininfor` VALUES ('582', 'chengxy', '127.0.0.1', 'IP', 'Chrome', 'Windows 10', '0', '', '2019-10-23 16:44:51');
INSERT INTO `sys_logininfor` VALUES ('583', 'chengxy', '127.0.0.1', 'IP', 'Chrome', 'Windows 10', '0', '', '2019-10-23 16:44:55');
INSERT INTO `sys_logininfor` VALUES ('584', 'chengxy', '127.0.0.1', 'IP', 'Chrome', 'Windows 10', '0', '', '2019-10-23 16:48:33');
INSERT INTO `sys_logininfor` VALUES ('585', 'admin', '127.0.0.1', 'IP', 'Microsoft Edge', 'Windows 10', '0', '', '2019-10-23 16:49:49');
INSERT INTO `sys_logininfor` VALUES ('586', 'chengxy', '127.0.0.1', 'IP', 'Chrome', 'Windows 10', '0', '', '2019-10-23 16:53:12');
INSERT INTO `sys_logininfor` VALUES ('587', 'chengxy', '127.0.0.1', 'IP', 'Chrome', 'Windows 10', '0', '', '2019-10-23 16:53:32');
INSERT INTO `sys_logininfor` VALUES ('588', 'chengxy', '127.0.0.1', 'IP', 'Chrome', 'Windows 10', '0', '', '2019-10-23 16:58:15');
INSERT INTO `sys_logininfor` VALUES ('589', 'chengxy', '127.0.0.1', 'IP', 'Chrome', 'Windows 10', '0', '', '2019-10-23 17:03:44');
INSERT INTO `sys_logininfor` VALUES ('590', 'chengxy', '127.0.0.1', 'IP', 'Chrome', 'Windows 10', '0', '', '2019-10-23 17:06:41');
INSERT INTO `sys_logininfor` VALUES ('591', 'chengxy', '127.0.0.1', 'IP', 'Chrome', 'Windows 10', '0', '', '2019-10-23 17:08:47');
INSERT INTO `sys_logininfor` VALUES ('592', 'chengxy', '127.0.0.1', 'IP', 'Chrome', 'Windows 10', '0', '', '2019-10-23 17:12:04');
INSERT INTO `sys_logininfor` VALUES ('593', 'chengxy', '127.0.0.1', 'IP', 'Chrome', 'Windows 10', '0', '', '2019-10-23 17:13:55');
INSERT INTO `sys_logininfor` VALUES ('594', 'chengxy', '127.0.0.1', 'IP', 'Chrome', 'Windows 10', '0', '', '2019-10-23 17:15:56');
INSERT INTO `sys_logininfor` VALUES ('595', 'chengxy', '127.0.0.1', 'IP', 'Chrome', 'Windows 10', '0', '', '2019-10-23 17:21:54');
INSERT INTO `sys_logininfor` VALUES ('596', 'admin', '127.0.0.1', 'IP', 'Chrome', 'Windows 10', '0', '', '2019-10-23 19:06:26');
INSERT INTO `sys_logininfor` VALUES ('597', 'admin', '127.0.0.1', 'IP', 'Chrome', 'Windows 10', '0', '', '2019-10-24 16:45:09');
INSERT INTO `sys_logininfor` VALUES ('598', 'admin', '127.0.0.1', 'IP', 'Chrome', 'Windows 10', '0', '', '2019-10-24 16:49:17');
INSERT INTO `sys_logininfor` VALUES ('599', 'chengxy', '127.0.0.1', 'IP', 'Chrome', 'Windows 10', '0', '', '2019-10-24 16:49:23');
INSERT INTO `sys_logininfor` VALUES ('600', 'chengxy', '127.0.0.1', 'IP', 'Chrome', 'Windows 10', '0', '', '2019-10-24 16:56:15');
INSERT INTO `sys_logininfor` VALUES ('601', 'chengxy', '127.0.0.1', 'IP', 'Chrome', 'Windows 10', '0', '', '2019-10-24 16:59:10');
INSERT INTO `sys_logininfor` VALUES ('602', 'chengxy', '127.0.0.1', 'IP', 'Chrome', 'Windows 10', '0', '', '2019-10-24 17:02:04');
INSERT INTO `sys_logininfor` VALUES ('603', 'chengxy', '127.0.0.1', 'IP', 'Chrome', 'Windows 10', '0', '', '2019-10-24 17:05:48');
INSERT INTO `sys_logininfor` VALUES ('604', 'axianlu', '127.0.0.1', 'IP', 'Chrome', 'Windows 10', '1', '1', '2019-10-24 17:05:55');
INSERT INTO `sys_logininfor` VALUES ('605', 'axianlu', '127.0.0.1', 'IP', 'Chrome', 'Windows 10', '0', '', '2019-10-24 17:05:57');
INSERT INTO `sys_logininfor` VALUES ('606', 'axianlu', '127.0.0.1', 'IP', 'Chrome', 'Windows 10', '0', '', '2019-10-24 17:06:10');
INSERT INTO `sys_logininfor` VALUES ('607', 'admin', '127.0.0.1', 'IP', 'Chrome', 'Windows 10', '0', '', '2019-10-24 17:06:16');
INSERT INTO `sys_logininfor` VALUES ('608', 'axianlu', '127.0.0.1', 'IP', 'Chrome', 'Windows 10', '0', '', '2019-10-24 17:14:15');
INSERT INTO `sys_logininfor` VALUES ('609', 'axianlu', '127.0.0.1', 'IP', 'Chrome', 'Windows 10', '0', '', '2019-10-24 17:14:55');
INSERT INTO `sys_logininfor` VALUES ('610', 'admin', '127.0.0.1', 'IP', 'Chrome', 'Windows 10', '0', '', '2019-10-24 17:14:56');
INSERT INTO `sys_logininfor` VALUES ('611', 'admin', '127.0.0.1', 'IP', 'Chrome', 'Windows 10', '0', '', '2019-10-24 17:15:13');
INSERT INTO `sys_logininfor` VALUES ('612', 'axianlu', '127.0.0.1', 'IP', 'Chrome', 'Windows 10', '0', '', '2019-10-24 17:15:17');
INSERT INTO `sys_logininfor` VALUES ('613', 'axianlu', '127.0.0.1', 'IP', 'Chrome', 'Windows 10', '0', '', '2019-10-24 17:16:55');
INSERT INTO `sys_logininfor` VALUES ('614', 'admin', '127.0.0.1', 'IP', 'Chrome', 'Windows 10', '0', '', '2019-10-24 17:16:57');
INSERT INTO `sys_logininfor` VALUES ('615', 'admin', '127.0.0.1', 'IP', 'Chrome', 'Windows 10', '0', '', '2019-10-24 17:18:56');
INSERT INTO `sys_logininfor` VALUES ('616', 'axianlu', '127.0.0.1', 'IP', 'Chrome', 'Windows 10', '0', '', '2019-10-24 17:19:02');
INSERT INTO `sys_logininfor` VALUES ('617', 'admin', '127.0.0.1', 'IP', 'Chrome', 'Windows 10', '0', '', '2019-10-24 17:19:22');
INSERT INTO `sys_logininfor` VALUES ('618', 'admin', '127.0.0.1', 'IP', 'Chrome', 'Windows 10', '0', '', '2019-10-24 17:19:36');
INSERT INTO `sys_logininfor` VALUES ('619', 'rensm', '127.0.0.1', 'IP', 'Chrome', 'Windows 10', '0', '', '2019-10-24 17:19:41');
INSERT INTO `sys_logininfor` VALUES ('620', 'admin', '127.0.0.1', 'IP', 'Chrome', 'Windows 10', '0', '', '2019-10-25 16:16:57');
INSERT INTO `sys_logininfor` VALUES ('621', 'admin', '127.0.0.1', 'IP', 'Chrome', 'Windows 10', '0', '', '2019-10-25 16:21:41');
INSERT INTO `sys_logininfor` VALUES ('622', 'admin', '127.0.0.1', 'IP', 'Chrome', 'Windows 10', '0', '', '2019-10-25 16:24:27');
INSERT INTO `sys_logininfor` VALUES ('623', 'admin', '127.0.0.1', 'IP', 'Chrome', 'Windows 10', '0', '', '2019-10-25 16:26:06');
INSERT INTO `sys_logininfor` VALUES ('624', 'admin', '127.0.0.1', 'IP', 'Chrome', 'Windows 10', '0', '', '2019-10-25 16:27:52');
INSERT INTO `sys_logininfor` VALUES ('625', 'admin', '127.0.0.1', 'IP', 'Chrome', 'Windows 10', '0', '', '2019-10-25 16:29:10');
INSERT INTO `sys_logininfor` VALUES ('626', 'admin', '127.0.0.1', 'IP', 'Chrome', 'Windows 10', '0', '', '2019-10-27 22:36:20');
INSERT INTO `sys_logininfor` VALUES ('627', 'admin', '127.0.0.1', 'IP', 'Chrome', 'Windows 10', '0', '', '2019-10-27 22:37:08');
INSERT INTO `sys_logininfor` VALUES ('628', 'axianlu', '127.0.0.1', 'IP', 'Chrome', 'Windows 10', '0', '', '2019-10-27 22:40:02');
INSERT INTO `sys_logininfor` VALUES ('629', 'axianlu', '127.0.0.1', 'IP', 'Chrome', 'Windows 10', '0', '', '2019-10-27 22:43:02');
INSERT INTO `sys_logininfor` VALUES ('630', 'admin', '127.0.0.1', 'IP', 'Chrome', 'Windows 10', '0', '', '2019-10-27 22:43:19');
INSERT INTO `sys_logininfor` VALUES ('631', 'admin', '127.0.0.1', 'IP', 'Chrome', 'Windows 10', '0', '', '2019-10-27 22:48:09');
INSERT INTO `sys_logininfor` VALUES ('632', 'admin', '192.168.1.100', 'IP', 'Chrome Mobile', 'Android Mobile', '0', '', '2019-10-27 22:56:39');
INSERT INTO `sys_logininfor` VALUES ('633', 'admin', '192.168.1.100', 'IP', 'Chrome Mobile', 'Android Mobile', '0', '', '2019-10-27 22:58:00');
INSERT INTO `sys_logininfor` VALUES ('634', 'rensm', '192.168.1.100', 'IP', 'Chrome Mobile', 'Android Mobile', '0', '', '2019-10-27 22:58:14');
INSERT INTO `sys_logininfor` VALUES ('635', 'admin', '127.0.0.1', 'IP', 'Chrome', 'Windows 10', '0', '', '2019-10-28 16:23:02');
INSERT INTO `sys_logininfor` VALUES ('636', 'axianlu', '127.0.0.1', 'IP', 'Chrome', 'Windows 10', '0', '', '2019-10-28 16:27:34');
INSERT INTO `sys_logininfor` VALUES ('637', 'axianlu', '127.0.0.1', 'IP', 'Chrome', 'Windows 10', '0', '', '2019-10-28 16:46:48');
INSERT INTO `sys_logininfor` VALUES ('638', 'axianlu', '127.0.0.1', 'IP', 'Chrome', 'Windows 10', '0', '', '2019-10-28 16:48:42');
INSERT INTO `sys_logininfor` VALUES ('639', 'axianlu', '127.0.0.1', 'IP', 'Chrome', 'Windows 10', '0', '', '2019-10-28 16:53:08');
INSERT INTO `sys_logininfor` VALUES ('640', 'axianlu', '127.0.0.1', 'IP', 'Chrome', 'Windows 10', '0', '', '2019-10-28 16:54:18');
INSERT INTO `sys_logininfor` VALUES ('641', 'axianlu', '127.0.0.1', 'IP', 'Chrome', 'Windows 10', '0', '', '2019-10-28 17:04:10');
INSERT INTO `sys_logininfor` VALUES ('642', 'axianlu', '127.0.0.1', 'IP', 'Chrome', 'Windows 10', '0', '', '2019-10-28 17:06:21');
INSERT INTO `sys_logininfor` VALUES ('643', 'axianlu', '127.0.0.1', 'IP', 'Chrome', 'Windows 10', '0', '', '2019-10-28 17:11:58');
INSERT INTO `sys_logininfor` VALUES ('644', 'axianlu', '127.0.0.1', 'IP', 'Chrome', 'Windows 10', '0', '', '2019-10-28 17:17:04');
INSERT INTO `sys_logininfor` VALUES ('645', 'axianlu', '127.0.0.1', 'IP', 'Chrome', 'Windows 10', '0', '', '2019-10-28 17:19:51');
INSERT INTO `sys_logininfor` VALUES ('646', 'axianlu', '127.0.0.1', 'IP', 'Chrome', 'Windows 10', '0', '', '2019-10-28 17:20:36');
INSERT INTO `sys_logininfor` VALUES ('647', 'rensm', '127.0.0.1', 'IP', 'Chrome', 'Windows 10', '0', '', '2019-10-28 17:20:41');
INSERT INTO `sys_logininfor` VALUES ('648', 'rensm', '127.0.0.1', 'IP', 'Chrome', 'Windows 10', '0', '', '2019-10-28 17:21:30');
INSERT INTO `sys_logininfor` VALUES ('649', 'chengxy', '127.0.0.1', 'IP', 'Chrome', 'Windows 10', '0', '', '2019-10-28 17:21:41');
INSERT INTO `sys_logininfor` VALUES ('650', 'axianlu', '127.0.0.1', 'IP', 'Chrome', 'Windows 10', '0', '', '2019-10-28 21:39:10');
INSERT INTO `sys_logininfor` VALUES ('651', 'rensm', '127.0.0.1', 'IP', 'Chrome', 'Windows 10', '0', '', '2019-10-28 21:39:46');
INSERT INTO `sys_logininfor` VALUES ('652', 'chengxy', '127.0.0.1', 'IP', 'Microsoft Edge', 'Windows 10', '0', '', '2019-10-28 21:40:58');
INSERT INTO `sys_logininfor` VALUES ('653', 'admin', '127.0.0.1', 'IP', 'Microsoft Edge', 'Windows 10', '0', '', '2019-10-28 21:48:22');
INSERT INTO `sys_logininfor` VALUES ('654', 'chengxy', '127.0.0.1', 'IP', 'Microsoft Edge', 'Windows 10', '0', '', '2019-10-28 21:50:52');
INSERT INTO `sys_logininfor` VALUES ('655', 'chengxy', '127.0.0.1', 'IP', 'Microsoft Edge', 'Windows 10', '0', '', '2019-10-28 21:50:57');
INSERT INTO `sys_logininfor` VALUES ('656', 'chengxy', '127.0.0.1', 'IP', 'Microsoft Edge', 'Windows 10', '0', '', '2019-10-28 21:53:36');
INSERT INTO `sys_logininfor` VALUES ('657', 'axianlu', '127.0.0.1', 'IP', 'Chrome', 'Windows 10', '0', '', '2019-10-28 21:54:19');
INSERT INTO `sys_logininfor` VALUES ('658', 'admin', '127.0.0.1', 'IP', 'Chrome', 'Windows 10', '0', '', '2019-10-28 22:11:36');
INSERT INTO `sys_logininfor` VALUES ('659', 'admin', '127.0.0.1', 'IP', 'Chrome', 'Windows 10', '0', '', '2019-10-28 22:14:16');
INSERT INTO `sys_logininfor` VALUES ('660', 'admin', '127.0.0.1', 'IP', 'Chrome', 'Windows 10', '0', '', '2019-10-29 16:38:25');
INSERT INTO `sys_logininfor` VALUES ('661', 'admin', '127.0.0.1', 'IP', 'Chrome', 'Windows 10', '0', '', '2019-10-29 16:46:07');
INSERT INTO `sys_logininfor` VALUES ('662', 'admin', '127.0.0.1', 'IP', 'Chrome', 'Windows 10', '0', '', '2019-10-29 17:08:22');
INSERT INTO `sys_logininfor` VALUES ('663', 'axianlu', '127.0.0.1', 'IP', 'Chrome', 'Windows 10', '0', '', '2019-10-29 17:08:30');
INSERT INTO `sys_logininfor` VALUES ('664', 'axianlu', '127.0.0.1', 'IP', 'Chrome', 'Windows 10', '0', '', '2019-10-29 17:08:43');
INSERT INTO `sys_logininfor` VALUES ('665', 'chengxy', '127.0.0.1', 'IP', 'Chrome', 'Windows 10', '0', '', '2019-10-29 17:08:48');
INSERT INTO `sys_logininfor` VALUES ('666', 'chengxy', '127.0.0.1', 'IP', 'Chrome', 'Windows 10', '0', '', '2019-10-29 17:14:45');
INSERT INTO `sys_logininfor` VALUES ('667', 'admin', '127.0.0.1', 'IP', 'Chrome', 'Windows 10', '0', '', '2019-10-29 17:14:47');
INSERT INTO `sys_logininfor` VALUES ('668', 'chengxy', '127.0.0.1', 'IP', 'Internet Explorer 11', 'Windows 10', '0', '', '2019-10-29 17:15:47');
INSERT INTO `sys_logininfor` VALUES ('669', 'admin', '127.0.0.1', 'IP', 'Chrome', 'Windows 10', '0', '', '2019-10-29 17:18:32');
INSERT INTO `sys_logininfor` VALUES ('670', 'chengxy', '127.0.0.1', 'IP', 'Chrome', 'Windows 10', '0', '', '2019-10-29 17:18:38');
INSERT INTO `sys_logininfor` VALUES ('671', 'admin', '127.0.0.1', 'IP', 'Chrome', 'Windows 10', '0', '', '2019-10-30 21:00:36');
INSERT INTO `sys_logininfor` VALUES ('672', 'admin', '127.0.0.1', 'IP', 'Chrome', 'Windows 10', '0', '', '2019-10-30 21:15:22');
INSERT INTO `sys_logininfor` VALUES ('673', 'admin', '127.0.0.1', 'IP', 'Internet Explorer 11', 'Windows 10', '0', '', '2019-10-30 21:16:12');
INSERT INTO `sys_logininfor` VALUES ('674', 'admin', '127.0.0.1', 'IP', 'Chrome', 'Windows 10', '0', '', '2019-10-30 21:17:33');
INSERT INTO `sys_logininfor` VALUES ('675', 'admin', '192.168.1.100', 'IP', 'Chrome Mobile', 'Android Mobile', '0', '', '2019-10-30 21:34:56');
INSERT INTO `sys_logininfor` VALUES ('676', 'admin', '127.0.0.1', 'IP', 'Chrome', 'Windows 10', '0', '', '2019-10-30 22:33:59');
INSERT INTO `sys_logininfor` VALUES ('677', 'admin', '127.0.0.1', 'IP', 'Chrome', 'Windows 10', '0', '', '2019-10-30 22:40:12');
INSERT INTO `sys_logininfor` VALUES ('678', 'admin', '127.0.0.1', 'IP', 'Chrome', 'Windows 10', '0', '', '2019-10-30 22:40:16');
INSERT INTO `sys_logininfor` VALUES ('679', 'admin', '127.0.0.1', 'IP', 'Chrome', 'Windows 10', '0', '', '2019-10-31 00:31:29');
INSERT INTO `sys_logininfor` VALUES ('680', 'chengxy', '127.0.0.1', 'IP', 'Chrome', 'Windows 10', '0', '', '2019-10-31 10:35:35');
INSERT INTO `sys_logininfor` VALUES ('681', 'admin', '127.0.0.1', 'IP', 'Chrome', 'Windows 10', '0', '', '2019-10-31 10:35:37');
INSERT INTO `sys_logininfor` VALUES ('682', 'admin', '127.0.0.1', 'IP', 'Chrome', 'Windows 10', '0', '', '2019-10-31 10:38:59');
INSERT INTO `sys_logininfor` VALUES ('683', 'chengxy', '127.0.0.1', 'IP', 'Chrome', 'Windows 10', '0', '', '2019-10-31 10:39:05');
INSERT INTO `sys_logininfor` VALUES ('684', 'axianlu', '127.0.0.1', 'IP', 'Chrome', 'Windows 10', '0', '', '2019-10-31 10:40:52');
INSERT INTO `sys_logininfor` VALUES ('685', 'axianlu', '127.0.0.1', 'IP', 'Chrome', 'Windows 10', '0', '', '2019-10-31 10:41:19');
INSERT INTO `sys_logininfor` VALUES ('686', 'rensm', '127.0.0.1', 'IP', 'Chrome', 'Windows 10', '0', '', '2019-10-31 10:41:24');
INSERT INTO `sys_logininfor` VALUES ('687', 'chengxy', '127.0.0.1', 'IP', 'Chrome', 'Windows 10', '0', '', '2019-10-31 10:43:26');
INSERT INTO `sys_logininfor` VALUES ('688', 'admin', '127.0.0.1', 'IP', 'Chrome', 'Windows 10', '0', '', '2019-10-31 11:20:47');
INSERT INTO `sys_logininfor` VALUES ('689', 'admin', '127.0.0.1', 'IP', 'Chrome', 'Windows 10', '0', '', '2019-11-01 20:04:05');
INSERT INTO `sys_logininfor` VALUES ('690', 'admin', '127.0.0.1', 'IP', 'Internet Explorer 11', 'Windows 10', '0', '', '2019-11-01 20:36:21');
INSERT INTO `sys_logininfor` VALUES ('691', 'admin', '127.0.0.1', 'IP', 'Chrome', 'Windows 10', '0', '', '2019-11-01 20:36:44');
INSERT INTO `sys_logininfor` VALUES ('692', 'admin', '127.0.0.1', 'IP', 'Chrome', 'Windows 10', '0', '', '2019-11-01 20:46:12');
INSERT INTO `sys_logininfor` VALUES ('693', 'admin', '127.0.0.1', 'IP', 'Chrome', 'Windows 10', '0', '', '2019-11-01 20:48:39');
INSERT INTO `sys_logininfor` VALUES ('694', 'admin', '127.0.0.1', 'IP', 'Chrome', 'Windows 10', '0', '', '2019-11-01 21:25:36');
INSERT INTO `sys_logininfor` VALUES ('695', 'rensm', '127.0.0.1', 'IP', 'Internet Explorer 11', 'Windows 10', '0', '', '2019-11-01 21:31:17');
INSERT INTO `sys_logininfor` VALUES ('696', 'rensm', '127.0.0.1', 'IP', 'Internet Explorer 11', 'Windows 10', '0', '', '2019-11-01 21:31:46');
INSERT INTO `sys_logininfor` VALUES ('697', 'chengxy', '127.0.0.1', 'IP', 'Internet Explorer 11', 'Windows 10', '0', '', '2019-11-01 21:31:52');
INSERT INTO `sys_logininfor` VALUES ('698', 'admin', '127.0.0.1', 'IP', 'Chrome', 'Windows 10', '0', '', '2019-11-01 21:34:28');
INSERT INTO `sys_logininfor` VALUES ('699', 'admin', '127.0.0.1', 'IP', 'Chrome', 'Windows 10', '0', '', '2019-11-01 21:41:48');
INSERT INTO `sys_logininfor` VALUES ('700', 'admin', '127.0.0.1', 'IP', 'Chrome', 'Windows 10', '0', '', '2019-11-01 21:42:14');
INSERT INTO `sys_logininfor` VALUES ('701', 'chengxy', '127.0.0.1', 'IP', 'Chrome', 'Windows 10', '0', '', '2019-11-01 21:42:20');
INSERT INTO `sys_logininfor` VALUES ('702', 'chengxy', '127.0.0.1', 'IP', 'Chrome', 'Windows 10', '0', '', '2019-11-01 21:46:28');
INSERT INTO `sys_logininfor` VALUES ('703', 'admin', '127.0.0.1', 'IP', 'Chrome', 'Windows 10', '0', '', '2019-11-01 21:46:30');
INSERT INTO `sys_logininfor` VALUES ('704', 'admin', '127.0.0.1', 'IP', 'Chrome', 'Windows 10', '0', '', '2019-11-01 22:34:48');
INSERT INTO `sys_logininfor` VALUES ('705', 'admin', '127.0.0.1', 'IP', 'Chrome', 'Windows 10', '0', '', '2019-11-01 22:36:08');
INSERT INTO `sys_logininfor` VALUES ('706', 'admin', '127.0.0.1', 'IP', 'Chrome', 'Windows 10', '0', '', '2019-11-01 22:37:00');
INSERT INTO `sys_logininfor` VALUES ('707', 'admin', '127.0.0.1', 'IP', 'Chrome', 'Windows 10', '0', '', '2019-11-01 22:40:05');
INSERT INTO `sys_logininfor` VALUES ('708', 'admin', '127.0.0.1', 'IP', 'Chrome', 'Windows 10', '0', '', '2019-11-01 22:44:33');
INSERT INTO `sys_logininfor` VALUES ('709', 'admin', '127.0.0.1', 'IP', 'Chrome', 'Windows 10', '0', '', '2019-11-01 23:02:35');
INSERT INTO `sys_logininfor` VALUES ('710', 'axianlu', '127.0.0.1', 'IP', 'Chrome', 'Windows 10', '0', '', '2019-11-01 23:02:40');
INSERT INTO `sys_logininfor` VALUES ('711', 'axianlu', '127.0.0.1', 'IP', 'Chrome', 'Windows 10', '0', '', '2019-11-01 23:07:20');
INSERT INTO `sys_logininfor` VALUES ('712', 'axianlu', '127.0.0.1', 'IP', 'Chrome', 'Windows 10', '0', '', '2019-11-01 23:07:42');
INSERT INTO `sys_logininfor` VALUES ('713', 'admin', '127.0.0.1', 'IP', 'Chrome', 'Windows 10', '0', '', '2019-11-01 23:07:44');
INSERT INTO `sys_logininfor` VALUES ('714', 'admin', '127.0.0.1', 'IP', 'Chrome', 'Windows 10', '0', '', '2019-11-01 23:07:56');
INSERT INTO `sys_logininfor` VALUES ('715', 'chengxy', '127.0.0.1', 'IP', 'Chrome', 'Windows 10', '0', '', '2019-11-01 23:08:01');
INSERT INTO `sys_logininfor` VALUES ('716', 'chengxy', '127.0.0.1', 'IP', 'Chrome', 'Windows 10', '0', '', '2019-11-01 23:12:42');
INSERT INTO `sys_logininfor` VALUES ('717', 'chengxy', '127.0.0.1', 'IP', 'Chrome', 'Windows 10', '0', '', '2019-11-01 23:12:52');
INSERT INTO `sys_logininfor` VALUES ('718', 'admin', '127.0.0.1', 'IP', 'Chrome', 'Windows 10', '0', '', '2019-11-01 23:12:54');
INSERT INTO `sys_logininfor` VALUES ('719', 'admin', '127.0.0.1', 'IP', 'Chrome', 'Windows 10', '0', '', '2019-11-01 23:18:19');
INSERT INTO `sys_logininfor` VALUES ('720', 'admin', '127.0.0.1', 'IP', 'Chrome', 'Windows 10', '0', '', '2019-11-01 23:20:34');
INSERT INTO `sys_logininfor` VALUES ('721', 'admin', '127.0.0.1', 'IP', 'Chrome', 'Windows 10', '0', '', '2019-11-01 23:21:20');
INSERT INTO `sys_logininfor` VALUES ('722', 'admin', '127.0.0.1', 'IP', 'Chrome', 'Windows 10', '0', '', '2019-11-01 23:23:30');
INSERT INTO `sys_logininfor` VALUES ('723', 'admin', '127.0.0.1', 'IP', 'Chrome', 'Windows 10', '0', '', '2019-11-01 23:23:40');
INSERT INTO `sys_logininfor` VALUES ('724', 'chengxy', '127.0.0.1', 'IP', 'Chrome', 'Windows 10', '0', '', '2019-11-01 23:23:46');
INSERT INTO `sys_logininfor` VALUES ('725', 'admin', '127.0.0.1', 'IP', 'Chrome', 'Windows 10', '0', '', '2019-11-01 23:24:58');
INSERT INTO `sys_logininfor` VALUES ('726', 'admin', '127.0.0.1', 'IP', 'Chrome', 'Windows 10', '0', '', '2019-11-01 23:48:32');
INSERT INTO `sys_logininfor` VALUES ('727', 'admin', '127.0.0.1', 'IP', 'Chrome', 'Windows 10', '0', '', '2019-11-05 21:41:44');
INSERT INTO `sys_logininfor` VALUES ('728', 'admin', '127.0.0.1', 'IP', 'Chrome', 'Windows 10', '0', '', '2019-11-05 21:51:33');
INSERT INTO `sys_logininfor` VALUES ('729', 'admin', '127.0.0.1', 'IP', 'Chrome', 'Windows 10', '0', '', '2019-11-05 21:54:06');
INSERT INTO `sys_logininfor` VALUES ('730', 'admin', '127.0.0.1', 'IP', 'Chrome', 'Windows 10', '0', '', '2019-11-05 21:56:39');
INSERT INTO `sys_logininfor` VALUES ('731', 'admin', '127.0.0.1', 'IP', 'Chrome', 'Windows 10', '0', '', '2019-11-05 21:59:33');
INSERT INTO `sys_logininfor` VALUES ('732', 'admin', '127.0.0.1', 'IP', 'Chrome', 'Windows 10', '0', '', '2019-11-05 22:02:03');
INSERT INTO `sys_logininfor` VALUES ('733', 'admin', '127.0.0.1', 'IP', 'Chrome', 'Windows 10', '0', '', '2019-11-05 22:08:09');
INSERT INTO `sys_logininfor` VALUES ('734', 'admin', '127.0.0.1', 'IP', 'Microsoft Edge', 'Windows 10', '0', '', '2019-11-05 22:13:29');
INSERT INTO `sys_logininfor` VALUES ('735', 'admin', '127.0.0.1', 'IP', 'Chrome', 'Windows 10', '0', '', '2019-11-05 22:15:10');
INSERT INTO `sys_logininfor` VALUES ('736', 'admin', '127.0.0.1', 'IP', 'Chrome', 'Windows 10', '0', '', '2019-11-05 22:27:45');
INSERT INTO `sys_logininfor` VALUES ('737', 'admin', '127.0.0.1', 'IP', 'Chrome', 'Windows 10', '0', '', '2019-11-06 15:56:05');
INSERT INTO `sys_logininfor` VALUES ('738', 'admin', '127.0.0.1', 'IP', 'Internet Explorer 11', 'Windows 10', '0', '', '2019-11-06 16:03:53');
INSERT INTO `sys_logininfor` VALUES ('739', 'admin', '127.0.0.1', 'IP', 'Microsoft Edge', 'Windows 10', '0', '', '2019-11-06 16:05:01');
INSERT INTO `sys_logininfor` VALUES ('740', 'admin', '127.0.0.1', 'IP', 'Chrome', 'Windows 10', '0', '', '2019-11-06 16:07:19');
INSERT INTO `sys_logininfor` VALUES ('741', 'admin', '127.0.0.1', 'IP', 'Chrome', 'Windows 10', '0', '', '2019-11-06 16:07:21');
INSERT INTO `sys_logininfor` VALUES ('742', 'admin', '127.0.0.1', 'IP', 'Chrome', 'Windows 10', '0', '', '2019-11-06 16:32:43');
INSERT INTO `sys_logininfor` VALUES ('743', 'chengxy', '127.0.0.1', 'IP', 'Chrome', 'Windows 10', '0', '', '2019-11-06 16:32:51');
INSERT INTO `sys_logininfor` VALUES ('744', 'admin', '127.0.0.1', 'IP', 'Chrome', 'Windows 10', '0', '', '2019-11-06 16:33:26');
INSERT INTO `sys_logininfor` VALUES ('745', 'admin', '127.0.0.1', 'IP', 'Chrome', 'Windows 10', '0', '', '2019-11-06 16:52:05');
INSERT INTO `sys_logininfor` VALUES ('746', 'admin', '127.0.0.1', 'IP', 'Chrome', 'Windows 10', '0', '', '2019-11-06 16:53:24');
INSERT INTO `sys_logininfor` VALUES ('747', 'admin', '127.0.0.1', 'IP', 'Chrome', 'Windows 10', '0', '', '2019-11-06 17:12:45');
INSERT INTO `sys_logininfor` VALUES ('748', 'admin', '127.0.0.1', 'IP', 'Chrome', 'Windows 10', '0', '', '2019-11-06 17:15:15');
INSERT INTO `sys_logininfor` VALUES ('749', 'admin', '127.0.0.1', 'IP', 'Chrome', 'Windows 10', '0', '', '2019-11-06 17:20:07');
INSERT INTO `sys_logininfor` VALUES ('750', 'axianlu', '127.0.0.1', 'IP', 'Chrome', 'Windows 10', '0', '', '2019-11-06 17:20:12');
INSERT INTO `sys_logininfor` VALUES ('751', 'admin', '127.0.0.1', 'IP', 'Chrome', 'Windows 10', '0', '', '2019-11-08 09:54:17');
INSERT INTO `sys_logininfor` VALUES ('752', 'admin', '127.0.0.1', 'IP', 'Chrome', 'Windows 10', '0', '', '2019-11-08 09:57:14');
INSERT INTO `sys_logininfor` VALUES ('753', 'admin', '127.0.0.1', 'IP', 'Chrome', 'Windows 10', '0', '', '2019-11-08 10:02:32');
INSERT INTO `sys_logininfor` VALUES ('754', 'admin', '127.0.0.1', 'IP', 'Chrome', 'Windows 10', '0', '', '2019-11-08 11:07:14');
INSERT INTO `sys_logininfor` VALUES ('755', 'admin', '127.0.0.1', 'IP', 'Chrome', 'Windows 10', '0', '', '2019-11-08 11:26:05');
INSERT INTO `sys_logininfor` VALUES ('756', 'chengxy', '127.0.0.1', 'IP', 'Chrome', 'Windows 10', '0', '', '2019-11-08 11:26:12');
INSERT INTO `sys_logininfor` VALUES ('757', 'chengxy', '127.0.0.1', 'IP', 'Chrome', 'Windows 10', '0', '', '2019-11-08 11:26:27');
INSERT INTO `sys_logininfor` VALUES ('758', 'admin', '127.0.0.1', 'IP', 'Chrome', 'Windows 10', '0', '', '2019-11-08 11:26:29');
INSERT INTO `sys_logininfor` VALUES ('759', 'admin', '127.0.0.1', 'IP', 'Chrome', 'Windows 10', '0', '', '2019-11-08 11:26:43');
INSERT INTO `sys_logininfor` VALUES ('760', 'axianlu', '127.0.0.1', 'IP', 'Chrome', 'Windows 10', '0', '', '2019-11-08 11:26:49');
INSERT INTO `sys_logininfor` VALUES ('761', 'axianlu', '127.0.0.1', 'IP', 'Chrome', 'Windows 10', '0', '', '2019-11-08 11:48:05');
INSERT INTO `sys_logininfor` VALUES ('762', 'admin', '127.0.0.1', 'IP', 'Chrome', 'Windows 10', '0', '', '2019-11-08 11:48:07');
INSERT INTO `sys_logininfor` VALUES ('763', 'admin', '127.0.0.1', 'IP', 'Chrome', 'Windows 10', '0', '', '2019-11-08 11:55:38');
INSERT INTO `sys_logininfor` VALUES ('764', 'admin', '127.0.0.1', 'IP', 'Chrome', 'Windows 10', '0', '', '2019-11-08 11:55:40');
INSERT INTO `sys_logininfor` VALUES ('765', 'admin', '127.0.0.1', 'IP', 'Chrome', 'Windows 10', '0', '', '2019-11-08 11:56:51');
INSERT INTO `sys_logininfor` VALUES ('766', 'admin', '127.0.0.1', 'IP', 'Chrome', 'Windows 10', '0', '', '2019-11-08 11:56:53');
INSERT INTO `sys_logininfor` VALUES ('767', 'admin', '127.0.0.1', 'IP', 'Chrome', 'Windows 10', '0', '', '2019-11-08 11:58:04');
INSERT INTO `sys_logininfor` VALUES ('768', 'admin', '127.0.0.1', 'IP', 'Chrome', 'Windows 10', '0', '', '2019-11-08 12:43:31');
INSERT INTO `sys_logininfor` VALUES ('769', 'chengxy', '127.0.0.1', 'IP', 'Chrome', 'Windows 10', '0', '', '2019-11-08 14:41:20');
INSERT INTO `sys_logininfor` VALUES ('770', 'chengxy', '127.0.0.1', 'IP', 'Chrome', 'Windows 10', '0', '', '2019-11-08 14:42:06');
INSERT INTO `sys_logininfor` VALUES ('771', 'admin', '127.0.0.1', 'IP', 'Chrome', 'Windows 10', '0', '', '2019-11-08 14:42:08');
INSERT INTO `sys_logininfor` VALUES ('772', 'admin', '127.0.0.1', 'IP', 'Chrome', 'Windows 10', '0', '', '2019-11-08 14:53:46');
INSERT INTO `sys_logininfor` VALUES ('773', 'admin', '127.0.0.1', 'IP', 'Chrome', 'Windows 10', '0', '', '2019-11-08 14:56:43');
INSERT INTO `sys_logininfor` VALUES ('774', 'admin', '127.0.0.1', 'IP', 'Chrome', 'Windows 10', '0', '', '2019-11-08 15:04:18');
INSERT INTO `sys_logininfor` VALUES ('775', 'admin', '127.0.0.1', 'IP', 'Chrome', 'Windows 10', '0', '', '2019-11-08 15:06:01');
INSERT INTO `sys_logininfor` VALUES ('776', 'admin', '127.0.0.1', 'IP', 'Chrome', 'Windows 10', '0', '', '2019-11-08 15:08:43');
INSERT INTO `sys_logininfor` VALUES ('777', 'admin', '127.0.0.1', 'IP', 'Chrome', 'Windows 10', '0', '', '2019-11-08 15:08:54');
INSERT INTO `sys_logininfor` VALUES ('778', 'axianlu', '127.0.0.1', 'IP', 'Chrome', 'Windows 10', '0', '', '2019-11-08 15:08:59');
INSERT INTO `sys_logininfor` VALUES ('779', 'axianlu', '127.0.0.1', 'IP', 'Chrome', 'Windows 10', '0', '', '2019-11-08 15:13:33');
INSERT INTO `sys_logininfor` VALUES ('780', 'axianlu', '127.0.0.1', 'IP', 'Chrome', 'Windows 10', '0', '', '2019-11-08 15:15:06');
INSERT INTO `sys_logininfor` VALUES ('781', 'rensm', '127.0.0.1', 'IP', 'Chrome', 'Windows 10', '0', '', '2019-11-08 15:15:14');
INSERT INTO `sys_logininfor` VALUES ('782', 'rensm', '127.0.0.1', 'IP', 'Chrome', 'Windows 10', '0', '', '2019-11-08 15:15:20');
INSERT INTO `sys_logininfor` VALUES ('783', 'axianlu', '127.0.0.1', 'IP', 'Chrome', 'Windows 10', '0', '', '2019-11-08 15:15:26');
INSERT INTO `sys_logininfor` VALUES ('784', 'axianlu', '127.0.0.1', 'IP', 'Chrome', 'Windows 10', '0', '', '2019-11-08 15:29:19');
INSERT INTO `sys_logininfor` VALUES ('785', 'axianlu', '127.0.0.1', 'IP', 'Chrome', 'Windows 10', '0', '', '2019-11-08 15:34:39');
INSERT INTO `sys_logininfor` VALUES ('786', 'admin', '127.0.0.1', 'IP', 'Chrome', 'Windows 10', '0', '', '2019-11-08 15:34:47');
INSERT INTO `sys_logininfor` VALUES ('787', 'admin', '127.0.0.1', 'IP', 'Chrome', 'Windows 10', '0', '', '2019-11-08 15:35:39');
INSERT INTO `sys_logininfor` VALUES ('788', 'axianlu', '127.0.0.1', 'IP', 'Chrome', 'Windows 10', '0', '', '2019-11-08 15:35:43');
INSERT INTO `sys_logininfor` VALUES ('789', 'admin', '127.0.0.1', 'IP', 'Chrome', 'Windows 10', '0', '', '2019-11-08 15:46:46');
INSERT INTO `sys_logininfor` VALUES ('790', 'admin', '127.0.0.1', 'IP', 'Chrome', 'Windows 10', '0', '', '2019-11-08 15:47:08');
INSERT INTO `sys_logininfor` VALUES ('791', 'axianlu', '127.0.0.1', 'IP', 'Chrome', 'Windows 10', '0', '', '2019-11-08 15:47:14');
INSERT INTO `sys_logininfor` VALUES ('792', 'axianlu', '127.0.0.1', 'IP', 'Chrome', 'Windows 10', '0', '', '2019-11-08 15:47:58');
INSERT INTO `sys_logininfor` VALUES ('793', 'axianlu', '127.0.0.1', 'IP', 'Chrome', 'Windows 10', '0', '', '2019-11-08 15:48:23');
INSERT INTO `sys_logininfor` VALUES ('794', 'admin', '127.0.0.1', 'IP', 'Chrome', 'Windows 10', '0', '', '2019-11-08 15:48:25');
INSERT INTO `sys_logininfor` VALUES ('795', 'admin', '127.0.0.1', 'IP', 'Chrome', 'Windows 10', '0', '', '2019-11-08 15:49:45');
INSERT INTO `sys_logininfor` VALUES ('796', 'admin', '127.0.0.1', 'IP', 'Chrome', 'Windows 10', '0', '', '2019-11-08 15:49:47');
INSERT INTO `sys_logininfor` VALUES ('797', 'admin', '127.0.0.1', 'IP', 'Chrome', 'Windows 10', '0', '', '2019-11-08 15:50:05');
INSERT INTO `sys_logininfor` VALUES ('798', 'axianlu', '127.0.0.1', 'IP', 'Chrome', 'Windows 10', '0', '', '2019-11-08 15:50:09');
INSERT INTO `sys_logininfor` VALUES ('799', 'axianlu', '127.0.0.1', 'IP', 'Chrome', 'Windows 10', '0', '', '2019-11-08 16:01:10');
INSERT INTO `sys_logininfor` VALUES ('800', 'axianlu', '127.0.0.1', 'IP', 'Chrome', 'Windows 10', '0', '', '2019-11-08 16:01:29');
INSERT INTO `sys_logininfor` VALUES ('801', 'chengxy', '127.0.0.1', 'IP', 'Chrome', 'Windows 10', '0', '', '2019-11-08 16:01:35');
INSERT INTO `sys_logininfor` VALUES ('802', 'chengxy', '127.0.0.1', 'IP', 'Chrome', 'Windows 10', '0', '', '2019-11-08 16:04:41');
INSERT INTO `sys_logininfor` VALUES ('803', 'admin', '127.0.0.1', 'IP', 'Chrome', 'Windows 10', '0', '', '2019-11-08 16:04:43');
INSERT INTO `sys_logininfor` VALUES ('804', 'admin', '127.0.0.1', 'IP', 'Chrome', 'Windows 10', '0', '', '2019-11-08 16:06:23');
INSERT INTO `sys_logininfor` VALUES ('805', 'admin', '127.0.0.1', 'IP', 'Chrome', 'Windows 10', '0', '', '2019-11-08 16:06:27');
INSERT INTO `sys_logininfor` VALUES ('806', 'admin', '127.0.0.1', 'IP', 'Chrome', 'Windows 10', '0', '', '2019-11-08 16:06:30');
INSERT INTO `sys_logininfor` VALUES ('807', 'axianlu', '127.0.0.1', 'IP', 'Chrome', 'Windows 10', '0', '', '2019-11-08 16:06:35');
INSERT INTO `sys_logininfor` VALUES ('808', 'axianlu', '127.0.0.1', 'IP', 'Chrome', 'Windows 10', '0', '', '2019-11-08 16:06:52');
INSERT INTO `sys_logininfor` VALUES ('809', 'rensm', '127.0.0.1', 'IP', 'Chrome', 'Windows 10', '0', '', '2019-11-08 16:06:56');
INSERT INTO `sys_logininfor` VALUES ('810', 'rensm', '127.0.0.1', 'IP', 'Chrome', 'Windows 10', '0', '', '2019-11-08 16:07:36');
INSERT INTO `sys_logininfor` VALUES ('811', 'admin', '127.0.0.1', 'IP', 'Chrome', 'Windows 10', '0', '', '2019-11-08 16:07:39');
INSERT INTO `sys_logininfor` VALUES ('812', 'admin', '127.0.0.1', 'IP', 'Chrome', 'Windows 10', '0', '', '2019-11-08 16:12:01');
INSERT INTO `sys_logininfor` VALUES ('813', 'admin', '127.0.0.1', 'IP', 'Chrome', 'Windows 10', '0', '', '2019-11-08 16:12:03');
INSERT INTO `sys_logininfor` VALUES ('814', 'admin', '127.0.0.1', 'IP', 'Chrome', 'Windows 10', '0', '', '2019-11-09 16:35:41');
INSERT INTO `sys_logininfor` VALUES ('815', 'admin', '127.0.0.1', 'IP', 'Chrome', 'Windows 10', '0', '', '2019-11-09 16:38:59');
INSERT INTO `sys_logininfor` VALUES ('816', 'admin', '127.0.0.1', 'IP', 'Chrome', 'Windows 10', '0', '', '2019-11-09 21:54:24');
INSERT INTO `sys_logininfor` VALUES ('817', 'admin', '127.0.0.1', 'IP', 'Chrome', 'Windows 10', '0', '', '2019-11-09 22:58:41');
INSERT INTO `sys_logininfor` VALUES ('818', 'admin', '127.0.0.1', 'IP', 'Chrome', 'Windows 10', '0', '', '2019-11-09 22:59:42');
INSERT INTO `sys_logininfor` VALUES ('819', 'axianlu', '127.0.0.1', 'IP', 'Chrome', 'Windows 10', '0', '', '2019-11-09 22:59:48');
INSERT INTO `sys_logininfor` VALUES ('820', 'admin', '127.0.0.1', 'IP', 'Chrome', 'Windows 10', '0', '', '2019-11-09 23:00:44');
INSERT INTO `sys_logininfor` VALUES ('821', 'axianlu', '127.0.0.1', 'IP', 'Chrome', 'Windows 10', '0', '', '2019-11-09 23:05:41');
INSERT INTO `sys_logininfor` VALUES ('822', 'admin', '127.0.0.1', 'IP', 'Chrome', 'Windows 10', '0', '', '2019-11-09 23:06:08');
INSERT INTO `sys_logininfor` VALUES ('823', 'axianlu', '127.0.0.1', 'IP', 'Chrome', 'Windows 10', '0', '', '2019-11-09 23:06:45');
INSERT INTO `sys_logininfor` VALUES ('824', 'rensm', '127.0.0.1', 'IP', 'Chrome', 'Windows 10', '0', '', '2019-11-09 23:06:52');
INSERT INTO `sys_logininfor` VALUES ('825', 'rensm', '127.0.0.1', 'IP', 'Chrome', 'Windows 10', '0', '', '2019-11-09 23:12:08');
INSERT INTO `sys_logininfor` VALUES ('826', 'admin', '127.0.0.1', 'IP', 'Chrome', 'Windows 10', '0', '', '2019-11-09 23:12:10');
INSERT INTO `sys_logininfor` VALUES ('827', 'admin', '127.0.0.1', 'IP', 'Chrome', 'Windows 10', '0', '', '2019-11-09 23:12:36');
INSERT INTO `sys_logininfor` VALUES ('828', 'axianlu', '127.0.0.1', 'IP', 'Chrome', 'Windows 10', '0', '', '2019-11-09 23:12:42');
INSERT INTO `sys_logininfor` VALUES ('829', 'axianlu', '127.0.0.1', 'IP', 'Chrome', 'Windows 10', '0', '', '2019-11-09 23:16:01');
INSERT INTO `sys_logininfor` VALUES ('830', 'admin', '127.0.0.1', 'IP', 'Chrome', 'Windows 10', '0', '', '2019-11-09 23:16:13');
INSERT INTO `sys_logininfor` VALUES ('831', 'admin', '127.0.0.1', 'IP', 'Chrome', 'Windows 10', '0', '', '2019-11-09 23:26:34');
INSERT INTO `sys_logininfor` VALUES ('832', 'axianlu', '127.0.0.1', 'IP', 'Chrome', 'Windows 10', '0', '', '2019-11-09 23:26:38');
INSERT INTO `sys_logininfor` VALUES ('833', 'axianlu', '127.0.0.1', 'IP', 'Chrome', 'Windows 10', '0', '', '2019-11-09 23:26:57');
INSERT INTO `sys_logininfor` VALUES ('834', 'admin', '127.0.0.1', 'IP', 'Chrome', 'Windows 10', '0', '', '2019-11-09 23:27:01');
INSERT INTO `sys_logininfor` VALUES ('835', 'admin', '127.0.0.1', 'IP', 'Chrome', 'Windows 10', '0', '', '2019-11-10 10:53:25');
INSERT INTO `sys_logininfor` VALUES ('836', 'admin', '127.0.0.1', 'IP', 'Chrome', 'Windows 10', '0', '', '2019-11-10 10:54:53');
INSERT INTO `sys_logininfor` VALUES ('837', 'chengxy', '127.0.0.1', 'IP', 'Chrome', 'Windows 10', '0', '', '2019-11-10 10:54:59');
INSERT INTO `sys_logininfor` VALUES ('838', 'chengxy', '127.0.0.1', 'IP', 'Chrome', 'Windows 10', '0', '', '2019-11-10 10:55:06');
INSERT INTO `sys_logininfor` VALUES ('839', 'rensm', '127.0.0.1', 'IP', 'Chrome', 'Windows 10', '0', '', '2019-11-10 10:55:11');
INSERT INTO `sys_logininfor` VALUES ('840', 'rensm', '127.0.0.1', 'IP', 'Chrome', 'Windows 10', '0', '', '2019-11-10 10:55:20');
INSERT INTO `sys_logininfor` VALUES ('841', 'admin', '127.0.0.1', 'IP', 'Chrome', 'Windows 10', '0', '', '2019-11-10 10:55:22');
INSERT INTO `sys_logininfor` VALUES ('842', 'admin', '127.0.0.1', 'IP', 'Chrome', 'Windows 10', '0', '', '2019-11-10 10:56:34');
INSERT INTO `sys_logininfor` VALUES ('843', 'chengxy', '127.0.0.1', 'IP', 'Chrome', 'Windows 10', '0', '', '2019-11-10 10:56:39');
INSERT INTO `sys_logininfor` VALUES ('844', 'chengxy', '127.0.0.1', 'IP', 'Chrome', 'Windows 10', '0', '', '2019-11-10 10:56:47');
INSERT INTO `sys_logininfor` VALUES ('845', 'axianlu', '127.0.0.1', 'IP', 'Chrome', 'Windows 10', '0', '', '2019-11-10 10:56:51');
INSERT INTO `sys_logininfor` VALUES ('846', 'axianlu', '127.0.0.1', 'IP', 'Chrome', 'Windows 10', '0', '', '2019-11-10 10:59:49');
INSERT INTO `sys_logininfor` VALUES ('847', 'admin', '127.0.0.1', 'IP', 'Chrome', 'Windows 10', '0', '', '2019-11-10 10:59:51');
INSERT INTO `sys_logininfor` VALUES ('848', 'admin', '127.0.0.1', 'IP', 'Internet Explorer 11', 'Windows 10', '0', '', '2019-11-10 11:36:12');
INSERT INTO `sys_logininfor` VALUES ('849', 'admin', '127.0.0.1', 'IP', 'Internet Explorer 11', 'Windows 10', '0', '', '2019-11-10 11:40:01');
INSERT INTO `sys_logininfor` VALUES ('850', 'admin', '127.0.0.1', 'IP', 'Internet Explorer 11', 'Windows 10', '0', '', '2019-11-10 11:41:40');
INSERT INTO `sys_logininfor` VALUES ('851', 'admin', '127.0.0.1', 'IP', 'Internet Explorer 11', 'Windows 10', '0', '', '2019-11-10 11:44:19');
INSERT INTO `sys_logininfor` VALUES ('852', 'admin', '127.0.0.1', 'IP', 'Internet Explorer 11', 'Windows 10', '0', '', '2019-11-10 11:47:24');
INSERT INTO `sys_logininfor` VALUES ('853', 'admin', '127.0.0.1', 'IP', 'Microsoft Edge', 'Windows 10', '0', '', '2019-11-10 11:48:20');
INSERT INTO `sys_logininfor` VALUES ('854', 'admin', '127.0.0.1', 'IP', 'Chrome', 'Windows 10', '0', '', '2019-11-10 14:46:54');
INSERT INTO `sys_logininfor` VALUES ('855', 'admin', '127.0.0.1', 'IP', 'Chrome', 'Windows 10', '0', '', '2019-11-10 14:56:37');
INSERT INTO `sys_logininfor` VALUES ('856', 'admin', '127.0.0.1', 'IP', 'Chrome', 'Windows 10', '0', '', '2019-11-10 17:53:24');
INSERT INTO `sys_logininfor` VALUES ('857', 'admin', '127.0.0.1', 'IP', 'Chrome', 'Windows 10', '0', '', '2019-11-10 18:00:45');
INSERT INTO `sys_logininfor` VALUES ('858', 'admin', '127.0.0.1', 'IP', 'Chrome', 'Windows 10', '0', '', '2019-11-10 18:27:07');
INSERT INTO `sys_logininfor` VALUES ('859', 'admin', '127.0.0.1', 'IP', 'Chrome', 'Windows 10', '0', '', '2019-11-10 18:27:37');
INSERT INTO `sys_logininfor` VALUES ('860', 'axianlu', '127.0.0.1', 'IP', 'Chrome', 'Windows 10', '0', '', '2019-11-10 18:27:42');
INSERT INTO `sys_logininfor` VALUES ('861', 'axianlu', '127.0.0.1', 'IP', 'Chrome', 'Windows 10', '0', '', '2019-11-10 18:27:55');
INSERT INTO `sys_logininfor` VALUES ('862', 'rensm', '127.0.0.1', 'IP', 'Chrome', 'Windows 10', '0', '', '2019-11-10 18:28:01');
INSERT INTO `sys_logininfor` VALUES ('863', 'rensm', '127.0.0.1', 'IP', 'Chrome', 'Windows 10', '0', '', '2019-11-10 18:28:07');
INSERT INTO `sys_logininfor` VALUES ('864', 'rensm', '127.0.0.1', 'IP', 'Chrome', 'Windows 10', '0', '', '2019-11-10 18:28:13');
INSERT INTO `sys_logininfor` VALUES ('865', 'rensm', '127.0.0.1', 'IP', 'Chrome', 'Windows 10', '0', '', '2019-11-10 18:28:41');
INSERT INTO `sys_logininfor` VALUES ('866', 'admin', '127.0.0.1', 'IP', 'Chrome', 'Windows 10', '0', '', '2019-11-10 18:28:44');
INSERT INTO `sys_logininfor` VALUES ('867', 'admin', '127.0.0.1', 'IP', 'Chrome', 'Windows 10', '0', '', '2019-11-10 18:29:11');
INSERT INTO `sys_logininfor` VALUES ('868', 'axianlu', '127.0.0.1', 'IP', 'Chrome', 'Windows 10', '0', '', '2019-11-10 18:29:18');
INSERT INTO `sys_logininfor` VALUES ('869', 'axianlu', '127.0.0.1', 'IP', 'Chrome', 'Windows 10', '0', '', '2019-11-10 18:55:38');
INSERT INTO `sys_logininfor` VALUES ('870', 'admin', '127.0.0.1', 'IP', 'Chrome', 'Windows 10', '0', '', '2019-11-10 18:57:43');
INSERT INTO `sys_logininfor` VALUES ('871', 'admin', '127.0.0.1', 'IP', 'Chrome', 'Windows 10', '0', '', '2019-11-10 19:00:45');
INSERT INTO `sys_logininfor` VALUES ('872', 'chengxy', '127.0.0.1', 'IP', 'Chrome', 'Windows 10', '0', '', '2019-11-10 19:00:51');
INSERT INTO `sys_logininfor` VALUES ('873', 'axianlu', '127.0.0.1', 'IP', 'Chrome', 'Windows 10', '0', '', '2019-11-10 19:02:50');
INSERT INTO `sys_logininfor` VALUES ('874', 'axianlu', '127.0.0.1', 'IP', 'Chrome', 'Windows 10', '0', '', '2019-11-10 19:14:34');
INSERT INTO `sys_logininfor` VALUES ('875', 'chengxy', '127.0.0.1', 'IP', 'Chrome', 'Windows 10', '0', '', '2019-11-10 19:15:26');
INSERT INTO `sys_logininfor` VALUES ('876', 'axianlu', '127.0.0.1', 'IP', 'Chrome', 'Windows 10', '0', '', '2019-11-10 19:20:03');
INSERT INTO `sys_logininfor` VALUES ('877', 'rensm', '127.0.0.1', 'IP', 'Chrome', 'Windows 10', '0', '', '2019-11-10 19:20:08');
INSERT INTO `sys_logininfor` VALUES ('878', 'chengxy', '127.0.0.1', 'IP', 'Chrome', 'Windows 10', '0', '', '2019-11-10 19:23:22');
INSERT INTO `sys_logininfor` VALUES ('879', 'rensm', '127.0.0.1', 'IP', 'Chrome', 'Windows 10', '0', '', '2019-11-10 19:24:00');
INSERT INTO `sys_logininfor` VALUES ('880', 'axianlu', '127.0.0.1', 'IP', 'Microsoft Edge', 'Windows 10', '0', '', '2019-11-10 19:24:39');
INSERT INTO `sys_logininfor` VALUES ('881', 'axianlu', '127.0.0.1', 'IP', 'Microsoft Edge', 'Windows 10', '0', '', '2019-11-10 19:29:53');
INSERT INTO `sys_logininfor` VALUES ('882', 'axianlu', '127.0.0.1', 'IP', 'Microsoft Edge', 'Windows 10', '0', '', '2019-11-10 19:32:15');
INSERT INTO `sys_logininfor` VALUES ('883', 'chengxy', '127.0.0.1', 'IP', 'Chrome', 'Windows 10', '1', '1', '2019-11-10 19:33:07');
INSERT INTO `sys_logininfor` VALUES ('884', 'chengxy', '127.0.0.1', 'IP', 'Chrome', 'Windows 10', '0', '', '2019-11-10 19:33:10');
INSERT INTO `sys_logininfor` VALUES ('885', 'rensm', '127.0.0.1', 'IP', 'Chrome', 'Windows 10', '0', '', '2019-11-10 19:33:50');
INSERT INTO `sys_logininfor` VALUES ('886', 'admin', '127.0.0.1', 'IP', 'Microsoft Edge', 'Windows 10', '0', '', '2019-11-10 19:36:08');
INSERT INTO `sys_logininfor` VALUES ('887', 'admin', '127.0.0.1', 'IP', 'Microsoft Edge', 'Windows 10', '0', '', '2019-11-10 19:44:45');
INSERT INTO `sys_logininfor` VALUES ('888', 'admin', '127.0.0.1', 'IP', 'Microsoft Edge', 'Windows 10', '0', '', '2019-11-10 19:52:23');
INSERT INTO `sys_logininfor` VALUES ('889', 'admin', '127.0.0.1', 'IP', 'Microsoft Edge', 'Windows 10', '0', '', '2019-11-10 19:54:31');
INSERT INTO `sys_logininfor` VALUES ('890', 'admin', '127.0.0.1', 'IP', 'Microsoft Edge', 'Windows 10', '0', '', '2019-11-10 19:55:41');
INSERT INTO `sys_logininfor` VALUES ('891', 'admin', '127.0.0.1', 'IP', 'Microsoft Edge', 'Windows 10', '0', '', '2019-11-10 19:55:43');
INSERT INTO `sys_logininfor` VALUES ('892', 'admin', '127.0.0.1', 'IP', 'Microsoft Edge', 'Windows 10', '0', '', '2019-11-10 19:57:55');
INSERT INTO `sys_logininfor` VALUES ('893', 'chengxy', '127.0.0.1', 'IP', 'Chrome', 'Windows 10', '0', '', '2019-11-10 20:09:18');
INSERT INTO `sys_logininfor` VALUES ('894', 'chengxy', '127.0.0.1', 'IP', 'Chrome', 'Windows 10', '0', '', '2019-11-10 20:09:45');
INSERT INTO `sys_logininfor` VALUES ('895', 'chengxy', '127.0.0.1', 'IP', 'Chrome', 'Windows 10', '0', '', '2019-11-10 20:09:50');
INSERT INTO `sys_logininfor` VALUES ('896', 'rensm', '127.0.0.1', 'IP', 'Chrome', 'Windows 10', '0', '', '2019-11-10 20:10:55');
INSERT INTO `sys_logininfor` VALUES ('897', 'axianlu', '127.0.0.1', 'IP', 'Microsoft Edge', 'Windows 10', '0', '', '2019-11-10 20:12:21');
INSERT INTO `sys_logininfor` VALUES ('898', 'chengxy', '127.0.0.1', 'IP', 'Chrome', 'Windows 10', '0', '', '2019-11-10 20:13:40');
INSERT INTO `sys_logininfor` VALUES ('899', 'axianlu', '127.0.0.1', 'IP', 'Chrome', 'Windows 10', '0', '', '2019-11-10 20:13:46');
INSERT INTO `sys_logininfor` VALUES ('900', 'axianlu', '127.0.0.1', 'IP', 'Chrome', 'Windows 10', '0', '', '2019-11-10 20:16:36');
INSERT INTO `sys_logininfor` VALUES ('901', 'admin', '127.0.0.1', 'IP', 'Chrome', 'Windows 10', '0', '', '2019-11-10 20:16:38');
INSERT INTO `sys_logininfor` VALUES ('902', 'admin', '127.0.0.1', 'IP', 'Chrome', 'Windows 10', '0', '', '2019-11-10 20:17:05');
INSERT INTO `sys_logininfor` VALUES ('903', 'axianlu', '127.0.0.1', 'IP', 'Chrome', 'Windows 10', '0', '', '2019-11-10 20:17:11');
INSERT INTO `sys_logininfor` VALUES ('904', 'axianlu', '127.0.0.1', 'IP', 'Microsoft Edge', 'Windows 10', '0', '', '2019-11-10 20:19:20');
INSERT INTO `sys_logininfor` VALUES ('905', 'admin', '127.0.0.1', 'IP', 'Microsoft Edge', 'Windows 10', '0', '', '2019-11-10 20:19:22');
INSERT INTO `sys_logininfor` VALUES ('906', 'axianlu', '127.0.0.1', 'IP', 'Chrome', 'Windows 10', '0', '', '2019-11-10 20:25:15');
INSERT INTO `sys_logininfor` VALUES ('907', 'rensm', '127.0.0.1', 'IP', 'Chrome', 'Windows 10', '0', '', '2019-11-10 20:25:20');
INSERT INTO `sys_logininfor` VALUES ('908', 'rensm', '127.0.0.1', 'IP', 'Chrome', 'Windows 10', '0', '', '2019-11-10 20:29:41');
INSERT INTO `sys_logininfor` VALUES ('909', 'admin', '127.0.0.1', 'IP', 'Chrome', 'Windows 10', '0', '', '2019-11-10 20:29:50');
INSERT INTO `sys_logininfor` VALUES ('910', 'admin', '127.0.0.1', 'IP', 'Chrome', 'Windows 10', '0', '', '2019-11-10 20:30:57');
INSERT INTO `sys_logininfor` VALUES ('911', 'chengxy', '127.0.0.1', 'IP', 'Chrome', 'Windows 10', '0', '', '2019-11-10 20:31:03');
INSERT INTO `sys_logininfor` VALUES ('912', 'chengxy', '127.0.0.1', 'IP', 'Chrome', 'Windows 10', '0', '', '2019-11-10 20:44:33');
INSERT INTO `sys_logininfor` VALUES ('913', 'admin', '127.0.0.1', 'IP', 'Chrome', 'Windows 10', '0', '', '2019-11-10 20:44:34');
INSERT INTO `sys_logininfor` VALUES ('914', 'admin', '127.0.0.1', 'IP', 'Chrome', 'Windows 10', '0', '', '2019-11-10 20:44:56');
INSERT INTO `sys_logininfor` VALUES ('915', 'chengxy', '127.0.0.1', 'IP', 'Chrome', 'Windows 10', '0', '', '2019-11-10 20:45:05');
INSERT INTO `sys_logininfor` VALUES ('916', 'chengxy', '127.0.0.1', 'IP', 'Chrome', 'Windows 10', '0', '', '2019-11-10 20:49:20');
INSERT INTO `sys_logininfor` VALUES ('917', 'admin', '127.0.0.1', 'IP', 'Chrome', 'Windows 10', '0', '', '2019-11-10 20:49:24');

-- ----------------------------
-- Table structure for sys_menu
-- ----------------------------
DROP TABLE IF EXISTS `sys_menu`;
CREATE TABLE `sys_menu` (
  `menu_id` bigint(20) NOT NULL AUTO_INCREMENT COMMENT 'ID',
  `menu_name` varchar(50) NOT NULL COMMENT '',
  `parent_id` bigint(20) DEFAULT '0' COMMENT 'ID',
  `order_num` int(4) DEFAULT '0' COMMENT '',
  `url` varchar(200) DEFAULT '#' COMMENT '',
  `target` varchar(20) DEFAULT '' COMMENT 'menuItem menuBlank',
  `menu_type` char(1) DEFAULT '' COMMENT 'M C F',
  `visible` char(1) DEFAULT '0' COMMENT '0 1',
  `perms` varchar(100) DEFAULT NULL COMMENT '',
  `icon` varchar(100) DEFAULT '#' COMMENT '',
  `create_by` varchar(64) DEFAULT '' COMMENT '',
  `create_time` datetime DEFAULT NULL COMMENT '',
  `update_by` varchar(64) DEFAULT '' COMMENT '',
  `update_time` datetime DEFAULT NULL COMMENT '',
  `remark` varchar(500) DEFAULT '' COMMENT '',
  PRIMARY KEY (`menu_id`)
) ENGINE=InnoDB AUTO_INCREMENT=2049 DEFAULT CHARSET=utf8 COMMENT='';

-- ----------------------------
-- Records of sys_menu
-- ----------------------------
INSERT INTO `sys_menu` VALUES ('1', '', '0', '1', '#', '', 'M', '0', '', 'fa fa-gear', 'admin', '2018-03-16 11:33:00', 'ry', '2018-03-16 11:33:00', '');
INSERT INTO `sys_menu` VALUES ('2', '', '0', '2', '#', '', 'M', '0', '', 'fa fa-video-camera', 'admin', '2018-03-16 11:33:00', 'ry', '2018-03-16 11:33:00', '');
INSERT INTO `sys_menu` VALUES ('3', '', '0', '3', '#', '', 'M', '0', '', 'fa fa-bars', 'admin', '2018-03-16 11:33:00', 'ry', '2018-03-16 11:33:00', '');
INSERT INTO `sys_menu` VALUES ('100', '', '1', '1', '/system/user', '', 'C', '0', 'system:user:view', '#', 'admin', '2018-03-16 11:33:00', 'ry', '2018-03-16 11:33:00', '');
INSERT INTO `sys_menu` VALUES ('101', '', '1', '2', '/system/role', '', 'C', '0', 'system:role:view', '#', 'admin', '2018-03-16 11:33:00', 'ry', '2018-03-16 11:33:00', '');
INSERT INTO `sys_menu` VALUES ('102', '', '1', '3', '/system/menu', '', 'C', '0', 'system:menu:view', '#', 'admin', '2018-03-16 11:33:00', 'ry', '2018-03-16 11:33:00', '');
INSERT INTO `sys_menu` VALUES ('103', '', '1', '4', '/system/dept', '', 'C', '0', 'system:dept:view', '#', 'admin', '2018-03-16 11:33:00', 'ry', '2018-03-16 11:33:00', '');
INSERT INTO `sys_menu` VALUES ('104', '', '1', '5', '/system/post', '', 'C', '0', 'system:post:view', '#', 'admin', '2018-03-16 11:33:00', 'ry', '2018-03-16 11:33:00', '');
INSERT INTO `sys_menu` VALUES ('105', '', '1', '6', '/system/dict', '', 'C', '0', 'system:dict:view', '#', 'admin', '2018-03-16 11:33:00', 'ry', '2018-03-16 11:33:00', '');
INSERT INTO `sys_menu` VALUES ('106', '', '1', '7', '/system/config', '', 'C', '0', 'system:config:view', '#', 'admin', '2018-03-16 11:33:00', 'ry', '2018-03-16 11:33:00', '');
INSERT INTO `sys_menu` VALUES ('107', '', '1', '8', '/system/notice', '', 'C', '0', 'system:notice:view', '#', 'admin', '2018-03-16 11:33:00', 'ry', '2018-03-16 11:33:00', '');
INSERT INTO `sys_menu` VALUES ('108', '', '1', '9', '#', '', 'M', '0', '', '#', 'admin', '2018-03-16 11:33:00', 'ry', '2018-03-16 11:33:00', '');
INSERT INTO `sys_menu` VALUES ('109', '', '2', '1', '/monitor/online', '', 'C', '0', 'monitor:online:view', '#', 'admin', '2018-03-16 11:33:00', 'ry', '2018-03-16 11:33:00', '');
INSERT INTO `sys_menu` VALUES ('110', '', '2', '2', '/monitor/job', '', 'C', '0', 'monitor:job:view', '#', 'admin', '2018-03-16 11:33:00', 'ry', '2018-03-16 11:33:00', '');
INSERT INTO `sys_menu` VALUES ('111', '', '2', '3', '/monitor/data', '', 'C', '0', 'monitor:data:view', '#', 'admin', '2018-03-16 11:33:00', 'ry', '2018-03-16 11:33:00', '');
INSERT INTO `sys_menu` VALUES ('112', '', '2', '3', '/monitor/server', '', 'C', '0', 'monitor:server:view', '#', 'admin', '2018-03-16 11:33:00', 'ry', '2018-03-16 11:33:00', '');
INSERT INTO `sys_menu` VALUES ('113', '', '3', '1', '/tool/build', '', 'C', '0', 'tool:build:view', '#', 'admin', '2018-03-16 11:33:00', 'ry', '2018-03-16 11:33:00', '');
INSERT INTO `sys_menu` VALUES ('114', '', '3', '2', '/tool/gen', '', 'C', '0', 'tool:gen:view', '#', 'admin', '2018-03-16 11:33:00', 'ry', '2018-03-16 11:33:00', '');
INSERT INTO `sys_menu` VALUES ('115', '', '3', '3', '/tool/swagger', '', 'C', '0', 'tool:swagger:view', '#', 'admin', '2018-03-16 11:33:00', 'ry', '2018-03-16 11:33:00', '');
INSERT INTO `sys_menu` VALUES ('500', '', '108', '1', '/monitor/operlog', '', 'C', '0', 'monitor:operlog:view', '#', 'admin', '2018-03-16 11:33:00', 'ry', '2018-03-16 11:33:00', '');
INSERT INTO `sys_menu` VALUES ('501', '', '108', '2', '/monitor/logininfor', '', 'C', '0', 'monitor:logininfor:view', '#', 'admin', '2018-03-16 11:33:00', 'ry', '2018-03-16 11:33:00', '');
INSERT INTO `sys_menu` VALUES ('1000', '', '100', '1', '#', '', 'F', '0', 'system:user:list', '#', 'admin', '2018-03-16 11:33:00', 'ry', '2018-03-16 11:33:00', '');
INSERT INTO `sys_menu` VALUES ('1001', '', '100', '2', '#', '', 'F', '0', 'system:user:add', '#', 'admin', '2018-03-16 11:33:00', 'ry', '2018-03-16 11:33:00', '');
INSERT INTO `sys_menu` VALUES ('1002', '', '100', '3', '#', '', 'F', '0', 'system:user:edit', '#', 'admin', '2018-03-16 11:33:00', 'ry', '2018-03-16 11:33:00', '');
INSERT INTO `sys_menu` VALUES ('1003', '', '100', '4', '#', '', 'F', '0', 'system:user:remove', '#', 'admin', '2018-03-16 11:33:00', 'ry', '2018-03-16 11:33:00', '');
INSERT INTO `sys_menu` VALUES ('1004', '', '100', '5', '#', '', 'F', '0', 'system:user:export', '#', 'admin', '2018-03-16 11:33:00', 'ry', '2018-03-16 11:33:00', '');
INSERT INTO `sys_menu` VALUES ('1005', '', '100', '6', '#', '', 'F', '0', 'system:user:import', '#', 'admin', '2018-03-16 11:33:00', 'ry', '2018-03-16 11:33:00', '');
INSERT INTO `sys_menu` VALUES ('1006', '', '100', '7', '#', '', 'F', '0', 'system:user:resetPwd', '#', 'admin', '2018-03-16 11:33:00', 'ry', '2018-03-16 11:33:00', '');
INSERT INTO `sys_menu` VALUES ('1007', '', '101', '1', '#', '', 'F', '0', 'system:role:list', '#', 'admin', '2018-03-16 11:33:00', 'ry', '2018-03-16 11:33:00', '');
INSERT INTO `sys_menu` VALUES ('1008', '', '101', '2', '#', '', 'F', '0', 'system:role:add', '#', 'admin', '2018-03-16 11:33:00', 'ry', '2018-03-16 11:33:00', '');
INSERT INTO `sys_menu` VALUES ('1009', '', '101', '3', '#', '', 'F', '0', 'system:role:edit', '#', 'admin', '2018-03-16 11:33:00', 'ry', '2018-03-16 11:33:00', '');
INSERT INTO `sys_menu` VALUES ('1010', '', '101', '4', '#', '', 'F', '0', 'system:role:remove', '#', 'admin', '2018-03-16 11:33:00', 'ry', '2018-03-16 11:33:00', '');
INSERT INTO `sys_menu` VALUES ('1011', '', '101', '5', '#', '', 'F', '0', 'system:role:export', '#', 'admin', '2018-03-16 11:33:00', 'ry', '2018-03-16 11:33:00', '');
INSERT INTO `sys_menu` VALUES ('1012', '', '102', '1', '#', '', 'F', '0', 'system:menu:list', '#', 'admin', '2018-03-16 11:33:00', 'ry', '2018-03-16 11:33:00', '');
INSERT INTO `sys_menu` VALUES ('1013', '', '102', '2', '#', '', 'F', '0', 'system:menu:add', '#', 'admin', '2018-03-16 11:33:00', 'ry', '2018-03-16 11:33:00', '');
INSERT INTO `sys_menu` VALUES ('1014', '', '102', '3', '#', '', 'F', '0', 'system:menu:edit', '#', 'admin', '2018-03-16 11:33:00', 'ry', '2018-03-16 11:33:00', '');
INSERT INTO `sys_menu` VALUES ('1015', '', '102', '4', '#', '', 'F', '0', 'system:menu:remove', '#', 'admin', '2018-03-16 11:33:00', 'ry', '2018-03-16 11:33:00', '');
INSERT INTO `sys_menu` VALUES ('1016', '', '103', '1', '#', '', 'F', '0', 'system:dept:list', '#', 'admin', '2018-03-16 11:33:00', 'ry', '2018-03-16 11:33:00', '');
INSERT INTO `sys_menu` VALUES ('1017', '', '103', '2', '#', '', 'F', '0', 'system:dept:add', '#', 'admin', '2018-03-16 11:33:00', 'ry', '2018-03-16 11:33:00', '');
INSERT INTO `sys_menu` VALUES ('1018', '', '103', '3', '#', '', 'F', '0', 'system:dept:edit', '#', 'admin', '2018-03-16 11:33:00', 'ry', '2018-03-16 11:33:00', '');
INSERT INTO `sys_menu` VALUES ('1019', '', '103', '4', '#', '', 'F', '0', 'system:dept:remove', '#', 'admin', '2018-03-16 11:33:00', 'ry', '2018-03-16 11:33:00', '');
INSERT INTO `sys_menu` VALUES ('1020', '', '104', '1', '#', '', 'F', '0', 'system:post:list', '#', 'admin', '2018-03-16 11:33:00', 'ry', '2018-03-16 11:33:00', '');
INSERT INTO `sys_menu` VALUES ('1021', '', '104', '2', '#', '', 'F', '0', 'system:post:add', '#', 'admin', '2018-03-16 11:33:00', 'ry', '2018-03-16 11:33:00', '');
INSERT INTO `sys_menu` VALUES ('1022', '', '104', '3', '#', '', 'F', '0', 'system:post:edit', '#', 'admin', '2018-03-16 11:33:00', 'ry', '2018-03-16 11:33:00', '');
INSERT INTO `sys_menu` VALUES ('1023', '', '104', '4', '#', '', 'F', '0', 'system:post:remove', '#', 'admin', '2018-03-16 11:33:00', 'ry', '2018-03-16 11:33:00', '');
INSERT INTO `sys_menu` VALUES ('1024', '', '104', '5', '#', '', 'F', '0', 'system:post:export', '#', 'admin', '2018-03-16 11:33:00', 'ry', '2018-03-16 11:33:00', '');
INSERT INTO `sys_menu` VALUES ('1025', '', '105', '1', '#', '', 'F', '0', 'system:dict:list', '#', 'admin', '2018-03-16 11:33:00', 'ry', '2018-03-16 11:33:00', '');
INSERT INTO `sys_menu` VALUES ('1026', '', '105', '2', '#', '', 'F', '0', 'system:dict:add', '#', 'admin', '2018-03-16 11:33:00', 'ry', '2018-03-16 11:33:00', '');
INSERT INTO `sys_menu` VALUES ('1027', '', '105', '3', '#', '', 'F', '0', 'system:dict:edit', '#', 'admin', '2018-03-16 11:33:00', 'ry', '2018-03-16 11:33:00', '');
INSERT INTO `sys_menu` VALUES ('1028', '', '105', '4', '#', '', 'F', '0', 'system:dict:remove', '#', 'admin', '2018-03-16 11:33:00', 'ry', '2018-03-16 11:33:00', '');
INSERT INTO `sys_menu` VALUES ('1029', '', '105', '5', '#', '', 'F', '0', 'system:dict:export', '#', 'admin', '2018-03-16 11:33:00', 'ry', '2018-03-16 11:33:00', '');
INSERT INTO `sys_menu` VALUES ('1030', '', '106', '1', '#', '', 'F', '0', 'system:config:list', '#', 'admin', '2018-03-16 11:33:00', 'ry', '2018-03-16 11:33:00', '');
INSERT INTO `sys_menu` VALUES ('1031', '', '106', '2', '#', '', 'F', '0', 'system:config:add', '#', 'admin', '2018-03-16 11:33:00', 'ry', '2018-03-16 11:33:00', '');
INSERT INTO `sys_menu` VALUES ('1032', '', '106', '3', '#', '', 'F', '0', 'system:config:edit', '#', 'admin', '2018-03-16 11:33:00', 'ry', '2018-03-16 11:33:00', '');
INSERT INTO `sys_menu` VALUES ('1033', '', '106', '4', '#', '', 'F', '0', 'system:config:remove', '#', 'admin', '2018-03-16 11:33:00', 'ry', '2018-03-16 11:33:00', '');
INSERT INTO `sys_menu` VALUES ('1034', '', '106', '5', '#', '', 'F', '0', 'system:config:export', '#', 'admin', '2018-03-16 11:33:00', 'ry', '2018-03-16 11:33:00', '');
INSERT INTO `sys_menu` VALUES ('1035', '', '107', '1', '#', '', 'F', '0', 'system:notice:list', '#', 'admin', '2018-03-16 11:33:00', 'ry', '2018-03-16 11:33:00', '');
INSERT INTO `sys_menu` VALUES ('1036', '', '107', '2', '#', '', 'F', '0', 'system:notice:add', '#', 'admin', '2018-03-16 11:33:00', 'ry', '2018-03-16 11:33:00', '');
INSERT INTO `sys_menu` VALUES ('1037', '', '107', '3', '#', '', 'F', '0', 'system:notice:edit', '#', 'admin', '2018-03-16 11:33:00', 'ry', '2018-03-16 11:33:00', '');
INSERT INTO `sys_menu` VALUES ('1038', '', '107', '4', '#', '', 'F', '0', 'system:notice:remove', '#', 'admin', '2018-03-16 11:33:00', 'ry', '2018-03-16 11:33:00', '');
INSERT INTO `sys_menu` VALUES ('1039', '', '500', '1', '#', '', 'F', '0', 'monitor:operlog:list', '#', 'admin', '2018-03-16 11:33:00', 'ry', '2018-03-16 11:33:00', '');
INSERT INTO `sys_menu` VALUES ('1040', '', '500', '2', '#', '', 'F', '0', 'monitor:operlog:remove', '#', 'admin', '2018-03-16 11:33:00', 'ry', '2018-03-16 11:33:00', '');
INSERT INTO `sys_menu` VALUES ('1041', '', '500', '3', '#', '', 'F', '0', 'monitor:operlog:detail', '#', 'admin', '2018-03-16 11:33:00', 'ry', '2018-03-16 11:33:00', '');
INSERT INTO `sys_menu` VALUES ('1042', '', '500', '4', '#', '', 'F', '0', 'monitor:operlog:export', '#', 'admin', '2018-03-16 11:33:00', 'ry', '2018-03-16 11:33:00', '');
INSERT INTO `sys_menu` VALUES ('1043', '', '501', '1', '#', '', 'F', '0', 'monitor:logininfor:list', '#', 'admin', '2018-03-16 11:33:00', 'ry', '2018-03-16 11:33:00', '');
INSERT INTO `sys_menu` VALUES ('1044', '', '501', '2', '#', '', 'F', '0', 'monitor:logininfor:remove', '#', 'admin', '2018-03-16 11:33:00', 'ry', '2018-03-16 11:33:00', '');
INSERT INTO `sys_menu` VALUES ('1045', '', '501', '3', '#', '', 'F', '0', 'monitor:logininfor:export', '#', 'admin', '2018-03-16 11:33:00', 'ry', '2018-03-16 11:33:00', '');
INSERT INTO `sys_menu` VALUES ('1046', '', '109', '1', '#', '', 'F', '0', 'monitor:online:list', '#', 'admin', '2018-03-16 11:33:00', 'ry', '2018-03-16 11:33:00', '');
INSERT INTO `sys_menu` VALUES ('1047', '', '109', '2', '#', '', 'F', '0', 'monitor:online:batchForceLogout', '#', 'admin', '2018-03-16 11:33:00', 'ry', '2018-03-16 11:33:00', '');
INSERT INTO `sys_menu` VALUES ('1048', '', '109', '3', '#', '', 'F', '0', 'monitor:online:forceLogout', '#', 'admin', '2018-03-16 11:33:00', 'ry', '2018-03-16 11:33:00', '');
INSERT INTO `sys_menu` VALUES ('1049', '', '110', '1', '#', '', 'F', '0', 'monitor:job:list', '#', 'admin', '2018-03-16 11:33:00', 'ry', '2018-03-16 11:33:00', '');
INSERT INTO `sys_menu` VALUES ('1050', '', '110', '2', '#', '', 'F', '0', 'monitor:job:add', '#', 'admin', '2018-03-16 11:33:00', 'ry', '2018-03-16 11:33:00', '');
INSERT INTO `sys_menu` VALUES ('1051', '', '110', '3', '#', '', 'F', '0', 'monitor:job:edit', '#', 'admin', '2018-03-16 11:33:00', 'ry', '2018-03-16 11:33:00', '');
INSERT INTO `sys_menu` VALUES ('1052', '', '110', '4', '#', '', 'F', '0', 'monitor:job:remove', '#', 'admin', '2018-03-16 11:33:00', 'ry', '2018-03-16 11:33:00', '');
INSERT INTO `sys_menu` VALUES ('1053', '', '110', '5', '#', '', 'F', '0', 'monitor:job:changeStatus', '#', 'admin', '2018-03-16 11:33:00', 'ry', '2018-03-16 11:33:00', '');
INSERT INTO `sys_menu` VALUES ('1054', '', '110', '6', '#', '', 'F', '0', 'monitor:job:detail', '#', 'admin', '2018-03-16 11:33:00', 'ry', '2018-03-16 11:33:00', '');
INSERT INTO `sys_menu` VALUES ('1055', '', '110', '7', '#', '', 'F', '0', 'monitor:job:export', '#', 'admin', '2018-03-16 11:33:00', 'ry', '2018-03-16 11:33:00', '');
INSERT INTO `sys_menu` VALUES ('1056', '', '114', '1', '#', '', 'F', '0', 'tool:gen:list', '#', 'admin', '2018-03-16 11:33:00', 'ry', '2018-03-16 11:33:00', '');
INSERT INTO `sys_menu` VALUES ('1057', '', '114', '2', '#', '', 'F', '0', 'tool:gen:edit', '#', 'admin', '2018-03-16 11:33:00', 'ry', '2018-03-16 11:33:00', '');
INSERT INTO `sys_menu` VALUES ('1058', '', '114', '3', '#', '', 'F', '0', 'tool:gen:remove', '#', 'admin', '2018-03-16 11:33:00', 'ry', '2018-03-16 11:33:00', '');
INSERT INTO `sys_menu` VALUES ('1059', '', '114', '4', '#', '', 'F', '0', 'tool:gen:preview', '#', 'admin', '2018-03-16 11:33:00', 'ry', '2018-03-16 11:33:00', '');
INSERT INTO `sys_menu` VALUES ('1060', '', '114', '5', '#', '', 'F', '0', 'tool:gen:code', '#', 'admin', '2018-03-16 11:33:00', 'ry', '2018-03-16 11:33:00', '');
INSERT INTO `sys_menu` VALUES ('2000', '', '0', '4', '#', 'menuItem', 'M', '0', '', 'fa fa-gears', 'admin', '2019-09-29 21:32:17', 'admin', '2019-10-09 10:29:21', '');
INSERT INTO `sys_menu` VALUES ('2001', '', '2000', '1', '/bpmn/index.html', 'menuItem', 'C', '0', '', '#', 'admin', '2019-09-29 21:34:38', 'admin', '2019-09-29 23:08:29', '');
INSERT INTO `sys_menu` VALUES ('2002', '', '2000', '2', '/process/definition', 'menuItem', 'C', '0', 'process:definition:view', '#', 'admin', '2019-09-30 20:13:03', '', null, '');
INSERT INTO `sys_menu` VALUES ('2005', '', '2000', '3', '/process/user', 'menuItem', 'C', '0', 'process:user:view', '#', 'admin', '2018-03-01 00:00:00', 'admin', '2019-10-02 17:30:10', '');
INSERT INTO `sys_menu` VALUES ('2006', '', '2005', '1', '#', '', 'F', '0', 'process:user:list', '#', 'admin', '2018-03-01 00:00:00', 'ry', '2018-03-01 00:00:00', '');
INSERT INTO `sys_menu` VALUES ('2007', '', '2005', '2', '#', '', 'F', '0', 'process:user:add', '#', 'admin', '2018-03-01 00:00:00', 'ry', '2018-03-01 00:00:00', '');
INSERT INTO `sys_menu` VALUES ('2008', '', '2005', '3', '#', '', 'F', '0', 'process:user:edit', '#', 'admin', '2018-03-01 00:00:00', 'ry', '2018-03-01 00:00:00', '');
INSERT INTO `sys_menu` VALUES ('2009', '', '2005', '4', '#', '', 'F', '0', 'process:user:remove', '#', 'admin', '2018-03-01 00:00:00', 'ry', '2018-03-01 00:00:00', '');
INSERT INTO `sys_menu` VALUES ('2010', '', '2005', '5', '#', '', 'F', '0', 'process:user:export', '#', 'admin', '2018-03-01 00:00:00', 'ry', '2018-03-01 00:00:00', '');
INSERT INTO `sys_menu` VALUES ('2011', '', '2000', '4', '/process/group', 'menuItem', 'C', '0', 'process:group:view', '#', 'admin', '2018-03-01 00:00:00', 'admin', '2019-10-02 20:35:49', '');
INSERT INTO `sys_menu` VALUES ('2012', '', '2011', '1', '#', '', 'F', '0', 'process:group:list', '#', 'admin', '2018-03-01 00:00:00', 'ry', '2018-03-01 00:00:00', '');
INSERT INTO `sys_menu` VALUES ('2013', '', '2011', '2', '#', '', 'F', '0', 'process:group:add', '#', 'admin', '2018-03-01 00:00:00', 'ry', '2018-03-01 00:00:00', '');
INSERT INTO `sys_menu` VALUES ('2014', '', '2011', '3', '#', '', 'F', '0', 'process:group:edit', '#', 'admin', '2018-03-01 00:00:00', 'ry', '2018-03-01 00:00:00', '');
INSERT INTO `sys_menu` VALUES ('2015', '', '2011', '4', '#', '', 'F', '0', 'process:group:remove', '#', 'admin', '2018-03-01 00:00:00', 'ry', '2018-03-01 00:00:00', '');
INSERT INTO `sys_menu` VALUES ('2016', '', '2011', '5', '#', '', 'F', '0', 'process:group:export', '#', 'admin', '2018-03-01 00:00:00', 'ry', '2018-03-01 00:00:00', '');
INSERT INTO `sys_menu` VALUES ('2017', '', '0', '5', '#', 'menuItem', 'M', '0', null, 'fa fa-paper-plane', 'admin', '2019-10-09 10:31:41', '', null, '');
INSERT INTO `sys_menu` VALUES ('2018', '', '2024', '1', '/process/leave', 'menuItem', 'C', '0', 'process:leave:view', '#', 'admin', '2018-03-01 00:00:00', 'admin', '2019-10-12 16:20:07', '');
INSERT INTO `sys_menu` VALUES ('2019', '', '2018', '1', '#', '', 'F', '0', 'process:leave:list', '#', 'admin', '2018-03-01 00:00:00', 'ry', '2018-03-01 00:00:00', '');
INSERT INTO `sys_menu` VALUES ('2020', '', '2018', '2', '#', '', 'F', '0', 'process:leave:add', '#', 'admin', '2018-03-01 00:00:00', 'ry', '2018-03-01 00:00:00', '');
INSERT INTO `sys_menu` VALUES ('2021', '', '2018', '3', '#', '', 'F', '0', 'process:leave:edit', '#', 'admin', '2018-03-01 00:00:00', 'ry', '2018-03-01 00:00:00', '');
INSERT INTO `sys_menu` VALUES ('2022', '', '2018', '4', '#', '', 'F', '0', 'process:leave:remove', '#', 'admin', '2018-03-01 00:00:00', 'ry', '2018-03-01 00:00:00', '');
INSERT INTO `sys_menu` VALUES ('2023', '', '2018', '5', '#', '', 'F', '0', 'process:leave:export', '#', 'admin', '2018-03-01 00:00:00', 'ry', '2018-03-01 00:00:00', '');
INSERT INTO `sys_menu` VALUES ('2024', '', '2017', '1', '#', 'menuItem', 'M', '0', null, '#', 'admin', '2019-10-12 16:19:49', '', null, '');
INSERT INTO `sys_menu` VALUES ('2025', '', '2024', '2', '/process/leave/leaveTodo', 'menuItem', 'C', '0', 'process:leave:todoView', '#', 'admin', '2019-10-12 16:34:43', 'admin', '2019-10-12 16:45:52', '');
INSERT INTO `sys_menu` VALUES ('2026', '', '2025', '1', '#', 'menuItem', 'F', '0', 'process:leave:taskList', '#', 'admin', '2019-10-12 16:48:56', '', null, '');
INSERT INTO `sys_menu` VALUES ('2027', '', '2024', '3', '/process/leave/leaveDone', 'menuItem', 'C', '0', 'process:leave:doneView', '#', 'admin', '2019-10-17 19:24:49', 'admin', '2019-10-17 19:25:06', '');
INSERT INTO `sys_menu` VALUES ('2028', '', '2027', '1', '#', 'menuItem', 'F', '0', 'process:leave:taskDoneList', '#', 'admin', '2019-10-17 19:26:02', '', null, '');
INSERT INTO `sys_menu` VALUES ('2029', '', '2017', '2', '#', 'menuItem', 'M', '0', null, '#', 'admin', '2019-10-22 16:41:06', '', null, '');
INSERT INTO `sys_menu` VALUES ('2030', '()', '2029', '1', '/process/leaveCounterSign', 'menuItem', 'C', '0', 'process:leaveCounterSign:view', '#', 'admin', '2019-10-22 16:42:16', 'admin', '2019-10-22 17:03:48', '');
INSERT INTO `sys_menu` VALUES ('2031', '', '2030', '1', '#', 'menuItem', 'F', '0', 'process:leaveCounterSign:list', '#', 'admin', '2019-10-23 16:44:22', '', null, '');
INSERT INTO `sys_menu` VALUES ('2032', '', '2030', '2', '#', 'menuItem', 'F', '0', 'process:leaveCounterSign:add', '#', 'admin', '2019-10-23 16:50:38', '', null, '');
INSERT INTO `sys_menu` VALUES ('2033', '', '2030', '3', '#', 'menuItem', 'F', '0', 'process:leaveCounterSign:edit', '#', 'admin', '2019-10-23 16:51:23', '', null, '');
INSERT INTO `sys_menu` VALUES ('2034', '', '2030', '4', '#', 'menuItem', 'F', '0', 'process:leaveCounterSign:remove', '#', 'admin', '2019-10-23 16:51:50', '', null, '');
INSERT INTO `sys_menu` VALUES ('2035', '', '2029', '2', '/process/leaveCounterSign/leaveTodo', 'menuItem', 'C', '0', 'process:leaveCounterSign:todoView', '#', 'admin', '2019-10-24 17:07:31', '', null, '');
INSERT INTO `sys_menu` VALUES ('2036', '', '2035', '1', '#', 'menuItem', 'F', '0', 'process:leaveCounterSign:taskList', '#', 'admin', '2019-10-24 17:08:13', '', null, '');
INSERT INTO `sys_menu` VALUES ('2037', '', '2029', '3', '/process/leaveCounterSign/leaveDone', 'menuItem', 'C', '0', 'process:leaveCounterSign:doneView', '#', 'admin', '2019-10-28 21:49:49', '', null, '');
INSERT INTO `sys_menu` VALUES ('2038', '', '2037', '1', '#', 'menuItem', 'F', '0', 'process:leaveCounterSign:taskDoneList', '#', 'admin', '2019-10-28 21:50:28', '', null, '');
INSERT INTO `sys_menu` VALUES ('2039', '', '2045', '1', '/process/todoitem', 'menuItem', 'C', '0', 'process:todoitem:view', '#', 'admin', '2018-03-01 00:00:00', 'admin', '2019-11-08 11:54:09', '');
INSERT INTO `sys_menu` VALUES ('2040', '', '2039', '1', '#', '', 'F', '0', 'process:todoitem:list', '#', 'admin', '2018-03-01 00:00:00', 'ry', '2018-03-01 00:00:00', '');
INSERT INTO `sys_menu` VALUES ('2044', '', '2039', '5', '#', '', 'F', '0', 'process:todoitem:export', '#', 'admin', '2018-03-01 00:00:00', 'ry', '2018-03-01 00:00:00', '');
INSERT INTO `sys_menu` VALUES ('2045', '', '2017', '3', '#', 'menuItem', 'M', '0', null, '#', 'admin', '2019-11-08 11:53:25', '', null, '');
INSERT INTO `sys_menu` VALUES ('2046', '', '2045', '2', '/process/todoitem/doneitemView', 'menuItem', 'C', '0', 'process:todoitem:doneView', '#', 'admin', '2019-11-10 19:48:43', '', null, '');
INSERT INTO `sys_menu` VALUES ('2047', '', '2046', '1', '#', 'menuItem', 'F', '0', 'process:todoitem:doneList', '#', 'admin', '2019-11-10 19:50:29', '', null, '');
INSERT INTO `sys_menu` VALUES ('2048', '', '2046', '2', '#', 'menuItem', 'F', '0', 'process:todoitem:doneExport', '#', 'admin', '2019-11-10 19:51:02', '', null, '');

-- ----------------------------
-- Table structure for sys_notice
-- ----------------------------
DROP TABLE IF EXISTS `sys_notice`;
CREATE TABLE `sys_notice` (
  `notice_id` int(4) NOT NULL AUTO_INCREMENT COMMENT 'ID',
  `notice_title` varchar(50) NOT NULL COMMENT '',
  `notice_type` char(1) NOT NULL COMMENT '1 2',
  `notice_content` varchar(2000) DEFAULT NULL COMMENT '',
  `status` char(1) DEFAULT '0' COMMENT '0 1',
  `create_by` varchar(64) DEFAULT '' COMMENT '',
  `create_time` datetime DEFAULT NULL COMMENT '',
  `update_by` varchar(64) DEFAULT '' COMMENT '',
  `update_time` datetime DEFAULT NULL COMMENT '',
  `remark` varchar(255) DEFAULT NULL COMMENT '',
  PRIMARY KEY (`notice_id`)
) ENGINE=InnoDB AUTO_INCREMENT=3 DEFAULT CHARSET=utf8 COMMENT='';

-- ----------------------------
-- Records of sys_notice
-- ----------------------------
INSERT INTO `sys_notice` VALUES ('1', '2018-07-01 ', '2', '', '0', 'admin', '2018-03-16 11:33:00', 'ry', '2018-03-16 11:33:00', '');
INSERT INTO `sys_notice` VALUES ('2', '2018-07-01 ', '1', '', '0', 'admin', '2018-03-16 11:33:00', 'ry', '2018-03-16 11:33:00', '');

-- ----------------------------
-- Table structure for sys_oper_log
-- ----------------------------
DROP TABLE IF EXISTS `sys_oper_log`;
CREATE TABLE `sys_oper_log` (
  `oper_id` bigint(20) NOT NULL AUTO_INCREMENT COMMENT '',
  `title` varchar(50) DEFAULT '' COMMENT '',
  `business_type` int(2) DEFAULT '0' COMMENT '0 1 2 3',
  `method` varchar(100) DEFAULT '' COMMENT '',
  `request_method` varchar(10) DEFAULT '' COMMENT '',
  `operator_type` int(1) DEFAULT '0' COMMENT '0 1 2',
  `oper_name` varchar(50) DEFAULT '' COMMENT '',
  `dept_name` varchar(50) DEFAULT '' COMMENT '',
  `oper_url` varchar(255) DEFAULT '' COMMENT 'URL',
  `oper_ip` varchar(50) DEFAULT '' COMMENT '',
  `oper_location` varchar(255) DEFAULT '' COMMENT '',
  `oper_param` varchar(2000) DEFAULT '' COMMENT '',
  `json_result` varchar(2000) DEFAULT '' COMMENT '',
  `status` int(1) DEFAULT '0' COMMENT '0 1',
  `error_msg` varchar(2000) DEFAULT '' COMMENT '',
  `oper_time` datetime DEFAULT NULL COMMENT '',
  PRIMARY KEY (`oper_id`)
) ENGINE=InnoDB AUTO_INCREMENT=485 DEFAULT CHARSET=utf8 COMMENT='';

-- ----------------------------
-- Records of sys_oper_log
-- ----------------------------
INSERT INTO `sys_oper_log` VALUES ('100', '', '2', 'com.ruoyi.web.controller.system.SysConfigController.editSave()', 'POST', '1', 'admin', '', '/system/config/edit', '127.0.0.1', 'IP', '{\r\n  \"configId\" : [ \"1\" ],\r\n  \"configName\" : [ \"-\" ],\r\n  \"configKey\" : [ \"sys.index.skinName\" ],\r\n  \"configValue\" : [ \"skin-purple\" ],\r\n  \"configType\" : [ \"Y\" ],\r\n  \"remark\" : [ \" skin-blue skin-green skin-purple skin-red skin-yellow\" ]\r\n}', '{\r\n  \"msg\" : \"\",\r\n  \"code\" : 0\r\n}', '0', null, '2019-09-28 17:26:27');
INSERT INTO `sys_oper_log` VALUES ('101', '', '2', 'com.ruoyi.web.controller.system.SysConfigController.editSave()', 'POST', '1', 'admin', '', '/system/config/edit', '127.0.0.1', 'IP', '{\r\n  \"configId\" : [ \"3\" ],\r\n  \"configName\" : [ \"-\" ],\r\n  \"configKey\" : [ \"sys.index.sideTheme\" ],\r\n  \"configValue\" : [ \"theme-light\" ],\r\n  \"configType\" : [ \"Y\" ],\r\n  \"remark\" : [ \"theme-darktheme-light\" ]\r\n}', '{\r\n  \"msg\" : \"\",\r\n  \"code\" : 0\r\n}', '0', null, '2019-09-28 17:28:06');
INSERT INTO `sys_oper_log` VALUES ('102', '', '2', 'com.ruoyi.web.controller.system.SysProfileController.updateAvatar()', 'POST', '1', 'admin', '', '/system/user/profile/updateAvatar', '127.0.0.1', 'IP', '{ }', '{\r\n  \"msg\" : \"\",\r\n  \"code\" : 0\r\n}', '0', null, '2019-09-28 18:00:34');
INSERT INTO `sys_oper_log` VALUES ('103', '', '2', 'com.ruoyi.web.controller.system.SysRoleController.editSave()', 'POST', '1', 'admin', '', '/system/role/edit', '127.0.0.1', 'IP', '{\r\n  \"roleId\" : [ \"2\" ],\r\n  \"roleName\" : [ \"\" ],\r\n  \"roleKey\" : [ \"common\" ],\r\n  \"roleSort\" : [ \"2\" ],\r\n  \"status\" : [ \"0\" ],\r\n  \"remark\" : [ \"\" ],\r\n  \"menuIds\" : [ \"1,100,1000,1001,1002,1003,1004,1005,1006,101,1007,1008,1009,1010,1011,102,1012,1013,1014,1015,103,1016,1017,1018,1019,104,1020,1021,1022,1023,1024,105,1025,1026,1027,1028,1029,106,1030,1031,1032,1033,1034,107,1035,1036,1037,1038,108,500,1039,1040,1041,1042,501,1043,1044,1045,2,109,1046,1047,1048,110,1049,1050,1051,1052,1053,1054,1055,111,112\" ]\r\n}', '{\r\n  \"msg\" : \"\",\r\n  \"code\" : 0\r\n}', '0', null, '2019-09-28 23:56:16');
INSERT INTO `sys_oper_log` VALUES ('104', '', '1', 'com.ruoyi.web.controller.system.SysRoleController.addSave()', 'POST', '1', 'admin', '', '/system/role/add', '127.0.0.1', 'IP', '{\r\n  \"roleName\" : [ \"\" ],\r\n  \"roleKey\" : [ \"testRole\" ],\r\n  \"roleSort\" : [ \"3\" ],\r\n  \"status\" : [ \"0\" ],\r\n  \"remark\" : [ \"\" ],\r\n  \"menuIds\" : [ \"3,113\" ]\r\n}', '{\r\n  \"msg\" : \"\",\r\n  \"code\" : 0\r\n}', '0', null, '2019-09-28 23:57:08');
INSERT INTO `sys_oper_log` VALUES ('105', '', '2', 'com.ruoyi.web.controller.system.SysUserController.editSave()', 'POST', '1', 'admin', '', '/system/user/edit', '127.0.0.1', 'IP', '{\r\n  \"userId\" : [ \"2\" ],\r\n  \"deptId\" : [ \"105\" ],\r\n  \"userName\" : [ \"\" ],\r\n  \"dept.deptName\" : [ \"\" ],\r\n  \"phonenumber\" : [ \"15666666666\" ],\r\n  \"email\" : [ \"ry@qq.com\" ],\r\n  \"loginName\" : [ \"ry\" ],\r\n  \"sex\" : [ \"1\" ],\r\n  \"role\" : [ \"2\", \"100\" ],\r\n  \"remark\" : [ \"\" ],\r\n  \"status\" : [ \"0\" ],\r\n  \"roleIds\" : [ \"2,100\" ],\r\n  \"postIds\" : [ \"2\" ]\r\n}', '{\r\n  \"msg\" : \"\",\r\n  \"code\" : 0\r\n}', '0', null, '2019-09-28 23:57:23');
INSERT INTO `sys_oper_log` VALUES ('106', '', '2', 'com.ruoyi.web.controller.system.SysUserController.editSave()', 'POST', '1', 'admin', '', '/system/user/edit', '127.0.0.1', 'IP', '{\r\n  \"userId\" : [ \"2\" ],\r\n  \"deptId\" : [ \"105\" ],\r\n  \"userName\" : [ \"\" ],\r\n  \"dept.deptName\" : [ \"\" ],\r\n  \"phonenumber\" : [ \"15666666666\" ],\r\n  \"email\" : [ \"ry@qq.com\" ],\r\n  \"loginName\" : [ \"ry\" ],\r\n  \"sex\" : [ \"1\" ],\r\n  \"role\" : [ \"2\", \"100\" ],\r\n  \"remark\" : [ \"\" ],\r\n  \"status\" : [ \"0\" ],\r\n  \"roleIds\" : [ \"2,100\" ],\r\n  \"postIds\" : [ \"2,4\" ]\r\n}', '{\r\n  \"msg\" : \"\",\r\n  \"code\" : 0\r\n}', '0', null, '2019-09-28 23:59:24');
INSERT INTO `sys_oper_log` VALUES ('107', '', '5', 'com.ruoyi.web.controller.monitor.SysLogininforController.export()', 'POST', '1', 'admin', '', '/monitor/logininfor/export', '127.0.0.1', 'IP', '{\r\n  \"ipaddr\" : [ \"\" ],\r\n  \"loginName\" : [ \"\" ],\r\n  \"status\" : [ \"\" ],\r\n  \"params[beginTime]\" : [ \"\" ],\r\n  \"params[endTime]\" : [ \"\" ]\r\n}', '{\r\n  \"msg\" : \"fc4c4f7d-ec08-4490-b428-b95711eb47fd_.xlsx\",\r\n  \"code\" : 0\r\n}', '0', null, '2019-09-29 16:37:02');
INSERT INTO `sys_oper_log` VALUES ('108', '', '1', 'com.ruoyi.web.controller.system.SysMenuController.addSave()', 'POST', '1', 'admin', '', '/system/menu/add', '127.0.0.1', 'IP', '{\r\n  \"parentId\" : [ \"0\" ],\r\n  \"menuType\" : [ \"M\" ],\r\n  \"menuName\" : [ \"\" ],\r\n  \"url\" : [ \"\" ],\r\n  \"target\" : [ \"menuItem\" ],\r\n  \"perms\" : [ \"\" ],\r\n  \"orderNum\" : [ \"4\" ],\r\n  \"icon\" : [ \"fa fa-gears\" ],\r\n  \"visible\" : [ \"0\" ]\r\n}', '{\r\n  \"msg\" : \"\",\r\n  \"code\" : 0\r\n}', '0', null, '2019-09-29 21:32:17');
INSERT INTO `sys_oper_log` VALUES ('109', '', '1', 'com.ruoyi.web.controller.system.SysMenuController.addSave()', 'POST', '1', 'admin', '', '/system/menu/add', '127.0.0.1', 'IP', '{\r\n  \"parentId\" : [ \"2000\" ],\r\n  \"menuType\" : [ \"C\" ],\r\n  \"menuName\" : [ \"\" ],\r\n  \"url\" : [ \"/bpmn/index.html\" ],\r\n  \"target\" : [ \"menuItem\" ],\r\n  \"perms\" : [ \"\" ],\r\n  \"orderNum\" : [ \"1\" ],\r\n  \"icon\" : [ \"fa fa-clone\" ],\r\n  \"visible\" : [ \"0\" ]\r\n}', '{\r\n  \"msg\" : \"\",\r\n  \"code\" : 0\r\n}', '0', null, '2019-09-29 21:34:38');
INSERT INTO `sys_oper_log` VALUES ('110', '', '2', 'com.ruoyi.web.controller.system.SysMenuController.editSave()', 'POST', '1', 'admin', '', '/system/menu/edit', '127.0.0.1', 'IP', '{\r\n  \"menuId\" : [ \"2001\" ],\r\n  \"parentId\" : [ \"2000\" ],\r\n  \"menuType\" : [ \"C\" ],\r\n  \"menuName\" : [ \"\" ],\r\n  \"url\" : [ \"/bpmn/main.html\" ],\r\n  \"target\" : [ \"menuItem\" ],\r\n  \"perms\" : [ \"\" ],\r\n  \"orderNum\" : [ \"1\" ],\r\n  \"icon\" : [ \"fa fa-clone\" ],\r\n  \"visible\" : [ \"0\" ]\r\n}', '{\r\n  \"msg\" : \"\",\r\n  \"code\" : 0\r\n}', '0', null, '2019-09-29 22:21:14');
INSERT INTO `sys_oper_log` VALUES ('111', '', '2', 'com.ruoyi.web.controller.system.SysMenuController.editSave()', 'POST', '1', 'admin', '', '/system/menu/edit', '127.0.0.1', 'IP', '{\r\n  \"menuId\" : [ \"2001\" ],\r\n  \"parentId\" : [ \"2000\" ],\r\n  \"menuType\" : [ \"C\" ],\r\n  \"menuName\" : [ \"\" ],\r\n  \"url\" : [ \"/bpmn/main.html\" ],\r\n  \"target\" : [ \"menuItem\" ],\r\n  \"perms\" : [ \"\" ],\r\n  \"orderNum\" : [ \"1\" ],\r\n  \"icon\" : [ \"#\" ],\r\n  \"visible\" : [ \"0\" ]\r\n}', '{\r\n  \"msg\" : \"\",\r\n  \"code\" : 0\r\n}', '0', null, '2019-09-29 22:21:32');
INSERT INTO `sys_oper_log` VALUES ('112', '', '2', 'com.ruoyi.web.controller.system.SysMenuController.editSave()', 'POST', '1', 'admin', '', '/system/menu/edit', '127.0.0.1', 'IP', '{\r\n  \"menuId\" : [ \"2001\" ],\r\n  \"parentId\" : [ \"2000\" ],\r\n  \"menuType\" : [ \"C\" ],\r\n  \"menuName\" : [ \"\" ],\r\n  \"url\" : [ \"/bpmn/index.html\" ],\r\n  \"target\" : [ \"menuItem\" ],\r\n  \"perms\" : [ \"\" ],\r\n  \"orderNum\" : [ \"1\" ],\r\n  \"icon\" : [ \"#\" ],\r\n  \"visible\" : [ \"0\" ]\r\n}', '{\r\n  \"msg\" : \"\",\r\n  \"code\" : 0\r\n}', '0', null, '2019-09-29 22:45:56');
INSERT INTO `sys_oper_log` VALUES ('113', '', '2', 'com.ruoyi.web.controller.system.SysMenuController.editSave()', 'POST', '1', 'admin', '', '/system/menu/edit', '127.0.0.1', 'IP', '{\r\n  \"menuId\" : [ \"2001\" ],\r\n  \"parentId\" : [ \"2000\" ],\r\n  \"menuType\" : [ \"C\" ],\r\n  \"menuName\" : [ \"\" ],\r\n  \"url\" : [ \"/process/bpmn\" ],\r\n  \"target\" : [ \"menuItem\" ],\r\n  \"perms\" : [ \"process:bpmn:view\" ],\r\n  \"orderNum\" : [ \"1\" ],\r\n  \"icon\" : [ \"#\" ],\r\n  \"visible\" : [ \"0\" ]\r\n}', '{\r\n  \"msg\" : \"\",\r\n  \"code\" : 0\r\n}', '0', null, '2019-09-29 22:50:20');
INSERT INTO `sys_oper_log` VALUES ('114', '', '2', 'com.ruoyi.web.controller.system.SysMenuController.editSave()', 'POST', '1', 'admin', '', '/system/menu/edit', '127.0.0.1', 'IP', '{\r\n  \"menuId\" : [ \"2001\" ],\r\n  \"parentId\" : [ \"2000\" ],\r\n  \"menuType\" : [ \"C\" ],\r\n  \"menuName\" : [ \"\" ],\r\n  \"url\" : [ \"/bpmn/index.html\" ],\r\n  \"target\" : [ \"menuItem\" ],\r\n  \"perms\" : [ \"\" ],\r\n  \"orderNum\" : [ \"1\" ],\r\n  \"icon\" : [ \"#\" ],\r\n  \"visible\" : [ \"0\" ]\r\n}', '{\r\n  \"msg\" : \"\",\r\n  \"code\" : 0\r\n}', '0', null, '2019-09-29 23:08:29');
INSERT INTO `sys_oper_log` VALUES ('115', '', '7', 'com.ruoyi.web.controller.monitor.SysUserOnlineController.forceLogout()', 'POST', '1', 'admin', '', '/monitor/online/forceLogout', '127.0.0.1', 'IP', '{\r\n  \"sessionId\" : [ \"d99a7ca9-7a6f-43ec-b116-c82f449a7ea0\" ]\r\n}', '{\r\n  \"msg\" : \"\",\r\n  \"code\" : 500\r\n}', '0', null, '2019-09-30 00:23:56');
INSERT INTO `sys_oper_log` VALUES ('116', '', '7', 'com.ruoyi.web.controller.monitor.SysUserOnlineController.forceLogout()', 'POST', '1', 'admin', '', '/monitor/online/forceLogout', '127.0.0.1', 'IP', '{\r\n  \"sessionId\" : [ \"44ccb99c-ed1b-4e2e-8241-06f7ee799d6b\" ]\r\n}', '{\r\n  \"msg\" : \"\",\r\n  \"code\" : 0\r\n}', '0', null, '2019-09-30 00:24:03');
INSERT INTO `sys_oper_log` VALUES ('117', '', '7', 'com.ruoyi.web.controller.monitor.SysUserOnlineController.forceLogout()', 'POST', '1', 'admin', '', '/monitor/online/forceLogout', '127.0.0.1', 'IP', '{\r\n  \"sessionId\" : [ \"c8e713e9-8481-44f1-aa4f-02208bc5a251\" ]\r\n}', '{\r\n  \"msg\" : \"\",\r\n  \"code\" : 0\r\n}', '0', null, '2019-09-30 00:24:14');
INSERT INTO `sys_oper_log` VALUES ('118', '', '7', 'com.ruoyi.web.controller.monitor.SysUserOnlineController.forceLogout()', 'POST', '1', 'admin', '', '/monitor/online/forceLogout', '127.0.0.1', 'IP', '{\r\n  \"sessionId\" : [ \"44ccb99c-ed1b-4e2e-8241-06f7ee799d6b\" ]\r\n}', '{\r\n  \"msg\" : \"\",\r\n  \"code\" : 0\r\n}', '0', null, '2019-09-30 00:24:24');
INSERT INTO `sys_oper_log` VALUES ('119', '', '1', 'com.ruoyi.web.controller.system.SysMenuController.addSave()', 'POST', '1', 'admin', '', '/system/menu/add', '127.0.0.1', 'IP', '{\r\n  \"parentId\" : [ \"2000\" ],\r\n  \"menuType\" : [ \"C\" ],\r\n  \"menuName\" : [ \"\" ],\r\n  \"url\" : [ \"/process/definition\" ],\r\n  \"target\" : [ \"menuItem\" ],\r\n  \"perms\" : [ \"process:definition:view\" ],\r\n  \"orderNum\" : [ \"2\" ],\r\n  \"icon\" : [ \"#\" ],\r\n  \"visible\" : [ \"0\" ]\r\n}', '{\r\n  \"msg\" : \"\",\r\n  \"code\" : 0\r\n}', '0', null, '2019-09-30 20:13:03');
INSERT INTO `sys_oper_log` VALUES ('120', '', '1', 'com.ruoyi.process.definition.controller.ProcessDefinitionController.updateProcessDefinition()', 'POST', '1', 'admin', '', '/process/definition/updateProcessDefinition', '127.0.0.1', 'IP', '{ }', '{\r\n  \"msg\" : \"\",\r\n  \"code\" : 0\r\n}', '0', null, '2019-10-01 18:52:45');
INSERT INTO `sys_oper_log` VALUES ('121', '', '1', 'com.ruoyi.process.definition.controller.ProcessDefinitionController.updateProcessDefinition()', 'POST', '1', 'admin', '', '/process/definition/updateProcessDefinition', '127.0.0.1', 'IP', '{ }', '{\r\n  \"msg\" : \"\",\r\n  \"code\" : 0\r\n}', '0', null, '2019-10-01 19:49:41');
INSERT INTO `sys_oper_log` VALUES ('122', '', '1', 'com.ruoyi.process.definition.controller.ProcessDefinitionController.updateProcessDefinition()', 'POST', '1', 'admin', '', '/process/definition/updateProcessDefinition', '127.0.0.1', 'IP', '{ }', '{\r\n  \"msg\" : \"\",\r\n  \"code\" : 0\r\n}', '0', null, '2019-10-01 19:50:07');
INSERT INTO `sys_oper_log` VALUES ('123', '', '1', 'com.ruoyi.process.definition.controller.ProcessDefinitionController.updateProcessDefinition()', 'POST', '1', 'admin', '', '/process/definition/updateProcessDefinition', '127.0.0.1', 'IP', '{ }', '{\r\n  \"msg\" : \"\",\r\n  \"code\" : 0\r\n}', '0', null, '2019-10-01 19:51:04');
INSERT INTO `sys_oper_log` VALUES ('124', '', '1', 'com.ruoyi.process.definition.controller.ProcessDefinitionController.updateProcessDefinition()', 'POST', '1', 'admin', '', '/process/definition/updateProcessDefinition', '127.0.0.1', 'IP', '{ }', '{\r\n  \"msg\" : \"\",\r\n  \"code\" : 0\r\n}', '0', null, '2019-10-01 19:52:53');
INSERT INTO `sys_oper_log` VALUES ('125', '', '1', 'com.ruoyi.process.definition.controller.ProcessDefinitionController.updateProcessDefinition()', 'POST', '1', 'admin', '', '/process/definition/updateProcessDefinition', '127.0.0.1', 'IP', '{ }', '{\r\n  \"msg\" : \"\",\r\n  \"code\" : 0\r\n}', '0', null, '2019-10-01 20:04:00');
INSERT INTO `sys_oper_log` VALUES ('126', '', '1', 'com.ruoyi.process.definition.controller.ProcessDefinitionController.updateProcessDefinition()', 'POST', '1', 'admin', '', '/process/definition/updateProcessDefinition', '127.0.0.1', 'IP', '{ }', '{\r\n  \"msg\" : \"\",\r\n  \"code\" : 0\r\n}', '0', null, '2019-10-01 20:04:06');
INSERT INTO `sys_oper_log` VALUES ('127', '', '1', 'com.ruoyi.process.definition.controller.ProcessDefinitionController.updateProcessDefinition()', 'POST', '1', 'admin', '', '/process/definition/updateProcessDefinition', '127.0.0.1', 'IP', '{ }', '{\r\n  \"msg\" : \"\",\r\n  \"code\" : 0\r\n}', '0', null, '2019-10-01 20:04:40');
INSERT INTO `sys_oper_log` VALUES ('128', '', '1', 'com.ruoyi.process.definition.controller.ProcessDefinitionController.updateProcessDefinition()', 'POST', '1', 'admin', '', '/process/definition/updateProcessDefinition', '127.0.0.1', 'IP', '{ }', '{\r\n  \"msg\" : \"filename : [export.sql], extension : [sql], allowed extension : [[bmp, gif, jpg, jpeg, png, doc, docx, xls, xlsx, ppt, pptx, html, htm, txt, rar, zip, gz, bz2, pdf]]\",\r\n  \"code\" : 500\r\n}', '0', null, '2019-10-01 20:04:59');
INSERT INTO `sys_oper_log` VALUES ('129', '', '1', 'com.ruoyi.process.definition.controller.ProcessDefinitionController.updateProcessDefinition()', 'POST', '1', 'admin', '', '/process/definition/updateProcessDefinition', '127.0.0.1', 'IP', '{ }', '{\r\n  \"msg\" : \"\",\r\n  \"code\" : 0\r\n}', '0', null, '2019-10-01 20:05:15');
INSERT INTO `sys_oper_log` VALUES ('130', '', '1', 'com.ruoyi.process.definition.controller.ProcessDefinitionController.updateProcessDefinition()', 'POST', '1', 'admin', '', '/process/definition/updateProcessDefinition', '192.168.2.100', 'IP', '{ }', '{\r\n  \"msg\" : \"\",\r\n  \"code\" : 0\r\n}', '0', null, '2019-10-01 20:15:44');
INSERT INTO `sys_oper_log` VALUES ('131', '', '1', 'com.ruoyi.process.definition.controller.ProcessDefinitionController.updateProcessDefinition()', 'POST', '1', 'admin', '', '/process/definition/updateProcessDefinition', '127.0.0.1', 'IP', '{ }', '{\r\n  \"msg\" : \"\",\r\n  \"code\" : 0\r\n}', '0', null, '2019-10-01 20:16:58');
INSERT INTO `sys_oper_log` VALUES ('132', '', '1', 'com.ruoyi.process.definition.controller.ProcessDefinitionController.updateProcessDefinition()', 'POST', '1', 'admin', '', '/process/definition/updateProcessDefinition', '127.0.0.1', 'IP', '{ }', '{\r\n  \"msg\" : \"\",\r\n  \"code\" : 0\r\n}', '0', null, '2019-10-01 20:17:46');
INSERT INTO `sys_oper_log` VALUES ('133', '', '1', 'com.ruoyi.process.definition.controller.ProcessDefinitionController.updateProcessDefinition()', 'POST', '1', 'admin', '', '/process/definition/updateProcessDefinition', '127.0.0.1', 'IP', '{ }', '{\r\n  \"msg\" : \" bpmn, bpmn20.xml, zip, bar \",\r\n  \"code\" : 500\r\n}', '0', null, '2019-10-01 20:24:35');
INSERT INTO `sys_oper_log` VALUES ('134', '', '1', 'com.ruoyi.process.definition.controller.ProcessDefinitionController.updateProcessDefinition()', 'POST', '1', 'admin', '', '/process/definition/updateProcessDefinition', '127.0.0.1', 'IP', '{ }', '{\r\n  \"msg\" : \" bpmn, bpmn20.xml, zip, bar \",\r\n  \"code\" : 500\r\n}', '0', null, '2019-10-01 20:24:59');
INSERT INTO `sys_oper_log` VALUES ('135', '', '1', 'com.ruoyi.process.definition.controller.ProcessDefinitionController.updateProcessDefinition()', 'POST', '1', 'admin', '', '/process/definition/updateProcessDefinition', '127.0.0.1', 'IP', '{ }', '{\r\n  \"msg\" : \" bpmn, bpmn20.xml, zip, bar \",\r\n  \"code\" : 500\r\n}', '0', null, '2019-10-01 20:26:40');
INSERT INTO `sys_oper_log` VALUES ('136', '', '1', 'com.ruoyi.process.definition.controller.ProcessDefinitionController.updateProcessDefinition()', 'POST', '1', 'admin', '', '/process/definition/updateProcessDefinition', '127.0.0.1', 'IP', '{ }', '{\r\n  \"msg\" : \" bpmn, bpmn20.xml, zip, bar \",\r\n  \"code\" : 500\r\n}', '0', null, '2019-10-01 20:27:13');
INSERT INTO `sys_oper_log` VALUES ('137', '', '1', 'com.ruoyi.process.definition.controller.ProcessDefinitionController.updateProcessDefinition()', 'POST', '1', 'admin', '', '/process/definition/updateProcessDefinition', '127.0.0.1', 'IP', '{ }', '{\r\n  \"msg\" : \"filename : [test.xml], extension : [xml], allowed extension : [[bmp, gif, jpg, jpeg, png, doc, docx, xls, xlsx, ppt, pptx, html, htm, txt, rar, zip, gz, bz2, pdf]]\",\r\n  \"code\" : 500\r\n}', '0', null, '2019-10-01 20:27:19');
INSERT INTO `sys_oper_log` VALUES ('138', '', '1', 'com.ruoyi.process.definition.controller.ProcessDefinitionController.updateProcessDefinition()', 'POST', '1', 'admin', '', '/process/definition/updateProcessDefinition', '127.0.0.1', 'IP', '{ }', '{\r\n  \"msg\" : \"\",\r\n  \"code\" : 0\r\n}', '0', null, '2019-10-01 20:28:10');
INSERT INTO `sys_oper_log` VALUES ('139', '', '1', 'com.ruoyi.process.definition.controller.ProcessDefinitionController.updateProcessDefinition()', 'POST', '1', 'admin', '', '/process/definition/updateProcessDefinition', '127.0.0.1', 'IP', '{ }', '{\r\n  \"msg\" : \" bpmn, bpmn20.xml, zip, bar \",\r\n  \"code\" : 500\r\n}', '0', null, '2019-10-01 20:28:15');
INSERT INTO `sys_oper_log` VALUES ('140', '', '1', 'com.ruoyi.process.definition.controller.ProcessDefinitionController.updateProcessDefinition()', 'POST', '1', 'admin', '', '/process/definition/updateProcessDefinition', '127.0.0.1', 'IP', '{ }', '{\r\n  \"msg\" : \" bpmn, bpmn20.xml, zip, bar \",\r\n  \"code\" : 500\r\n}', '0', null, '2019-10-01 20:58:46');
INSERT INTO `sys_oper_log` VALUES ('141', '', '1', 'com.ruoyi.process.definition.controller.ProcessDefinitionController.updateProcessDefinition()', 'POST', '1', 'admin', '', '/process/definition/updateProcessDefinition', '127.0.0.1', 'IP', '{ }', '{\r\n  \"msg\" : \"\",\r\n  \"code\" : 0\r\n}', '0', null, '2019-10-01 20:59:09');
INSERT INTO `sys_oper_log` VALUES ('142', '', '1', 'com.ruoyi.process.definition.controller.ProcessDefinitionController.updateProcessDefinition()', 'POST', '1', 'admin', '', '/process/definition/updateProcessDefinition', '127.0.0.1', 'IP', '{ }', '{\r\n  \"msg\" : \" bpmn, bpmn20.xml, zip, bar \",\r\n  \"code\" : 500\r\n}', '0', null, '2019-10-01 21:23:30');
INSERT INTO `sys_oper_log` VALUES ('143', '', '1', 'com.ruoyi.process.definition.controller.ProcessDefinitionController.updateProcessDefinition()', 'POST', '1', 'admin', '', '/process/definition/updateProcessDefinition', '127.0.0.1', 'IP', '{ }', '{\r\n  \"msg\" : \"\",\r\n  \"code\" : 500\r\n}', '0', null, '2019-10-01 21:24:28');
INSERT INTO `sys_oper_log` VALUES ('144', '', '1', 'com.ruoyi.process.definition.controller.ProcessDefinitionController.updateProcessDefinition()', 'POST', '1', 'admin', '', '/process/definition/updateProcessDefinition', '127.0.0.1', 'IP', '{ }', '{\r\n  \"msg\" : \"\",\r\n  \"code\" : 500\r\n}', '0', null, '2019-10-01 21:26:33');
INSERT INTO `sys_oper_log` VALUES ('145', '', '1', 'com.ruoyi.process.definition.controller.ProcessDefinitionController.updateProcessDefinition()', 'POST', '1', 'admin', '', '/process/definition/updateProcessDefinition', '127.0.0.1', 'IP', '{ }', '{\r\n  \"msg\" : \"\",\r\n  \"code\" : 0\r\n}', '0', null, '2019-10-01 21:27:14');
INSERT INTO `sys_oper_log` VALUES ('146', '', '1', 'com.ruoyi.process.definition.controller.ProcessDefinitionController.updateProcessDefinition()', 'POST', '1', 'admin', '', '/process/definition/updateProcessDefinition', '127.0.0.1', 'IP', '{ }', '{\r\n  \"msg\" : \"\",\r\n  \"code\" : 0\r\n}', '0', null, '2019-10-01 21:27:29');
INSERT INTO `sys_oper_log` VALUES ('147', '', '1', 'com.ruoyi.process.definition.controller.ProcessDefinitionController.updateProcessDefinition()', 'POST', '1', 'admin', '', '/process/definition/updateProcessDefinition', '127.0.0.1', 'IP', '{ }', '{\r\n  \"msg\" : \" bpmn, bpmn20.xml, zip, bar \",\r\n  \"code\" : 500\r\n}', '0', null, '2019-10-01 21:34:01');
INSERT INTO `sys_oper_log` VALUES ('148', '', '1', 'com.ruoyi.process.definition.controller.ProcessDefinitionController.updateProcessDefinition()', 'POST', '1', 'admin', '', '/process/definition/updateProcessDefinition', '127.0.0.1', 'IP', '{ }', '{\r\n  \"msg\" : \" bpmn, bpmn20.xml, zip  bar \",\r\n  \"code\" : 500\r\n}', '0', null, '2019-10-01 21:35:38');
INSERT INTO `sys_oper_log` VALUES ('149', '', '1', 'com.ruoyi.process.definition.controller.ProcessDefinitionController.updateProcessDefinition()', 'POST', '1', 'admin', null, '/process/definition/updateProcessDefinition', '127.0.0.1', 'IP', '{ }', '{\r\n  \"msg\" : \" bpmn, bpmn20.xml, zip  bar \",\r\n  \"code\" : 500\r\n}', '0', null, '2019-10-01 21:48:19');
INSERT INTO `sys_oper_log` VALUES ('150', '', '1', 'com.ruoyi.process.definition.controller.ProcessDefinitionController.updateProcessDefinition()', 'POST', '1', 'admin', null, '/process/definition/updateProcessDefinition', '127.0.0.1', 'IP', '{ }', '{\r\n  \"msg\" : \"filename : [leave.bpmn], extension : [bpmn], allowed extension : [[bmp, gif, jpg, jpeg, png, doc, docx, xls, xlsx, ppt, pptx, html, htm, txt, rar, zip, gz, bz2, pdf, bpmn20.xml, xml, bar]]\",\r\n  \"code\" : 500\r\n}', '0', null, '2019-10-01 21:49:35');
INSERT INTO `sys_oper_log` VALUES ('151', '', '1', 'com.ruoyi.process.definition.controller.ProcessDefinitionController.updateProcessDefinition()', 'POST', '1', 'admin', null, '/process/definition/updateProcessDefinition', '127.0.0.1', 'IP', '{ }', '{\r\n  \"msg\" : \"\\\\profile\\\\processDefiniton\\\\2019\\\\10\\\\01\\\\3bfe3a985dfb26cfa7094b16f5af8c05.bpmn ()\",\r\n  \"code\" : 500\r\n}', '0', null, '2019-10-01 22:08:38');
INSERT INTO `sys_oper_log` VALUES ('152', '', '1', 'com.ruoyi.process.definition.controller.ProcessDefinitionController.updateProcessDefinition()', 'POST', '1', 'admin', '', '/process/definition/updateProcessDefinition', '127.0.0.1', 'IP', '{ }', '{\r\n  \"msg\" : \"\",\r\n  \"code\" : 0\r\n}', '0', null, '2019-10-01 22:09:47');
INSERT INTO `sys_oper_log` VALUES ('153', '', '1', 'com.ruoyi.process.definition.controller.ProcessDefinitionController.updateProcessDefinition()', 'POST', '1', 'admin', '', '/process/definition/updateProcessDefinition', '127.0.0.1', 'IP', '{ }', '{\r\n  \"msg\" : \"\",\r\n  \"code\" : 0\r\n}', '0', null, '2019-10-01 22:10:07');
INSERT INTO `sys_oper_log` VALUES ('154', '', '1', 'com.ruoyi.process.definition.controller.ProcessDefinitionController.updateProcessDefinition()', 'POST', '1', 'admin', '', '/process/definition/updateProcessDefinition', '127.0.0.1', 'IP', '{ }', '{\r\n  \"msg\" : \"\",\r\n  \"code\" : 0\r\n}', '0', null, '2019-10-01 22:10:25');
INSERT INTO `sys_oper_log` VALUES ('155', '', '1', 'com.ruoyi.process.definition.controller.ProcessDefinitionController.updateProcessDefinition()', 'POST', '1', 'admin', '', '/process/definition/updateProcessDefinition', '127.0.0.1', 'IP', '{ }', '{\r\n  \"msg\" : \" bpmn, bpmn20.xml, zip  bar \",\r\n  \"code\" : 500\r\n}', '0', null, '2019-10-01 22:27:14');
INSERT INTO `sys_oper_log` VALUES ('156', '', '1', 'com.ruoyi.process.definition.controller.ProcessDefinitionController.updateProcessDefinition()', 'POST', '1', 'admin', '', '/process/definition/updateProcessDefinition', '127.0.0.1', 'IP', '{ }', '{\r\n  \"msg\" : \" bpmn, bpmn20.xml, zip  bar \",\r\n  \"code\" : 500\r\n}', '0', null, '2019-10-01 22:27:29');
INSERT INTO `sys_oper_log` VALUES ('157', '', '1', 'com.ruoyi.process.definition.controller.ProcessDefinitionController.updateProcessDefinition()', 'POST', '1', 'admin', '', '/process/definition/updateProcessDefinition', '127.0.0.1', 'IP', '{ }', '{\r\n  \"msg\" : \" bpmn, bpmn20.xml, zip  bar \",\r\n  \"code\" : 500\r\n}', '0', null, '2019-10-01 22:27:38');
INSERT INTO `sys_oper_log` VALUES ('158', '', '1', 'com.ruoyi.process.definition.controller.ProcessDefinitionController.updateProcessDefinition()', 'POST', '1', 'admin', '', '/process/definition/updateProcessDefinition', '127.0.0.1', 'IP', '{ }', '{\r\n  \"msg\" : \" bpmn, bpmn20.xml, zip  bar \",\r\n  \"code\" : 500\r\n}', '0', null, '2019-10-01 22:28:40');
INSERT INTO `sys_oper_log` VALUES ('159', '', '1', 'com.ruoyi.process.definition.controller.ProcessDefinitionController.updateProcessDefinition()', 'POST', '1', 'admin', '', '/process/definition/updateProcessDefinition', '127.0.0.1', 'IP', '{ }', '{\r\n  \"msg\" : \" bpmn, bpmn20.xml, zip  bar \",\r\n  \"code\" : 500\r\n}', '0', null, '2019-10-01 22:29:48');
INSERT INTO `sys_oper_log` VALUES ('160', '', '1', 'com.ruoyi.web.controller.system.SysDeptController.addSave()', 'POST', '1', 'admin', '', '/system/dept/add', '127.0.0.1', 'IP', '{\r\n  \"parentId\" : [ \"101\" ],\r\n  \"deptName\" : [ \"\" ],\r\n  \"orderNum\" : [ \"3\" ],\r\n  \"leader\" : [ \"\" ],\r\n  \"phone\" : [ \"13131313110\" ],\r\n  \"email\" : [ \"1055202292@qq.com\" ],\r\n  \"status\" : [ \"0\" ]\r\n}', '{\r\n  \"msg\" : \"\",\r\n  \"code\" : 0\r\n}', '0', null, '2019-10-02 12:07:01');
INSERT INTO `sys_oper_log` VALUES ('161', '', '2', 'com.ruoyi.web.controller.system.SysDeptController.editSave()', 'POST', '1', 'admin', '', '/system/dept/edit', '127.0.0.1', 'IP', '{\r\n  \"deptId\" : [ \"110\" ],\r\n  \"parentId\" : [ \"100\" ],\r\n  \"parentName\" : [ \"\" ],\r\n  \"deptName\" : [ \"\" ],\r\n  \"orderNum\" : [ \"3\" ],\r\n  \"leader\" : [ \"\" ],\r\n  \"phone\" : [ \"13131313110\" ],\r\n  \"email\" : [ \"1055202292@qq.com\" ],\r\n  \"status\" : [ \"0\" ]\r\n}', '{\r\n  \"msg\" : \"\",\r\n  \"code\" : 0\r\n}', '0', null, '2019-10-02 12:07:31');
INSERT INTO `sys_oper_log` VALUES ('162', '', '1', 'com.ruoyi.web.controller.system.SysDeptController.addSave()', 'POST', '1', 'admin', '', '/system/dept/add', '127.0.0.1', 'IP', '{\r\n  \"parentId\" : [ \"110\" ],\r\n  \"deptName\" : [ \"\" ],\r\n  \"orderNum\" : [ \"1\" ],\r\n  \"leader\" : [ \"\" ],\r\n  \"phone\" : [ \"\" ],\r\n  \"email\" : [ \"\" ],\r\n  \"status\" : [ \"0\" ]\r\n}', '{\r\n  \"msg\" : \"\",\r\n  \"code\" : 0\r\n}', '0', null, '2019-10-02 12:09:26');
INSERT INTO `sys_oper_log` VALUES ('163', '', '1', 'com.ruoyi.web.controller.system.SysDeptController.addSave()', 'POST', '1', 'admin', '', '/system/dept/add', '127.0.0.1', 'IP', '{\r\n  \"parentId\" : [ \"110\" ],\r\n  \"deptName\" : [ \"\" ],\r\n  \"orderNum\" : [ \"2\" ],\r\n  \"leader\" : [ \"\" ],\r\n  \"phone\" : [ \"\" ],\r\n  \"email\" : [ \"\" ],\r\n  \"status\" : [ \"0\" ]\r\n}', '{\r\n  \"msg\" : \"\",\r\n  \"code\" : 0\r\n}', '0', null, '2019-10-02 12:09:37');
INSERT INTO `sys_oper_log` VALUES ('164', '', '1', 'com.ruoyi.web.controller.system.SysRoleController.addSave()', 'POST', '1', 'admin', '', '/system/role/add', '127.0.0.1', 'IP', '{\r\n  \"roleName\" : [ \"\" ],\r\n  \"roleKey\" : [ \"processRole\" ],\r\n  \"roleSort\" : [ \"4\" ],\r\n  \"status\" : [ \"0\" ],\r\n  \"remark\" : [ \"\" ],\r\n  \"menuIds\" : [ \"2000,2001,2002\" ]\r\n}', '{\r\n  \"msg\" : \"\",\r\n  \"code\" : 0\r\n}', '0', null, '2019-10-02 12:12:16');
INSERT INTO `sys_oper_log` VALUES ('165', '', '1', 'com.ruoyi.web.controller.system.SysUserController.addSave()', 'POST', '1', 'admin', '', '/system/user/add', '127.0.0.1', 'IP', '{\r\n  \"deptId\" : [ \"111\" ],\r\n  \"userName\" : [ \"\" ],\r\n  \"deptName\" : [ \"\" ],\r\n  \"phonenumber\" : [ \"13131313110\" ],\r\n  \"email\" : [ \"1055202292@qq.com\" ],\r\n  \"loginName\" : [ \"axianlu\" ],\r\n  \"password\" : [ \"123456\" ],\r\n  \"sex\" : [ \"0\" ],\r\n  \"role\" : [ \"101\" ],\r\n  \"remark\" : [ \"\" ],\r\n  \"status\" : [ \"0\" ],\r\n  \"roleIds\" : [ \"101\" ],\r\n  \"postIds\" : [ \"2\" ]\r\n}', '{\r\n  \"msg\" : \"\",\r\n  \"code\" : 0\r\n}', '0', null, '2019-10-02 12:13:28');
INSERT INTO `sys_oper_log` VALUES ('166', '', '1', 'com.ruoyi.web.controller.system.SysUserController.addSave()', 'POST', '1', 'admin', '', '/system/user/add', '127.0.0.1', 'IP', '{\r\n  \"deptId\" : [ \"111\" ],\r\n  \"userName\" : [ \"\" ],\r\n  \"deptName\" : [ \"\" ],\r\n  \"phonenumber\" : [ \"13131313119\" ],\r\n  \"email\" : [ \"1055202293@qq.com\" ],\r\n  \"loginName\" : [ \"chengxy\" ],\r\n  \"password\" : [ \"123456\" ],\r\n  \"sex\" : [ \"0\" ],\r\n  \"role\" : [ \"101\" ],\r\n  \"remark\" : [ \"\" ],\r\n  \"status\" : [ \"0\" ],\r\n  \"roleIds\" : [ \"101\" ],\r\n  \"postIds\" : [ \"4\" ]\r\n}', '{\r\n  \"msg\" : \"\",\r\n  \"code\" : 0\r\n}', '0', null, '2019-10-02 12:14:49');
INSERT INTO `sys_oper_log` VALUES ('167', '', '1', 'com.ruoyi.web.controller.system.SysUserController.addSave()', 'POST', '1', 'admin', '', '/system/user/add', '127.0.0.1', 'IP', '{\r\n  \"deptId\" : [ \"112\" ],\r\n  \"userName\" : [ \"\" ],\r\n  \"deptName\" : [ \"\" ],\r\n  \"phonenumber\" : [ \"13131313120\" ],\r\n  \"email\" : [ \"1055202294@qq.com\" ],\r\n  \"loginName\" : [ \"rensm\" ],\r\n  \"password\" : [ \"123456\" ],\r\n  \"sex\" : [ \"0\" ],\r\n  \"role\" : [ \"101\" ],\r\n  \"remark\" : [ \"\" ],\r\n  \"status\" : [ \"0\" ],\r\n  \"roleIds\" : [ \"101\" ],\r\n  \"postIds\" : [ \"3\" ]\r\n}', '{\r\n  \"msg\" : \"\",\r\n  \"code\" : 0\r\n}', '0', null, '2019-10-02 12:15:48');
INSERT INTO `sys_oper_log` VALUES ('168', '', '1', 'com.ruoyi.web.controller.system.SysMenuController.addSave()', 'POST', '1', 'admin', '', '/system/menu/add', '127.0.0.1', 'IP', '{\r\n  \"parentId\" : [ \"2000\" ],\r\n  \"menuType\" : [ \"C\" ],\r\n  \"menuName\" : [ \"\" ],\r\n  \"url\" : [ \"/process/user\" ],\r\n  \"target\" : [ \"menuItem\" ],\r\n  \"perms\" : [ \"process:user:view\" ],\r\n  \"orderNum\" : [ \"3\" ],\r\n  \"icon\" : [ \"#\" ],\r\n  \"visible\" : [ \"0\" ]\r\n}', '{\r\n  \"msg\" : \"\",\r\n  \"code\" : 0\r\n}', '0', null, '2019-10-02 13:29:46');
INSERT INTO `sys_oper_log` VALUES ('169', '', '1', 'com.ruoyi.web.controller.system.SysMenuController.addSave()', 'POST', '1', 'admin', '', '/system/menu/add', '127.0.0.1', 'IP', '{\r\n  \"parentId\" : [ \"2000\" ],\r\n  \"menuType\" : [ \"C\" ],\r\n  \"menuName\" : [ \"\" ],\r\n  \"url\" : [ \"/process/userGroup\" ],\r\n  \"target\" : [ \"menuItem\" ],\r\n  \"perms\" : [ \"process:userGroup:view\" ],\r\n  \"orderNum\" : [ \"4\" ],\r\n  \"icon\" : [ \"#\" ],\r\n  \"visible\" : [ \"0\" ]\r\n}', '{\r\n  \"msg\" : \"\",\r\n  \"code\" : 0\r\n}', '0', null, '2019-10-02 13:30:43');
INSERT INTO `sys_oper_log` VALUES ('170', '', '6', 'com.ruoyi.generator.controller.GenController.importTableSave()', 'POST', '1', 'admin', '', '/tool/gen/importTable', '127.0.0.1', 'IP', '{\r\n  \"tables\" : [ \"act_id_user\" ]\r\n}', '{\r\n  \"msg\" : \"\",\r\n  \"code\" : 0\r\n}', '0', null, '2019-10-02 16:30:37');
INSERT INTO `sys_oper_log` VALUES ('171', '', '6', 'com.ruoyi.generator.controller.GenController.importTableSave()', 'POST', '1', 'admin', '', '/tool/gen/importTable', '127.0.0.1', 'IP', '{\r\n  \"tables\" : [ \"act_id_group\" ]\r\n}', '{\r\n  \"msg\" : \"\",\r\n  \"code\" : 0\r\n}', '0', null, '2019-10-02 16:33:09');
INSERT INTO `sys_oper_log` VALUES ('172', '', '8', 'com.ruoyi.generator.controller.GenController.genCode()', 'GET', '1', 'admin', null, '/tool/gen/genCode/act_id_user', '127.0.0.1', 'IP', '{ }', 'null', '0', null, '2019-10-02 16:45:09');
INSERT INTO `sys_oper_log` VALUES ('173', '', '2', 'com.ruoyi.generator.controller.GenController.editSave()', 'POST', '1', 'admin', null, '/tool/gen/edit', '127.0.0.1', 'IP', '{\r\n  \"tableId\" : [ \"1\" ],\r\n  \"tableName\" : [ \"act_id_user\" ],\r\n  \"tableComment\" : [ \"\" ],\r\n  \"className\" : [ \"ActIdUser\" ],\r\n  \"functionAuthor\" : [ \"Xianlu Tech\" ],\r\n  \"remark\" : [ \"\" ],\r\n  \"columns[0].columnId\" : [ \"1\" ],\r\n  \"columns[0].sort\" : [ \"1\" ],\r\n  \"columns[0].columnComment\" : [ \"null\" ],\r\n  \"columns[0].javaType\" : [ \"String\" ],\r\n  \"columns[0].javaField\" : [ \"id\" ],\r\n  \"columns[0].isInsert\" : [ \"1\" ],\r\n  \"columns[0].queryType\" : [ \"EQ\" ],\r\n  \"columns[0].htmlType\" : [ \"input\" ],\r\n  \"columns[0].dictType\" : [ \"\" ],\r\n  \"columns[1].columnId\" : [ \"2\" ],\r\n  \"columns[1].sort\" : [ \"2\" ],\r\n  \"columns[1].columnComment\" : [ \"null\" ],\r\n  \"columns[1].javaType\" : [ \"Long\" ],\r\n  \"columns[1].javaField\" : [ \"rev\" ],\r\n  \"columns[1].isInsert\" : [ \"1\" ],\r\n  \"columns[1].isEdit\" : [ \"1\" ],\r\n  \"columns[1].isList\" : [ \"1\" ],\r\n  \"columns[1].isQuery\" : [ \"1\" ],\r\n  \"columns[1].queryType\" : [ \"EQ\" ],\r\n  \"columns[1].htmlType\" : [ \"input\" ],\r\n  \"columns[1].dictType\" : [ \"\" ],\r\n  \"columns[2].columnId\" : [ \"3\" ],\r\n  \"columns[2].sort\" : [ \"3\" ],\r\n  \"columns[2].columnComment\" : [ \"null\" ],\r\n  \"columns[2].javaType\" : [ \"String\" ],\r\n  \"columns[2].javaField\" : [ \"first\" ],\r\n  \"columns[2].isInsert\" : [ \"1\" ],\r\n  \"columns[2].isEdit\" : [ \"1\" ],\r\n  \"columns[2].isList\" : [ \"1\" ],\r\n  \"columns[2].isQuery\" : [ \"1\" ],\r\n  \"columns[2].queryType\" : [ \"EQ\" ],\r\n  \"columns[2].htmlType\" : [ \"input\" ],\r\n  \"columns[2].dictType\" : [ \"\" ],\r\n  \"columns[3].columnId\" : [ \"4\" ],\r\n  \"columns[3].sort\" : [ \"4\" ],\r\n  \"columns[3].columnComment\" : [ \"null\" ],\r\n  \"columns[3].javaType\" : [ \"String\" ],\r\n  \"columns[3].javaField\" : [ \"last\" ],\r\n  \"columns[3].isInsert\" : [ \"1\" ],\r\n  \"columns[3].isEdit\" : [ \"1\" ],\r\n  \"columns[3].isList\" : [ \"1\" ],\r\n  \"columns[3].isQuery\" : [ \"1\" ],\r\n  \"columns[3].queryType\" : [ \"EQ\" ],\r\n  \"columns[3].htmlType\" : [ \"input\" ],\r\n  \"columns[3].dictType\" : [ \"\" ],\r\n  \"columns[4].columnId\" : [ \"5\" ],\r\n  \"columns[4].sort\" : [ \"5\" ],\r\n  \"columns[4].columnComment\" : [ \"null\" ],\r\n  \"columns[4].javaType', '{\r\n  \"msg\" : \"\",\r\n  \"code\" : 0\r\n}', '0', null, '2019-10-02 16:46:58');
INSERT INTO `sys_oper_log` VALUES ('174', '', '8', 'com.ruoyi.generator.controller.GenController.genCode()', 'GET', '1', 'admin', null, '/tool/gen/genCode/act_id_user', '127.0.0.1', 'IP', '{ }', 'null', '0', null, '2019-10-02 16:47:03');
INSERT INTO `sys_oper_log` VALUES ('175', '', '2', 'com.ruoyi.generator.controller.GenController.editSave()', 'POST', '1', 'admin', '', '/tool/gen/edit', '127.0.0.1', 'IP', '{\r\n  \"tableId\" : [ \"1\" ],\r\n  \"tableName\" : [ \"act_id_user\" ],\r\n  \"tableComment\" : [ \"\" ],\r\n  \"className\" : [ \"ActIdUser\" ],\r\n  \"functionAuthor\" : [ \"Xianlu Tech\" ],\r\n  \"remark\" : [ \"\" ],\r\n  \"columns[0].columnId\" : [ \"1\" ],\r\n  \"columns[0].sort\" : [ \"1\" ],\r\n  \"columns[0].columnComment\" : [ \"ID\" ],\r\n  \"columns[0].javaType\" : [ \"String\" ],\r\n  \"columns[0].javaField\" : [ \"id\" ],\r\n  \"columns[0].isInsert\" : [ \"1\" ],\r\n  \"columns[0].queryType\" : [ \"EQ\" ],\r\n  \"columns[0].htmlType\" : [ \"input\" ],\r\n  \"columns[0].dictType\" : [ \"\" ],\r\n  \"columns[1].columnId\" : [ \"2\" ],\r\n  \"columns[1].sort\" : [ \"2\" ],\r\n  \"columns[1].columnComment\" : [ \"\" ],\r\n  \"columns[1].javaType\" : [ \"Long\" ],\r\n  \"columns[1].javaField\" : [ \"rev\" ],\r\n  \"columns[1].isInsert\" : [ \"1\" ],\r\n  \"columns[1].isEdit\" : [ \"1\" ],\r\n  \"columns[1].isList\" : [ \"1\" ],\r\n  \"columns[1].isQuery\" : [ \"1\" ],\r\n  \"columns[1].queryType\" : [ \"EQ\" ],\r\n  \"columns[1].htmlType\" : [ \"input\" ],\r\n  \"columns[1].dictType\" : [ \"\" ],\r\n  \"columns[2].columnId\" : [ \"3\" ],\r\n  \"columns[2].sort\" : [ \"3\" ],\r\n  \"columns[2].columnComment\" : [ \"\" ],\r\n  \"columns[2].javaType\" : [ \"String\" ],\r\n  \"columns[2].javaField\" : [ \"first\" ],\r\n  \"columns[2].isInsert\" : [ \"1\" ],\r\n  \"columns[2].isEdit\" : [ \"1\" ],\r\n  \"columns[2].isList\" : [ \"1\" ],\r\n  \"columns[2].isQuery\" : [ \"1\" ],\r\n  \"columns[2].queryType\" : [ \"LIKE\" ],\r\n  \"columns[2].htmlType\" : [ \"input\" ],\r\n  \"columns[2].dictType\" : [ \"\" ],\r\n  \"columns[3].columnId\" : [ \"4\" ],\r\n  \"columns[3].sort\" : [ \"4\" ],\r\n  \"columns[3].columnComment\" : [ \"\" ],\r\n  \"columns[3].javaType\" : [ \"String\" ],\r\n  \"columns[3].javaField\" : [ \"last\" ],\r\n  \"columns[3].isInsert\" : [ \"1\" ],\r\n  \"columns[3].isEdit\" : [ \"1\" ],\r\n  \"columns[3].isList\" : [ \"1\" ],\r\n  \"columns[3].isQuery\" : [ \"1\" ],\r\n  \"columns[3].queryType\" : [ \"EQ\" ],\r\n  \"columns[3].htmlType\" : [ \"input\" ],\r\n  \"columns[3].dictType\" : [ \"\" ],\r\n  \"columns[4].columnId\" : [ \"5\" ],\r\n  \"columns[4].sort\" : [ \"5\" ],\r\n  \"columns[4].columnComment\" : [ \"\" ],\r\n  \"columns[4].javaType\" : [ ', '{\r\n  \"msg\" : \"\",\r\n  \"code\" : 0\r\n}', '0', null, '2019-10-02 17:03:14');
INSERT INTO `sys_oper_log` VALUES ('176', '', '2', 'com.ruoyi.generator.controller.GenController.editSave()', 'POST', '1', 'admin', '', '/tool/gen/edit', '127.0.0.1', 'IP', '{\r\n  \"tableId\" : [ \"2\" ],\r\n  \"tableName\" : [ \"act_id_group\" ],\r\n  \"tableComment\" : [ \"\" ],\r\n  \"className\" : [ \"ActIdGroup\" ],\r\n  \"functionAuthor\" : [ \"Xianlu Tech\" ],\r\n  \"remark\" : [ \"\" ],\r\n  \"columns[0].columnId\" : [ \"8\" ],\r\n  \"columns[0].sort\" : [ \"1\" ],\r\n  \"columns[0].columnComment\" : [ \"ID\" ],\r\n  \"columns[0].javaType\" : [ \"String\" ],\r\n  \"columns[0].javaField\" : [ \"id\" ],\r\n  \"columns[0].isInsert\" : [ \"1\" ],\r\n  \"columns[0].queryType\" : [ \"EQ\" ],\r\n  \"columns[0].htmlType\" : [ \"input\" ],\r\n  \"columns[0].dictType\" : [ \"\" ],\r\n  \"columns[1].columnId\" : [ \"9\" ],\r\n  \"columns[1].sort\" : [ \"2\" ],\r\n  \"columns[1].columnComment\" : [ \"\" ],\r\n  \"columns[1].javaType\" : [ \"Long\" ],\r\n  \"columns[1].javaField\" : [ \"rev\" ],\r\n  \"columns[1].isInsert\" : [ \"1\" ],\r\n  \"columns[1].isEdit\" : [ \"1\" ],\r\n  \"columns[1].isList\" : [ \"1\" ],\r\n  \"columns[1].isQuery\" : [ \"1\" ],\r\n  \"columns[1].queryType\" : [ \"EQ\" ],\r\n  \"columns[1].htmlType\" : [ \"input\" ],\r\n  \"columns[1].dictType\" : [ \"\" ],\r\n  \"columns[2].columnId\" : [ \"10\" ],\r\n  \"columns[2].sort\" : [ \"3\" ],\r\n  \"columns[2].columnComment\" : [ \"\" ],\r\n  \"columns[2].javaType\" : [ \"String\" ],\r\n  \"columns[2].javaField\" : [ \"name\" ],\r\n  \"columns[2].isInsert\" : [ \"1\" ],\r\n  \"columns[2].isEdit\" : [ \"1\" ],\r\n  \"columns[2].isList\" : [ \"1\" ],\r\n  \"columns[2].isQuery\" : [ \"1\" ],\r\n  \"columns[2].queryType\" : [ \"LIKE\" ],\r\n  \"columns[2].htmlType\" : [ \"input\" ],\r\n  \"columns[2].dictType\" : [ \"\" ],\r\n  \"columns[3].columnId\" : [ \"11\" ],\r\n  \"columns[3].sort\" : [ \"4\" ],\r\n  \"columns[3].columnComment\" : [ \"\" ],\r\n  \"columns[3].javaType\" : [ \"String\" ],\r\n  \"columns[3].javaField\" : [ \"type\" ],\r\n  \"columns[3].isInsert\" : [ \"1\" ],\r\n  \"columns[3].isEdit\" : [ \"1\" ],\r\n  \"columns[3].isList\" : [ \"1\" ],\r\n  \"columns[3].isQuery\" : [ \"1\" ],\r\n  \"columns[3].queryType\" : [ \"EQ\" ],\r\n  \"columns[3].htmlType\" : [ \"input\" ],\r\n  \"columns[3].dictType\" : [ \"\" ],\r\n  \"tplCategory\" : [ \"crud\" ],\r\n  \"packageName\" : [ \"com.ruoyi.process.group\" ],\r\n  \"moduleName\" : [ \"process\" ],\r\n  \"businessName\" : [', '{\r\n  \"msg\" : \"\",\r\n  \"code\" : 0\r\n}', '0', null, '2019-10-02 17:04:30');
INSERT INTO `sys_oper_log` VALUES ('177', '', '6', 'com.ruoyi.generator.controller.GenController.importTableSave()', 'POST', '1', 'admin', '', '/tool/gen/importTable', '127.0.0.1', 'IP', '{\r\n  \"tables\" : [ \"act_id_info\" ]\r\n}', '{\r\n  \"msg\" : \"\",\r\n  \"code\" : 0\r\n}', '0', null, '2019-10-02 17:04:50');
INSERT INTO `sys_oper_log` VALUES ('178', '', '2', 'com.ruoyi.generator.controller.GenController.editSave()', 'POST', '1', 'admin', '', '/tool/gen/edit', '127.0.0.1', 'IP', '{\r\n  \"tableId\" : [ \"3\" ],\r\n  \"tableName\" : [ \"act_id_info\" ],\r\n  \"tableComment\" : [ \"\" ],\r\n  \"className\" : [ \"ActIdInfo\" ],\r\n  \"functionAuthor\" : [ \"Xianlu Tech\" ],\r\n  \"remark\" : [ \"\" ],\r\n  \"columns[0].columnId\" : [ \"12\" ],\r\n  \"columns[0].sort\" : [ \"1\" ],\r\n  \"columns[0].columnComment\" : [ \"ID\" ],\r\n  \"columns[0].javaType\" : [ \"String\" ],\r\n  \"columns[0].javaField\" : [ \"id\" ],\r\n  \"columns[0].isInsert\" : [ \"1\" ],\r\n  \"columns[0].queryType\" : [ \"EQ\" ],\r\n  \"columns[0].htmlType\" : [ \"input\" ],\r\n  \"columns[0].dictType\" : [ \"\" ],\r\n  \"columns[1].columnId\" : [ \"13\" ],\r\n  \"columns[1].sort\" : [ \"2\" ],\r\n  \"columns[1].columnComment\" : [ \"\" ],\r\n  \"columns[1].javaType\" : [ \"Long\" ],\r\n  \"columns[1].javaField\" : [ \"rev\" ],\r\n  \"columns[1].isInsert\" : [ \"1\" ],\r\n  \"columns[1].isEdit\" : [ \"1\" ],\r\n  \"columns[1].isList\" : [ \"1\" ],\r\n  \"columns[1].isQuery\" : [ \"1\" ],\r\n  \"columns[1].queryType\" : [ \"EQ\" ],\r\n  \"columns[1].htmlType\" : [ \"input\" ],\r\n  \"columns[1].dictType\" : [ \"\" ],\r\n  \"columns[2].columnId\" : [ \"14\" ],\r\n  \"columns[2].sort\" : [ \"3\" ],\r\n  \"columns[2].columnComment\" : [ \"ID\" ],\r\n  \"columns[2].javaType\" : [ \"String\" ],\r\n  \"columns[2].javaField\" : [ \"userId\" ],\r\n  \"columns[2].isInsert\" : [ \"1\" ],\r\n  \"columns[2].isEdit\" : [ \"1\" ],\r\n  \"columns[2].isList\" : [ \"1\" ],\r\n  \"columns[2].isQuery\" : [ \"1\" ],\r\n  \"columns[2].queryType\" : [ \"LIKE\" ],\r\n  \"columns[2].htmlType\" : [ \"input\" ],\r\n  \"columns[2].dictType\" : [ \"\" ],\r\n  \"columns[3].columnId\" : [ \"15\" ],\r\n  \"columns[3].sort\" : [ \"4\" ],\r\n  \"columns[3].columnComment\" : [ \"\" ],\r\n  \"columns[3].javaType\" : [ \"String\" ],\r\n  \"columns[3].javaField\" : [ \"type\" ],\r\n  \"columns[3].isInsert\" : [ \"1\" ],\r\n  \"columns[3].isEdit\" : [ \"1\" ],\r\n  \"columns[3].isList\" : [ \"1\" ],\r\n  \"columns[3].isQuery\" : [ \"1\" ],\r\n  \"columns[3].queryType\" : [ \"EQ\" ],\r\n  \"columns[3].htmlType\" : [ \"input\" ],\r\n  \"columns[3].dictType\" : [ \"\" ],\r\n  \"columns[4].columnId\" : [ \"16\" ],\r\n  \"columns[4].sort\" : [ \"5\" ],\r\n  \"columns[4].columnComment\" : [ \"\" ],\r\n  \"columns[4].javaT', '{\r\n  \"msg\" : \"\",\r\n  \"code\" : 0\r\n}', '0', null, '2019-10-02 17:08:36');
INSERT INTO `sys_oper_log` VALUES ('179', '', '8', 'com.ruoyi.generator.controller.GenController.genCode()', 'GET', '1', 'admin', '', '/tool/gen/genCode/act_id_user', '127.0.0.1', 'IP', '{ }', 'null', '0', null, '2019-10-02 17:14:56');
INSERT INTO `sys_oper_log` VALUES ('180', '', '3', 'com.ruoyi.web.controller.system.SysMenuController.remove()', 'GET', '1', 'admin', '', '/system/menu/remove/2003', '127.0.0.1', 'IP', '{ }', '{\r\n  \"msg\" : \"\",\r\n  \"code\" : 0\r\n}', '0', null, '2019-10-02 17:28:35');
INSERT INTO `sys_oper_log` VALUES ('181', '', '2', 'com.ruoyi.web.controller.system.SysMenuController.editSave()', 'POST', '1', 'admin', '', '/system/menu/edit', '127.0.0.1', 'IP', '{\r\n  \"menuId\" : [ \"2005\" ],\r\n  \"parentId\" : [ \"2000\" ],\r\n  \"menuType\" : [ \"C\" ],\r\n  \"menuName\" : [ \"\" ],\r\n  \"url\" : [ \"/process/user\" ],\r\n  \"target\" : [ \"menuItem\" ],\r\n  \"perms\" : [ \"process:user:view\" ],\r\n  \"orderNum\" : [ \"1\" ],\r\n  \"icon\" : [ \"#\" ],\r\n  \"visible\" : [ \"0\" ]\r\n}', '{\r\n  \"msg\" : \"\",\r\n  \"code\" : 0\r\n}', '0', null, '2019-10-02 17:29:54');
INSERT INTO `sys_oper_log` VALUES ('182', '', '2', 'com.ruoyi.web.controller.system.SysMenuController.editSave()', 'POST', '1', 'admin', '', '/system/menu/edit', '127.0.0.1', 'IP', '{\r\n  \"menuId\" : [ \"2005\" ],\r\n  \"parentId\" : [ \"2000\" ],\r\n  \"menuType\" : [ \"C\" ],\r\n  \"menuName\" : [ \"\" ],\r\n  \"url\" : [ \"/process/user\" ],\r\n  \"target\" : [ \"menuItem\" ],\r\n  \"perms\" : [ \"process:user:view\" ],\r\n  \"orderNum\" : [ \"3\" ],\r\n  \"icon\" : [ \"#\" ],\r\n  \"visible\" : [ \"0\" ]\r\n}', '{\r\n  \"msg\" : \"\",\r\n  \"code\" : 0\r\n}', '0', null, '2019-10-02 17:30:10');
INSERT INTO `sys_oper_log` VALUES ('183', '', '8', 'com.ruoyi.generator.controller.GenController.genCode()', 'GET', '1', 'admin', '', '/tool/gen/genCode/act_id_info', '127.0.0.1', 'IP', '{ }', 'null', '0', null, '2019-10-02 17:35:58');
INSERT INTO `sys_oper_log` VALUES ('184', '', '1', 'com.ruoyi.process.user.controller.ActIdUserController.addSave()', 'POST', '1', 'admin', '', '/process/user/add', '127.0.0.1', 'IP', '{\r\n  \"rev\" : [ \"1\" ],\r\n  \"first\" : [ \"\" ],\r\n  \"last\" : [ \"\" ],\r\n  \"email\" : [ \"1055202292@qq.com\" ],\r\n  \"pwd\" : [ \"\" ],\r\n  \"pictureId\" : [ \"\" ],\r\n  \"userId\" : [ \"axianlu\" ]\r\n}', '{\r\n  \"msg\" : \"\",\r\n  \"code\" : 0\r\n}', '0', null, '2019-10-02 17:54:32');
INSERT INTO `sys_oper_log` VALUES ('185', '', '2', 'com.ruoyi.process.user.controller.ActIdUserController.editSave()', 'POST', '1', 'admin', '', '/process/user/edit', '127.0.0.1', 'IP', '{\r\n  \"id\" : [ \"1\" ],\r\n  \"rev\" : [ \"2\" ],\r\n  \"first\" : [ \"\" ],\r\n  \"last\" : [ \"\" ],\r\n  \"email\" : [ \"1055202292@qq.com\" ],\r\n  \"pwd\" : [ \"\" ],\r\n  \"pictureId\" : [ \"\" ]\r\n}', '{\r\n  \"msg\" : \"\",\r\n  \"code\" : 0\r\n}', '0', null, '2019-10-02 19:15:12');
INSERT INTO `sys_oper_log` VALUES ('186', '', '1', 'com.ruoyi.process.user.controller.ActIdUserController.addSave()', 'POST', '1', 'admin', null, '/process/user/add', '127.0.0.1', 'IP', '{\r\n  \"id\" : [ \"axianlu\" ],\r\n  \"rev\" : [ \"\" ],\r\n  \"first\" : [ \"\" ],\r\n  \"last\" : [ \"\" ],\r\n  \"email\" : [ \"1055202292@qq.com\" ],\r\n  \"pwd\" : [ \"\" ],\r\n  \"pictureId\" : [ \"\" ]\r\n}', '{\r\n  \"msg\" : \"\",\r\n  \"code\" : 0\r\n}', '0', null, '2019-10-02 20:16:07');
INSERT INTO `sys_oper_log` VALUES ('187', '', '3', 'com.ruoyi.process.user.controller.ActIdUserController.remove()', 'POST', '1', 'admin', null, '/process/user/remove', '127.0.0.1', 'IP', '{\r\n  \"ids\" : [ \"1\" ]\r\n}', '{\r\n  \"msg\" : \"\",\r\n  \"code\" : 0\r\n}', '0', null, '2019-10-02 20:16:29');
INSERT INTO `sys_oper_log` VALUES ('188', '', '1', 'com.ruoyi.process.user.controller.ActIdUserController.addSave()', 'POST', '1', 'admin', null, '/process/user/add', '127.0.0.1', 'IP', '{\r\n  \"id\" : [ \"chengxy\" ],\r\n  \"rev\" : [ \"\" ],\r\n  \"first\" : [ \"\" ],\r\n  \"last\" : [ \"\" ],\r\n  \"email\" : [ \"1055202293@qq.com\" ],\r\n  \"pwd\" : [ \"\" ],\r\n  \"pictureId\" : [ \"\" ]\r\n}', '{\r\n  \"msg\" : \"\",\r\n  \"code\" : 0\r\n}', '0', null, '2019-10-02 20:18:00');
INSERT INTO `sys_oper_log` VALUES ('189', '', '1', 'com.ruoyi.process.user.controller.ActIdUserController.addSave()', 'POST', '1', 'admin', null, '/process/user/add', '127.0.0.1', 'IP', '{\r\n  \"id\" : [ \"rensm\" ],\r\n  \"rev\" : [ \"\" ],\r\n  \"first\" : [ \"\" ],\r\n  \"last\" : [ \"\" ],\r\n  \"email\" : [ \"1055202294@qq.com\" ],\r\n  \"pwd\" : [ \"\" ],\r\n  \"pictureId\" : [ \"\" ]\r\n}', '{\r\n  \"msg\" : \"\",\r\n  \"code\" : 0\r\n}', '0', null, '2019-10-02 20:18:15');
INSERT INTO `sys_oper_log` VALUES ('190', '', '2', 'com.ruoyi.process.user.controller.ActIdUserController.editSave()', 'POST', '1', 'admin', '', '/process/user/edit', '192.168.2.103', 'IP', '{\r\n  \"id\" : [ \"rensm\" ],\r\n  \"rev\" : [ \"\" ],\r\n  \"first\" : [ \"\" ],\r\n  \"last\" : [ \"\" ],\r\n  \"email\" : [ \"1055202294@qq.com\" ],\r\n  \"pwd\" : [ \"\" ],\r\n  \"pictureId\" : [ \"\" ]\r\n}', '{\r\n  \"msg\" : \"\",\r\n  \"code\" : 0\r\n}', '0', null, '2019-10-02 20:22:29');
INSERT INTO `sys_oper_log` VALUES ('191', '', '2', 'com.ruoyi.process.user.controller.ActIdUserController.editSave()', 'POST', '1', 'admin', '', '/process/user/edit', '192.168.2.103', 'IP', '{\r\n  \"id\" : [ \"axianlu\" ],\r\n  \"rev\" : [ \"\" ],\r\n  \"first\" : [ \"\" ],\r\n  \"last\" : [ \"\" ],\r\n  \"email\" : [ \"1055202292@qq.com\" ],\r\n  \"pwd\" : [ \"\" ],\r\n  \"pictureId\" : [ \"\" ]\r\n}', '{\r\n  \"msg\" : \"\",\r\n  \"code\" : 0\r\n}', '0', null, '2019-10-02 20:22:47');
INSERT INTO `sys_oper_log` VALUES ('192', '', '2', 'com.ruoyi.process.user.controller.ActIdUserController.editSave()', 'POST', '1', 'admin', '', '/process/user/edit', '192.168.2.103', 'IP', '{\r\n  \"id\" : [ \"chengxy\" ],\r\n  \"rev\" : [ \"\" ],\r\n  \"first\" : [ \"\" ],\r\n  \"last\" : [ \"\" ],\r\n  \"email\" : [ \"1055202293@qq.com\" ],\r\n  \"pwd\" : [ \"\" ],\r\n  \"pictureId\" : [ \"\" ]\r\n}', '{\r\n  \"msg\" : \"\",\r\n  \"code\" : 0\r\n}', '0', null, '2019-10-02 20:23:00');
INSERT INTO `sys_oper_log` VALUES ('193', '', '8', 'com.ruoyi.generator.controller.GenController.genCode()', 'GET', '1', 'admin', null, '/tool/gen/genCode/act_id_group', '127.0.0.1', 'IP', '{ }', 'null', '0', null, '2019-10-02 20:29:25');
INSERT INTO `sys_oper_log` VALUES ('194', '', '3', 'com.ruoyi.web.controller.system.SysMenuController.remove()', 'GET', '1', 'admin', '', '/system/menu/remove/2004', '127.0.0.1', 'IP', '{ }', '{\r\n  \"msg\" : \"\",\r\n  \"code\" : 0\r\n}', '0', null, '2019-10-02 20:34:36');
INSERT INTO `sys_oper_log` VALUES ('195', '', '2', 'com.ruoyi.web.controller.system.SysMenuController.editSave()', 'POST', '1', 'admin', '', '/system/menu/edit', '127.0.0.1', 'IP', '{\r\n  \"menuId\" : [ \"2011\" ],\r\n  \"parentId\" : [ \"3\" ],\r\n  \"menuType\" : [ \"C\" ],\r\n  \"menuName\" : [ \"\" ],\r\n  \"url\" : [ \"/process/group\" ],\r\n  \"target\" : [ \"menuItem\" ],\r\n  \"perms\" : [ \"process:group:view\" ],\r\n  \"orderNum\" : [ \"4\" ],\r\n  \"icon\" : [ \"#\" ],\r\n  \"visible\" : [ \"0\" ]\r\n}', '{\r\n  \"msg\" : \"\",\r\n  \"code\" : 0\r\n}', '0', null, '2019-10-02 20:35:32');
INSERT INTO `sys_oper_log` VALUES ('196', '', '2', 'com.ruoyi.web.controller.system.SysMenuController.editSave()', 'POST', '1', 'admin', '', '/system/menu/edit', '127.0.0.1', 'IP', '{\r\n  \"menuId\" : [ \"2011\" ],\r\n  \"parentId\" : [ \"2000\" ],\r\n  \"menuType\" : [ \"C\" ],\r\n  \"menuName\" : [ \"\" ],\r\n  \"url\" : [ \"/process/group\" ],\r\n  \"target\" : [ \"menuItem\" ],\r\n  \"perms\" : [ \"process:group:view\" ],\r\n  \"orderNum\" : [ \"4\" ],\r\n  \"icon\" : [ \"#\" ],\r\n  \"visible\" : [ \"0\" ]\r\n}', '{\r\n  \"msg\" : \"\",\r\n  \"code\" : 0\r\n}', '0', null, '2019-10-02 20:35:49');
INSERT INTO `sys_oper_log` VALUES ('197', '', '1', 'com.ruoyi.process.web.controller.process.ActIdGroupController.addSave()', 'POST', '1', 'admin', '', '/process/group/add', '127.0.0.1', 'IP', '{\r\n  \"id\" : [ \"deptLeader\" ],\r\n  \"rev\" : [ \"1\" ],\r\n  \"name\" : [ \"\" ],\r\n  \"type\" : [ \"\" ]\r\n}', '{\r\n  \"msg\" : \"\",\r\n  \"code\" : 0\r\n}', '0', null, '2019-10-02 20:37:41');
INSERT INTO `sys_oper_log` VALUES ('198', '', '1', 'com.ruoyi.process.web.controller.process.ActIdGroupController.addSave()', 'POST', '1', 'admin', null, '/process/group/add', '127.0.0.1', 'IP', '{\r\n  \"id\" : [ \"hr\" ],\r\n  \"rev\" : [ \"1\" ],\r\n  \"name\" : [ \"\" ],\r\n  \"type\" : [ \"\" ]\r\n}', '{\r\n  \"msg\" : \"\",\r\n  \"code\" : 0\r\n}', '0', null, '2019-10-02 20:41:48');
INSERT INTO `sys_oper_log` VALUES ('199', '', '2', 'com.ruoyi.web.controller.system.SysConfigController.editSave()', 'POST', '1', 'admin', null, '/system/config/edit', '127.0.0.1', 'IP', '{\r\n  \"configId\" : [ \"1\" ],\r\n  \"configName\" : [ \"-\" ],\r\n  \"configKey\" : [ \"sys.index.skinName\" ],\r\n  \"configValue\" : [ \"skin-red\" ],\r\n  \"configType\" : [ \"Y\" ],\r\n  \"remark\" : [ \" skin-blue skin-green skin-purple skin-red skin-yellow\" ]\r\n}', '{\r\n  \"msg\" : \"\",\r\n  \"code\" : 0\r\n}', '0', null, '2019-10-02 20:46:09');
INSERT INTO `sys_oper_log` VALUES ('200', '', '2', 'com.ruoyi.web.controller.system.SysConfigController.editSave()', 'POST', '1', 'admin', '', '/system/config/edit', '127.0.0.1', 'IP', '{\r\n  \"configId\" : [ \"1\" ],\r\n  \"configName\" : [ \"-\" ],\r\n  \"configKey\" : [ \"sys.index.skinName\" ],\r\n  \"configValue\" : [ \"skin-yellow\" ],\r\n  \"configType\" : [ \"Y\" ],\r\n  \"remark\" : [ \" skin-blue skin-green skin-purple skin-red skin-yellow\" ]\r\n}', '{\r\n  \"msg\" : \"\",\r\n  \"code\" : 0\r\n}', '0', null, '2019-10-03 16:10:32');
INSERT INTO `sys_oper_log` VALUES ('201', '', '3', 'com.ruoyi.process.user.controller.ActIdUserController.remove()', 'POST', '1', 'admin', null, '/process/user/remove', '127.0.0.1', 'IP', '{\r\n  \"ids\" : [ \"rensm\" ]\r\n}', '{\r\n  \"msg\" : \"\",\r\n  \"code\" : 0\r\n}', '0', null, '2019-10-03 22:43:26');
INSERT INTO `sys_oper_log` VALUES ('202', '', '1', 'com.ruoyi.process.user.controller.ActIdUserController.addSave()', 'POST', '1', 'admin', null, '/process/user/add', '127.0.0.1', 'IP', '{\r\n  \"id\" : [ \"rensm\" ],\r\n  \"rev\" : [ \"1\" ],\r\n  \"first\" : [ \"\" ],\r\n  \"last\" : [ \"\" ],\r\n  \"email\" : [ \"1055202294@qq.com\" ],\r\n  \"pwd\" : [ \"\" ],\r\n  \"pictureId\" : [ \"\" ],\r\n  \"groupIds\" : [ \"\" ]\r\n}', '{\r\n  \"msg\" : \"\",\r\n  \"code\" : 0\r\n}', '0', null, '2019-10-03 22:58:34');
INSERT INTO `sys_oper_log` VALUES ('203', '', '3', 'com.ruoyi.process.user.controller.ActIdUserController.remove()', 'POST', '1', 'admin', null, '/process/user/remove', '127.0.0.1', 'IP', '{\r\n  \"ids\" : [ \"rensm\" ]\r\n}', '{\r\n  \"msg\" : \"\",\r\n  \"code\" : 0\r\n}', '0', null, '2019-10-03 22:58:48');
INSERT INTO `sys_oper_log` VALUES ('204', '', '1', 'com.ruoyi.process.user.controller.ActIdUserController.addSave()', 'POST', '1', 'admin', null, '/process/user/add', '127.0.0.1', 'IP', '{\r\n  \"id\" : [ \"rensm\" ],\r\n  \"rev\" : [ \"1\" ],\r\n  \"first\" : [ \"\" ],\r\n  \"last\" : [ \"\" ],\r\n  \"email\" : [ \"1055202294@qq.com\" ],\r\n  \"pwd\" : [ \"\" ],\r\n  \"pictureId\" : [ \"\" ],\r\n  \"groupIds\" : [ \"\" ]\r\n}', '{\r\n  \"msg\" : \"\",\r\n  \"code\" : 0\r\n}', '0', null, '2019-10-03 23:03:26');
INSERT INTO `sys_oper_log` VALUES ('205', '', '3', 'com.ruoyi.process.user.controller.ActIdUserController.remove()', 'POST', '1', 'admin', null, '/process/user/remove', '127.0.0.1', 'IP', '{\r\n  \"ids\" : [ \"rensm\" ]\r\n}', '{\r\n  \"msg\" : \"\",\r\n  \"code\" : 0\r\n}', '0', null, '2019-10-03 23:05:19');
INSERT INTO `sys_oper_log` VALUES ('206', '', '1', 'com.ruoyi.process.user.controller.ActIdUserController.addSave()', 'POST', '1', 'admin', null, '/process/user/add', '127.0.0.1', 'IP', '{\r\n  \"id\" : [ \"rensm\" ],\r\n  \"rev\" : [ \"\" ],\r\n  \"first\" : [ \"\" ],\r\n  \"last\" : [ \"\" ],\r\n  \"email\" : [ \"1055202294@qq.com\" ],\r\n  \"pwd\" : [ \"\" ],\r\n  \"pictureId\" : [ \"\" ],\r\n  \"groupIds\" : [ \"\" ]\r\n}', '{\r\n  \"msg\" : \"\",\r\n  \"code\" : 0\r\n}', '0', null, '2019-10-03 23:06:14');
INSERT INTO `sys_oper_log` VALUES ('207', '', '3', 'com.ruoyi.process.user.controller.ActIdUserController.remove()', 'POST', '1', 'admin', '', '/process/user/remove', '127.0.0.1', 'IP', '{\r\n  \"ids\" : [ \"rensm\" ]\r\n}', '{\r\n  \"msg\" : \"\",\r\n  \"code\" : 0\r\n}', '0', null, '2019-10-03 23:06:36');
INSERT INTO `sys_oper_log` VALUES ('208', '', '1', 'com.ruoyi.process.user.controller.ActIdUserController.addSave()', 'POST', '1', 'admin', '', '/process/user/add', '127.0.0.1', 'IP', '{\r\n  \"id\" : [ \"rensm\" ],\r\n  \"rev\" : [ \"\" ],\r\n  \"first\" : [ \"\" ],\r\n  \"last\" : [ \"\" ],\r\n  \"email\" : [ \"\" ],\r\n  \"pwd\" : [ \"\" ],\r\n  \"pictureId\" : [ \"\" ],\r\n  \"groupIds\" : [ \"\" ]\r\n}', '{\r\n  \"msg\" : \"\",\r\n  \"code\" : 0\r\n}', '0', null, '2019-10-03 23:07:05');
INSERT INTO `sys_oper_log` VALUES ('209', '', '3', 'com.ruoyi.process.user.controller.ActIdUserController.remove()', 'POST', '1', 'admin', '', '/process/user/remove', '127.0.0.1', 'IP', '{\r\n  \"ids\" : [ \"rensm\" ]\r\n}', '{\r\n  \"msg\" : \"\",\r\n  \"code\" : 0\r\n}', '0', null, '2019-10-03 23:08:09');
INSERT INTO `sys_oper_log` VALUES ('210', '', '1', 'com.ruoyi.process.user.controller.ActIdUserController.addSave()', 'POST', '1', 'admin', '', '/process/user/add', '127.0.0.1', 'IP', '{\r\n  \"id\" : [ \"rensm\" ],\r\n  \"rev\" : [ \"\" ],\r\n  \"first\" : [ \"\" ],\r\n  \"last\" : [ \"\" ],\r\n  \"email\" : [ \"\" ],\r\n  \"pwd\" : [ \"\" ],\r\n  \"pictureId\" : [ \"\" ],\r\n  \"groupIds\" : [ \"hr\" ]\r\n}', '{\r\n  \"msg\" : \"\",\r\n  \"code\" : 0\r\n}', '0', null, '2019-10-03 23:08:39');
INSERT INTO `sys_oper_log` VALUES ('211', '', '1', 'com.ruoyi.process.definition.controller.ProcessDefinitionController.updateProcessDefinition()', 'POST', '1', 'admin', null, '/process/definition/updateProcessDefinition', '127.0.0.1', 'IP', '{ }', '{\r\n  \"msg\" : \"\",\r\n  \"code\" : 0\r\n}', '0', null, '2019-10-04 17:15:24');
INSERT INTO `sys_oper_log` VALUES ('212', '', '1', 'com.ruoyi.process.definition.controller.ProcessDefinitionController.updateProcessDefinition()', 'POST', '1', 'admin', null, '/process/definition/updateProcessDefinition', '127.0.0.1', 'IP', '{ }', '{\r\n  \"msg\" : \"\",\r\n  \"code\" : 0\r\n}', '0', null, '2019-10-04 17:22:56');
INSERT INTO `sys_oper_log` VALUES ('213', '', '1', 'com.ruoyi.process.definition.controller.ProcessDefinitionController.updateProcessDefinition()', 'POST', '1', 'admin', null, '/process/definition/updateProcessDefinition', '127.0.0.1', 'IP', '{ }', '{\r\n  \"msg\" : \"\",\r\n  \"code\" : 0\r\n}', '0', null, '2019-10-04 17:26:06');
INSERT INTO `sys_oper_log` VALUES ('214', '', '1', 'com.ruoyi.process.definition.controller.ProcessDefinitionController.updateProcessDefinition()', 'POST', '1', 'admin', null, '/process/definition/updateProcessDefinition', '127.0.0.1', 'IP', '{ }', '{\r\n  \"msg\" : \"\",\r\n  \"code\" : 0\r\n}', '0', null, '2019-10-04 17:35:03');
INSERT INTO `sys_oper_log` VALUES ('215', '', '1', 'com.ruoyi.process.definition.controller.ProcessDefinitionController.upload()', 'POST', '1', 'admin', null, '/process/definition/upload', '127.0.0.1', 'IP', '{ }', '{\r\n  \"msg\" : \"\",\r\n  \"code\" : 0\r\n}', '0', null, '2019-10-04 17:55:46');
INSERT INTO `sys_oper_log` VALUES ('216', '', '6', 'com.ruoyi.generator.controller.GenController.importTableSave()', 'POST', '1', 'admin', null, '/tool/gen/importTable', '127.0.0.1', 'IP', '{\r\n  \"tables\" : [ \"act_re_procdef\" ]\r\n}', '{\r\n  \"msg\" : \"\",\r\n  \"code\" : 0\r\n}', '0', null, '2019-10-04 17:58:21');
INSERT INTO `sys_oper_log` VALUES ('217', '', '8', 'com.ruoyi.generator.controller.GenController.genCode()', 'GET', '1', 'admin', null, '/tool/gen/genCode/act_re_procdef', '127.0.0.1', 'IP', '{ }', 'null', '0', null, '2019-10-04 17:59:07');
INSERT INTO `sys_oper_log` VALUES ('218', '', '1', 'com.ruoyi.process.definition.controller.ProcessDefinitionController.upload()', 'POST', '1', 'admin', '', '/process/definition/upload', '127.0.0.1', 'IP', '{ }', '{\r\n  \"msg\" : \"\",\r\n  \"code\" : 0\r\n}', '0', null, '2019-10-04 19:36:00');
INSERT INTO `sys_oper_log` VALUES ('219', '', '1', 'com.ruoyi.process.definition.controller.ProcessDefinitionController.upload()', 'POST', '1', 'admin', '', '/process/definition/upload', '127.0.0.1', 'IP', '{ }', '{\r\n  \"msg\" : \"\",\r\n  \"code\" : 0\r\n}', '0', null, '2019-10-04 19:36:24');
INSERT INTO `sys_oper_log` VALUES ('220', '', '1', 'com.ruoyi.process.definition.controller.ProcessDefinitionController.upload()', 'POST', '1', 'admin', '', '/process/definition/upload', '127.0.0.1', 'IP', '{ }', '{\r\n  \"msg\" : \"\",\r\n  \"code\" : 0\r\n}', '0', null, '2019-10-04 19:45:07');
INSERT INTO `sys_oper_log` VALUES ('221', '', '3', 'com.ruoyi.process.definition.controller.ProcessDefinitionController.remove()', 'POST', '1', 'admin', null, '/process/definition/remove', '127.0.0.1', 'IP', '{\r\n  \"ids\" : [ \"leave:11:15016\" ]\r\n}', '{\r\n  \"msg\" : \"Could not find a deployment with id \'leave:11:15016\'.\",\r\n  \"code\" : 500\r\n}', '0', null, '2019-10-05 11:47:10');
INSERT INTO `sys_oper_log` VALUES ('222', '', '3', 'com.ruoyi.process.definition.controller.ProcessDefinitionController.remove()', 'POST', '1', 'admin', null, '/process/definition/remove', '127.0.0.1', 'IP', '{\r\n  \"ids\" : [ \"leave:11:15016\" ]\r\n}', '{\r\n  \"msg\" : \"Could not find a deployment with id \'leave:11:15016\'.\",\r\n  \"code\" : 500\r\n}', '0', null, '2019-10-05 11:48:30');
INSERT INTO `sys_oper_log` VALUES ('223', '', '3', 'com.ruoyi.process.definition.controller.ProcessDefinitionController.remove()', 'POST', '1', 'admin', null, '/process/definition/remove', '127.0.0.1', 'IP', '{\r\n  \"ids\" : [ \"leave:11:15016\" ]\r\n}', '{\r\n  \"msg\" : \"Could not find a deployment with id \'leave:11:15016\'.\",\r\n  \"code\" : 500\r\n}', '0', null, '2019-10-05 11:49:50');
INSERT INTO `sys_oper_log` VALUES ('224', '', '3', 'com.ruoyi.process.definition.controller.ProcessDefinitionController.remove()', 'POST', '1', 'admin', '', '/process/definition/remove', '127.0.0.1', 'IP', '{\r\n  \"ids\" : [ \"15013\" ]\r\n}', '{\r\n  \"msg\" : \"\",\r\n  \"code\" : 0\r\n}', '0', null, '2019-10-05 11:50:29');
INSERT INTO `sys_oper_log` VALUES ('225', '', '3', 'com.ruoyi.process.definition.controller.ProcessDefinitionController.remove()', 'POST', '1', 'admin', '', '/process/definition/remove', '127.0.0.1', 'IP', '{\r\n  \"ids\" : [ \"15009\" ]\r\n}', '{\r\n  \"msg\" : \"\",\r\n  \"code\" : 0\r\n}', '0', null, '2019-10-05 11:51:14');
INSERT INTO `sys_oper_log` VALUES ('226', '', '3', 'com.ruoyi.process.definition.controller.ProcessDefinitionController.remove()', 'POST', '1', 'admin', '', '/process/definition/remove', '127.0.0.1', 'IP', '{\r\n  \"ids\" : [ \"15005\" ]\r\n}', '{\r\n  \"msg\" : \"\",\r\n  \"code\" : 0\r\n}', '0', null, '2019-10-05 11:51:23');
INSERT INTO `sys_oper_log` VALUES ('227', '', '3', 'com.ruoyi.process.definition.controller.ProcessDefinitionController.remove()', 'POST', '1', 'admin', '', '/process/definition/remove', '127.0.0.1', 'IP', '{\r\n  \"ids\" : [ \"leave:7:12516,leave:8:15004\" ]\r\n}', '{\r\n  \"msg\" : \"Could not find a deployment with id \'leave:7:12516\'.\",\r\n  \"code\" : 500\r\n}', '0', null, '2019-10-05 11:57:15');
INSERT INTO `sys_oper_log` VALUES ('228', '', '3', 'com.ruoyi.process.definition.controller.ProcessDefinitionController.remove()', 'POST', '1', 'admin', '', '/process/definition/remove', '127.0.0.1', 'IP', '{\r\n  \"ids\" : [ \"leave:7:12516,leave:8:15004\" ]\r\n}', '{\r\n  \"msg\" : \"Could not find a deployment with id \'leave:7:12516\'.\",\r\n  \"code\" : 500\r\n}', '0', null, '2019-10-05 12:00:39');
INSERT INTO `sys_oper_log` VALUES ('229', '', '3', 'com.ruoyi.process.definition.controller.ProcessDefinitionController.remove()', 'POST', '1', 'admin', '', '/process/definition/remove', '127.0.0.1', 'IP', '{\r\n  \"ids\" : [ \"15001\" ]\r\n}', '{\r\n  \"msg\" : \"\",\r\n  \"code\" : 0\r\n}', '0', null, '2019-10-05 12:00:46');
INSERT INTO `sys_oper_log` VALUES ('230', '', '3', 'com.ruoyi.process.definition.controller.ProcessDefinitionController.remove()', 'POST', '1', 'admin', '', '/process/definition/remove', '127.0.0.1', 'IP', '{\r\n  \"ids\" : [ \"leave:6:12512,leave:7:12516\" ]\r\n}', '{\r\n  \"msg\" : \"Could not find a deployment with id \'leave:6:12512\'.\",\r\n  \"code\" : 500\r\n}', '0', null, '2019-10-05 12:01:04');
INSERT INTO `sys_oper_log` VALUES ('231', '', '3', 'com.ruoyi.process.definition.controller.ProcessDefinitionController.remove()', 'POST', '1', 'admin', '', '/process/definition/remove', '127.0.0.1', 'IP', '{\r\n  \"ids\" : [ \"12509,12513\" ]\r\n}', '{\r\n  \"msg\" : \"\",\r\n  \"code\" : 0\r\n}', '0', null, '2019-10-05 12:01:53');
INSERT INTO `sys_oper_log` VALUES ('232', '', '3', 'com.ruoyi.process.definition.controller.ProcessDefinitionController.remove()', 'POST', '1', 'admin', '', '/process/definition/remove', '127.0.0.1', 'IP', '{\r\n  \"ids\" : [ \"12505\" ]\r\n}', '{\r\n  \"msg\" : \"\",\r\n  \"code\" : 0\r\n}', '0', null, '2019-10-05 12:02:36');
INSERT INTO `sys_oper_log` VALUES ('233', '', '5', 'com.ruoyi.process.definition.controller.ProcessDefinitionController.export()', 'POST', '1', 'admin', null, '/process/definition/export', '127.0.0.1', 'IP', '{\r\n  \"version\" : [ \"\", \"\" ],\r\n  \"category\" : [ \"\" ],\r\n  \"name\" : [ \"\" ],\r\n  \"key\" : [ \"\" ],\r\n  \"params[beginTime]\" : [ \"\" ],\r\n  \"params[endTime]\" : [ \"\" ]\r\n}', '{\r\n  \"msg\" : \"c7396623-a2a8-4b97-b3ac-724a8e081982_.xlsx\",\r\n  \"code\" : 0\r\n}', '0', null, '2019-10-05 12:05:51');
INSERT INTO `sys_oper_log` VALUES ('234', '', '5', 'com.ruoyi.process.definition.controller.ProcessDefinitionController.export()', 'POST', '1', 'admin', null, '/process/definition/export', '127.0.0.1', 'IP', '{\r\n  \"version\" : [ \"\", \"\" ],\r\n  \"category\" : [ \"\" ],\r\n  \"name\" : [ \"\" ],\r\n  \"key\" : [ \"\" ],\r\n  \"params[beginTime]\" : [ \"\" ],\r\n  \"params[endTime]\" : [ \"\" ]\r\n}', '{\r\n  \"msg\" : \"be071235-5e8b-49ff-b400-fc2e3571d24c_.xlsx\",\r\n  \"code\" : 0\r\n}', '0', null, '2019-10-05 12:08:21');
INSERT INTO `sys_oper_log` VALUES ('235', '', '5', 'com.ruoyi.process.definition.controller.ProcessDefinitionController.export()', 'POST', '1', 'admin', null, '/process/definition/export', '127.0.0.1', 'IP', '{\r\n  \"version\" : [ \"\", \"\" ],\r\n  \"category\" : [ \"\" ],\r\n  \"name\" : [ \"\" ],\r\n  \"key\" : [ \"\" ],\r\n  \"params[beginTime]\" : [ \"\" ],\r\n  \"params[endTime]\" : [ \"\" ]\r\n}', '{\r\n  \"msg\" : \"27574d66-f337-4d16-9470-2f2f103d3e37_.xlsx\",\r\n  \"code\" : 0\r\n}', '0', null, '2019-10-05 12:09:19');
INSERT INTO `sys_oper_log` VALUES ('236', '', '2', 'com.ruoyi.process.user.controller.ActIdUserController.editSave()', 'POST', '1', 'admin', '', '/process/user/edit', '127.0.0.1', 'IP', '{\r\n  \"id\" : [ \"rensm\" ],\r\n  \"rev\" : [ \"\" ],\r\n  \"first\" : [ \"\" ],\r\n  \"last\" : [ \"\" ],\r\n  \"email\" : [ \"\" ],\r\n  \"pwd\" : [ \"\" ],\r\n  \"pictureId\" : [ \"\" ]\r\n}', '{\r\n  \"msg\" : \"\",\r\n  \"code\" : 0\r\n}', '0', null, '2019-10-06 17:32:03');
INSERT INTO `sys_oper_log` VALUES ('237', '', '1', 'com.ruoyi.process.definition.controller.ProcessDefinitionController.upload()', 'POST', '1', 'admin', '', '/process/definition/upload', '127.0.0.1', 'IP', '{ }', '{\r\n  \"msg\" : \" bpmn, bpmn20.xml, zip  bar \",\r\n  \"code\" : 500\r\n}', '0', null, '2019-10-07 20:32:32');
INSERT INTO `sys_oper_log` VALUES ('238', '', '1', 'com.ruoyi.process.definition.controller.ProcessDefinitionController.upload()', 'POST', '1', 'admin', '', '/process/definition/upload', '127.0.0.1', 'IP', '{ }', '{\r\n  \"msg\" : \"\",\r\n  \"code\" : 0\r\n}', '0', null, '2019-10-08 22:57:20');
INSERT INTO `sys_oper_log` VALUES ('239', '', '1', 'com.ruoyi.process.definition.controller.ProcessDefinitionController.upload()', 'POST', '1', 'admin', '', '/process/definition/upload', '127.0.0.1', 'IP', '{ }', '{\r\n  \"msg\" : \"\",\r\n  \"code\" : 0\r\n}', '0', null, '2019-10-08 22:57:24');
INSERT INTO `sys_oper_log` VALUES ('240', '', '1', 'com.ruoyi.process.definition.controller.ProcessDefinitionController.upload()', 'POST', '1', 'admin', '', '/process/definition/upload', '127.0.0.1', 'IP', '{ }', '{\r\n  \"msg\" : \"\",\r\n  \"code\" : 0\r\n}', '0', null, '2019-10-08 22:57:28');
INSERT INTO `sys_oper_log` VALUES ('241', '', '1', 'com.ruoyi.process.definition.controller.ProcessDefinitionController.upload()', 'POST', '1', 'admin', '', '/process/definition/upload', '127.0.0.1', 'IP', '{ }', '{\r\n  \"msg\" : \"\",\r\n  \"code\" : 0\r\n}', '0', null, '2019-10-08 22:57:32');
INSERT INTO `sys_oper_log` VALUES ('242', '', '1', 'com.ruoyi.process.definition.controller.ProcessDefinitionController.upload()', 'POST', '1', 'admin', '', '/process/definition/upload', '127.0.0.1', 'IP', '{ }', '{\r\n  \"msg\" : \"\",\r\n  \"code\" : 0\r\n}', '0', null, '2019-10-08 22:57:38');
INSERT INTO `sys_oper_log` VALUES ('243', '', '5', 'com.ruoyi.process.definition.controller.ProcessDefinitionController.export()', 'POST', '1', 'admin', '', '/process/definition/export', '127.0.0.1', 'IP', '{\r\n  \"category\" : [ \"\" ],\r\n  \"name\" : [ \"\" ],\r\n  \"key\" : [ \"\" ]\r\n}', '{\r\n  \"msg\" : \"9976f3dc-1ba5-4dbc-a120-e85e724bb47b_.xlsx\",\r\n  \"code\" : 0\r\n}', '0', null, '2019-10-08 23:21:27');
INSERT INTO `sys_oper_log` VALUES ('244', '', '2', 'com.ruoyi.process.user.controller.ActIdUserController.editSave()', 'POST', '1', 'admin', '', '/process/user/edit', '127.0.0.1', 'IP', '{\r\n  \"id\" : [ \"rensm\" ],\r\n  \"first\" : [ \"\" ],\r\n  \"email\" : [ \"1055202294@qq.com\" ],\r\n  \"pwd\" : [ \"\" ]\r\n}', '{\r\n  \"msg\" : \"\",\r\n  \"code\" : 0\r\n}', '0', null, '2019-10-08 23:25:27');
INSERT INTO `sys_oper_log` VALUES ('245', '', '2', 'com.ruoyi.process.user.controller.ActIdUserController.editSave()', 'POST', '1', 'admin', '', '/process/user/edit', '127.0.0.1', 'IP', '{\r\n  \"id\" : [ \"axianlu\" ],\r\n  \"first\" : [ \"\" ],\r\n  \"email\" : [ \"1055202292@qq.com\" ],\r\n  \"pwd\" : [ \"\" ]\r\n}', '{\r\n  \"msg\" : \"\",\r\n  \"code\" : 0\r\n}', '0', null, '2019-10-09 09:01:30');
INSERT INTO `sys_oper_log` VALUES ('246', '', '2', 'com.ruoyi.process.user.controller.ActIdUserController.editSave()', 'POST', '1', 'admin', null, '/process/user/edit', '127.0.0.1', 'IP', '{\r\n  \"id\" : [ \"axianlu\" ],\r\n  \"first\" : [ \"\" ],\r\n  \"email\" : [ \"1055202292@qq.com\" ],\r\n  \"pwd\" : [ \"\" ],\r\n  \"groupIds\" : [ \"deptLeader\" ]\r\n}', '{\r\n  \"msg\" : \"\",\r\n  \"code\" : 0\r\n}', '0', null, '2019-10-09 09:16:15');
INSERT INTO `sys_oper_log` VALUES ('247', '', '2', 'com.ruoyi.process.user.controller.ActIdUserController.editSave()', 'POST', '1', 'admin', null, '/process/user/edit', '127.0.0.1', 'IP', '{\r\n  \"id\" : [ \"rensm\" ],\r\n  \"first\" : [ \"\" ],\r\n  \"email\" : [ \"1055202294@qq.com\" ],\r\n  \"pwd\" : [ \"\" ],\r\n  \"groupIds\" : [ \"deptLeader,hr\" ]\r\n}', '{\r\n  \"msg\" : \"\",\r\n  \"code\" : 0\r\n}', '0', null, '2019-10-09 09:16:28');
INSERT INTO `sys_oper_log` VALUES ('248', '', '2', 'com.ruoyi.process.user.controller.ActIdUserController.editSave()', 'POST', '1', 'admin', null, '/process/user/edit', '127.0.0.1', 'IP', '{\r\n  \"id\" : [ \"rensm\" ],\r\n  \"first\" : [ \"\" ],\r\n  \"email\" : [ \"1055202294@qq.com\" ],\r\n  \"pwd\" : [ \"\" ],\r\n  \"groupIds\" : [ \"hr\" ]\r\n}', '{\r\n  \"msg\" : \"\",\r\n  \"code\" : 0\r\n}', '0', null, '2019-10-09 09:16:40');
INSERT INTO `sys_oper_log` VALUES ('249', '', '1', 'com.ruoyi.process.group.controller.ActIdGroupController.addSave()', 'POST', '1', 'admin', null, '/process/group/add', '127.0.0.1', 'IP', '{ }', 'null', '1', '\r\n### Error updating database.  Cause: java.sql.SQLSyntaxErrorException: You have an error in your SQL syntax; check the manual that corresponds to your MySQL server version for the right syntax to use near \'\' at line 1\r\n### The error may involve com.ruoyi.process.group.mapper.ActIdGroupMapper.insertActIdGroup-Inline\r\n### The error occurred while setting parameters\r\n### SQL: insert into act_id_group\r\n### Cause: java.sql.SQLSyntaxErrorException: You have an error in your SQL syntax; check the manual that corresponds to your MySQL server version for the right syntax to use near \'\' at line 1\n; bad SQL grammar []; nested exception is java.sql.SQLSyntaxErrorException: You have an error in your SQL syntax; check the manual that corresponds to your MySQL server version for the right syntax to use near \'\' at line 1', '2019-10-09 09:39:05');
INSERT INTO `sys_oper_log` VALUES ('250', '', '1', 'com.ruoyi.process.group.controller.ActIdGroupController.addSave()', 'POST', '1', 'admin', null, '/process/group/add', '127.0.0.1', 'IP', '{ }', 'null', '1', '\r\n### Error updating database.  Cause: java.sql.SQLSyntaxErrorException: You have an error in your SQL syntax; check the manual that corresponds to your MySQL server version for the right syntax to use near \'\' at line 1\r\n### The error may involve com.ruoyi.process.group.mapper.ActIdGroupMapper.insertActIdGroup-Inline\r\n### The error occurred while setting parameters\r\n### SQL: insert into act_id_group\r\n### Cause: java.sql.SQLSyntaxErrorException: You have an error in your SQL syntax; check the manual that corresponds to your MySQL server version for the right syntax to use near \'\' at line 1\n; bad SQL grammar []; nested exception is java.sql.SQLSyntaxErrorException: You have an error in your SQL syntax; check the manual that corresponds to your MySQL server version for the right syntax to use near \'\' at line 1', '2019-10-09 09:40:11');
INSERT INTO `sys_oper_log` VALUES ('251', '', '1', 'com.ruoyi.process.group.controller.ActIdGroupController.addSave()', 'POST', '1', 'admin', null, '/process/group/add', '127.0.0.1', 'IP', '{\r\n  \"id\" : [ \"genManager\" ],\r\n  \"name\" : [ \"\" ]\r\n}', 'null', '1', '', '2019-10-09 09:42:36');
INSERT INTO `sys_oper_log` VALUES ('252', '', '1', 'com.ruoyi.process.group.controller.ActIdGroupController.addSave()', 'POST', '1', 'admin', '', '/process/group/add', '127.0.0.1', 'IP', '{\r\n  \"id\" : [ \"genManager\" ],\r\n  \"name\" : [ \"\" ],\r\n  \"userIds\" : [ \"chengxy\" ]\r\n}', '{\r\n  \"msg\" : \"\",\r\n  \"code\" : 0\r\n}', '0', null, '2019-10-09 09:46:44');
INSERT INTO `sys_oper_log` VALUES ('253', '', '2', 'com.ruoyi.process.group.controller.ActIdGroupController.editSave()', 'POST', '1', 'admin', null, '/process/group/edit', '127.0.0.1', 'IP', '{\r\n  \"id\" : [ \"genManager\" ],\r\n  \"name\" : [ \"\" ],\r\n  \"userIds\" : [ \"\" ]\r\n}', '{\r\n  \"msg\" : \"\",\r\n  \"code\" : 0\r\n}', '0', null, '2019-10-09 10:10:26');
INSERT INTO `sys_oper_log` VALUES ('254', '', '2', 'com.ruoyi.process.user.controller.ActIdUserController.editSave()', 'POST', '1', 'admin', null, '/process/user/edit', '127.0.0.1', 'IP', '{\r\n  \"id\" : [ \"chengxy\" ],\r\n  \"first\" : [ \"\" ],\r\n  \"email\" : [ \"1055202293@qq.com\" ],\r\n  \"pwd\" : [ \"\" ],\r\n  \"groupIds\" : [ \"deptLeader,hr\" ]\r\n}', '{\r\n  \"msg\" : \"\",\r\n  \"code\" : 0\r\n}', '0', null, '2019-10-09 10:11:07');
INSERT INTO `sys_oper_log` VALUES ('255', '', '2', 'com.ruoyi.process.group.controller.ActIdGroupController.editSave()', 'POST', '1', 'admin', null, '/process/group/edit', '127.0.0.1', 'IP', '{\r\n  \"id\" : [ \"hr\" ],\r\n  \"name\" : [ \"\" ],\r\n  \"userIds\" : [ \"rensm\" ]\r\n}', '{\r\n  \"msg\" : \"\",\r\n  \"code\" : 0\r\n}', '0', null, '2019-10-09 10:11:33');
INSERT INTO `sys_oper_log` VALUES ('256', '', '2', 'com.ruoyi.process.user.controller.ActIdUserController.editSave()', 'POST', '1', 'admin', null, '/process/user/edit', '127.0.0.1', 'IP', '{\r\n  \"id\" : [ \"chengxy\" ],\r\n  \"first\" : [ \"\" ],\r\n  \"email\" : [ \"1055202293@qq.com\" ],\r\n  \"pwd\" : [ \"\" ],\r\n  \"groupIds\" : [ \"\" ]\r\n}', '{\r\n  \"msg\" : \"\",\r\n  \"code\" : 0\r\n}', '0', null, '2019-10-09 10:11:41');
INSERT INTO `sys_oper_log` VALUES ('257', '', '1', 'com.ruoyi.process.user.controller.ActIdUserController.addSave()', 'POST', '1', 'admin', null, '/process/user/add', '127.0.0.1', 'IP', '{\r\n  \"id\" : [ \"ry\" ],\r\n  \"first\" : [ \"\" ],\r\n  \"email\" : [ \"1055202295@qq.com\" ],\r\n  \"pwd\" : [ \"\" ],\r\n  \"groupIds\" : [ \"genManager\" ]\r\n}', '{\r\n  \"msg\" : \"\",\r\n  \"code\" : 0\r\n}', '0', null, '2019-10-09 10:18:19');
INSERT INTO `sys_oper_log` VALUES ('258', '', '2', 'com.ruoyi.web.controller.system.SysMenuController.editSave()', 'POST', '1', 'admin', '', '/system/menu/edit', '127.0.0.1', 'IP', '{\r\n  \"menuId\" : [ \"2000\" ],\r\n  \"parentId\" : [ \"0\" ],\r\n  \"menuType\" : [ \"M\" ],\r\n  \"menuName\" : [ \"\" ],\r\n  \"url\" : [ \"#\" ],\r\n  \"target\" : [ \"menuItem\" ],\r\n  \"perms\" : [ \"\" ],\r\n  \"orderNum\" : [ \"4\" ],\r\n  \"icon\" : [ \"fa fa-gears\" ],\r\n  \"visible\" : [ \"0\" ]\r\n}', '{\r\n  \"msg\" : \"\",\r\n  \"code\" : 0\r\n}', '0', null, '2019-10-09 10:29:21');
INSERT INTO `sys_oper_log` VALUES ('259', '', '1', 'com.ruoyi.web.controller.system.SysMenuController.addSave()', 'POST', '1', 'admin', '', '/system/menu/add', '127.0.0.1', 'IP', '{\r\n  \"parentId\" : [ \"0\" ],\r\n  \"menuType\" : [ \"M\" ],\r\n  \"menuName\" : [ \"\" ],\r\n  \"url\" : [ \"\" ],\r\n  \"target\" : [ \"menuItem\" ],\r\n  \"perms\" : [ \"\" ],\r\n  \"orderNum\" : [ \"5\" ],\r\n  \"icon\" : [ \"fa fa-paper-plane\" ],\r\n  \"visible\" : [ \"0\" ]\r\n}', '{\r\n  \"msg\" : \"\",\r\n  \"code\" : 0\r\n}', '0', null, '2019-10-09 10:31:41');
INSERT INTO `sys_oper_log` VALUES ('260', '', '1', 'com.ruoyi.process.definition.controller.ProcessDefinitionController.upload()', 'POST', '1', 'admin', '', '/process/definition/upload', '127.0.0.1', 'IP', '{ }', '{\r\n  \"msg\" : \"\",\r\n  \"code\" : 0\r\n}', '0', null, '2019-10-09 10:37:03');
INSERT INTO `sys_oper_log` VALUES ('261', '', '1', 'com.ruoyi.process.definition.controller.ProcessDefinitionController.upload()', 'POST', '1', 'admin', '', '/process/definition/upload', '127.0.0.1', 'IP', '{ }', '{\r\n  \"msg\" : \" bpmn, bpmn20.xml, zip  bar \",\r\n  \"code\" : 500\r\n}', '0', null, '2019-10-09 13:47:24');
INSERT INTO `sys_oper_log` VALUES ('262', '', '1', 'com.ruoyi.process.definition.controller.ProcessDefinitionController.upload()', 'POST', '1', 'admin', '', '/process/definition/upload', '127.0.0.1', 'IP', '{ }', '{\r\n  \"msg\" : \" bpmn, bpmn20.xml, zip  bar \",\r\n  \"code\" : 500\r\n}', '0', null, '2019-10-10 10:45:34');
INSERT INTO `sys_oper_log` VALUES ('263', '', '6', 'com.ruoyi.generator.controller.GenController.importTableSave()', 'POST', '1', 'admin', '', '/tool/gen/importTable', '127.0.0.1', 'IP', '{\r\n  \"tables\" : [ \"biz_leave\" ]\r\n}', '{\r\n  \"msg\" : \"\",\r\n  \"code\" : 0\r\n}', '0', null, '2019-10-11 21:01:40');
INSERT INTO `sys_oper_log` VALUES ('264', '', '2', 'com.ruoyi.generator.controller.GenController.editSave()', 'POST', '1', 'admin', '', '/tool/gen/edit', '127.0.0.1', 'IP', '{\r\n  \"tableId\" : [ \"5\" ],\r\n  \"tableName\" : [ \"biz_leave\" ],\r\n  \"tableComment\" : [ \"\" ],\r\n  \"className\" : [ \"BizLeave\" ],\r\n  \"functionAuthor\" : [ \"Xianlu Tech\" ],\r\n  \"remark\" : [ \"\" ],\r\n  \"columns[0].columnId\" : [ \"35\" ],\r\n  \"columns[0].sort\" : [ \"1\" ],\r\n  \"columns[0].columnComment\" : [ \"ID\" ],\r\n  \"columns[0].javaType\" : [ \"Long\" ],\r\n  \"columns[0].javaField\" : [ \"id\" ],\r\n  \"columns[0].isInsert\" : [ \"1\" ],\r\n  \"columns[0].queryType\" : [ \"EQ\" ],\r\n  \"columns[0].htmlType\" : [ \"input\" ],\r\n  \"columns[0].dictType\" : [ \"\" ],\r\n  \"columns[1].columnId\" : [ \"36\" ],\r\n  \"columns[1].sort\" : [ \"2\" ],\r\n  \"columns[1].columnComment\" : [ \"\" ],\r\n  \"columns[1].javaType\" : [ \"String\" ],\r\n  \"columns[1].javaField\" : [ \"type\" ],\r\n  \"columns[1].isInsert\" : [ \"1\" ],\r\n  \"columns[1].isEdit\" : [ \"1\" ],\r\n  \"columns[1].isList\" : [ \"1\" ],\r\n  \"columns[1].isQuery\" : [ \"1\" ],\r\n  \"columns[1].queryType\" : [ \"EQ\" ],\r\n  \"columns[1].htmlType\" : [ \"select\" ],\r\n  \"columns[1].dictType\" : [ \"\" ],\r\n  \"columns[2].columnId\" : [ \"37\" ],\r\n  \"columns[2].sort\" : [ \"3\" ],\r\n  \"columns[2].columnComment\" : [ \"\" ],\r\n  \"columns[2].javaType\" : [ \"String\" ],\r\n  \"columns[2].javaField\" : [ \"title\" ],\r\n  \"columns[2].isInsert\" : [ \"1\" ],\r\n  \"columns[2].isEdit\" : [ \"1\" ],\r\n  \"columns[2].isList\" : [ \"1\" ],\r\n  \"columns[2].isQuery\" : [ \"1\" ],\r\n  \"columns[2].queryType\" : [ \"EQ\" ],\r\n  \"columns[2].htmlType\" : [ \"input\" ],\r\n  \"columns[2].dictType\" : [ \"\" ],\r\n  \"columns[3].columnId\" : [ \"38\" ],\r\n  \"columns[3].sort\" : [ \"4\" ],\r\n  \"columns[3].columnComment\" : [ \"\" ],\r\n  \"columns[3].javaType\" : [ \"String\" ],\r\n  \"columns[3].javaField\" : [ \"reason\" ],\r\n  \"columns[3].isInsert\" : [ \"1\" ],\r\n  \"columns[3].isEdit\" : [ \"1\" ],\r\n  \"columns[3].isList\" : [ \"1\" ],\r\n  \"columns[3].isQuery\" : [ \"1\" ],\r\n  \"columns[3].queryType\" : [ \"EQ\" ],\r\n  \"columns[3].htmlType\" : [ \"textarea\" ],\r\n  \"columns[3].dictType\" : [ \"\" ],\r\n  \"columns[4].columnId\" : [ \"39\" ],\r\n  \"columns[4].sort\" : [ \"5\" ],\r\n  \"columns[4].columnComment\" : [ \"\" ],\r\n  \"columns[4].ja', '{\r\n  \"msg\" : \"\",\r\n  \"code\" : 0\r\n}', '0', null, '2019-10-11 21:05:55');
INSERT INTO `sys_oper_log` VALUES ('265', '', '2', 'com.ruoyi.generator.controller.GenController.editSave()', 'POST', '1', 'admin', '', '/tool/gen/edit', '127.0.0.1', 'IP', '{\r\n  \"tableId\" : [ \"5\" ],\r\n  \"tableName\" : [ \"biz_leave\" ],\r\n  \"tableComment\" : [ \"\" ],\r\n  \"className\" : [ \"BizLeave\" ],\r\n  \"functionAuthor\" : [ \"Xianlu Tech\" ],\r\n  \"remark\" : [ \"\" ],\r\n  \"columns[0].columnId\" : [ \"35\" ],\r\n  \"columns[0].sort\" : [ \"1\" ],\r\n  \"columns[0].columnComment\" : [ \"ID\" ],\r\n  \"columns[0].javaType\" : [ \"Long\" ],\r\n  \"columns[0].javaField\" : [ \"id\" ],\r\n  \"columns[0].isInsert\" : [ \"1\" ],\r\n  \"columns[0].queryType\" : [ \"EQ\" ],\r\n  \"columns[0].htmlType\" : [ \"input\" ],\r\n  \"columns[0].dictType\" : [ \"\" ],\r\n  \"columns[1].columnId\" : [ \"36\" ],\r\n  \"columns[1].sort\" : [ \"2\" ],\r\n  \"columns[1].columnComment\" : [ \"\" ],\r\n  \"columns[1].javaType\" : [ \"String\" ],\r\n  \"columns[1].javaField\" : [ \"type\" ],\r\n  \"columns[1].isInsert\" : [ \"1\" ],\r\n  \"columns[1].isEdit\" : [ \"1\" ],\r\n  \"columns[1].isList\" : [ \"1\" ],\r\n  \"columns[1].isQuery\" : [ \"1\" ],\r\n  \"columns[1].queryType\" : [ \"EQ\" ],\r\n  \"columns[1].htmlType\" : [ \"select\" ],\r\n  \"columns[1].dictType\" : [ \"\" ],\r\n  \"columns[2].columnId\" : [ \"37\" ],\r\n  \"columns[2].sort\" : [ \"3\" ],\r\n  \"columns[2].columnComment\" : [ \"\" ],\r\n  \"columns[2].javaType\" : [ \"String\" ],\r\n  \"columns[2].javaField\" : [ \"title\" ],\r\n  \"columns[2].isInsert\" : [ \"1\" ],\r\n  \"columns[2].isEdit\" : [ \"1\" ],\r\n  \"columns[2].isList\" : [ \"1\" ],\r\n  \"columns[2].isQuery\" : [ \"1\" ],\r\n  \"columns[2].queryType\" : [ \"EQ\" ],\r\n  \"columns[2].htmlType\" : [ \"input\" ],\r\n  \"columns[2].dictType\" : [ \"\" ],\r\n  \"columns[3].columnId\" : [ \"38\" ],\r\n  \"columns[3].sort\" : [ \"4\" ],\r\n  \"columns[3].columnComment\" : [ \"\" ],\r\n  \"columns[3].javaType\" : [ \"String\" ],\r\n  \"columns[3].javaField\" : [ \"reason\" ],\r\n  \"columns[3].isInsert\" : [ \"1\" ],\r\n  \"columns[3].isEdit\" : [ \"1\" ],\r\n  \"columns[3].isList\" : [ \"1\" ],\r\n  \"columns[3].isQuery\" : [ \"1\" ],\r\n  \"columns[3].queryType\" : [ \"EQ\" ],\r\n  \"columns[3].htmlType\" : [ \"textarea\" ],\r\n  \"columns[3].dictType\" : [ \"\" ],\r\n  \"columns[4].columnId\" : [ \"39\" ],\r\n  \"columns[4].sort\" : [ \"5\" ],\r\n  \"columns[4].columnComment\" : [ \"\" ],\r\n  \"columns[4].', '{\r\n  \"msg\" : \"\",\r\n  \"code\" : 0\r\n}', '0', null, '2019-10-11 21:06:36');
INSERT INTO `sys_oper_log` VALUES ('266', '', '8', 'com.ruoyi.generator.controller.GenController.genCode()', 'GET', '1', 'admin', '', '/tool/gen/genCode/biz_leave', '127.0.0.1', 'IP', '{ }', 'null', '0', null, '2019-10-11 21:07:03');
INSERT INTO `sys_oper_log` VALUES ('267', '', '2', 'com.ruoyi.generator.controller.GenController.editSave()', 'POST', '1', 'admin', '', '/tool/gen/edit', '127.0.0.1', 'IP', '{\r\n  \"tableId\" : [ \"5\" ],\r\n  \"tableName\" : [ \"biz_leave\" ],\r\n  \"tableComment\" : [ \"\" ],\r\n  \"className\" : [ \"BizLeave\" ],\r\n  \"functionAuthor\" : [ \"Xianlu Tech\" ],\r\n  \"remark\" : [ \"\" ],\r\n  \"columns[0].columnId\" : [ \"35\" ],\r\n  \"columns[0].sort\" : [ \"1\" ],\r\n  \"columns[0].columnComment\" : [ \"ID\" ],\r\n  \"columns[0].javaType\" : [ \"Long\" ],\r\n  \"columns[0].javaField\" : [ \"id\" ],\r\n  \"columns[0].isInsert\" : [ \"1\" ],\r\n  \"columns[0].queryType\" : [ \"EQ\" ],\r\n  \"columns[0].htmlType\" : [ \"input\" ],\r\n  \"columns[0].dictType\" : [ \"\" ],\r\n  \"columns[1].columnId\" : [ \"36\" ],\r\n  \"columns[1].sort\" : [ \"2\" ],\r\n  \"columns[1].columnComment\" : [ \"\" ],\r\n  \"columns[1].javaType\" : [ \"String\" ],\r\n  \"columns[1].javaField\" : [ \"type\" ],\r\n  \"columns[1].isInsert\" : [ \"1\" ],\r\n  \"columns[1].isEdit\" : [ \"1\" ],\r\n  \"columns[1].isList\" : [ \"1\" ],\r\n  \"columns[1].isQuery\" : [ \"1\" ],\r\n  \"columns[1].queryType\" : [ \"EQ\" ],\r\n  \"columns[1].htmlType\" : [ \"select\" ],\r\n  \"columns[1].dictType\" : [ \"\" ],\r\n  \"columns[2].columnId\" : [ \"37\" ],\r\n  \"columns[2].sort\" : [ \"3\" ],\r\n  \"columns[2].columnComment\" : [ \"\" ],\r\n  \"columns[2].javaType\" : [ \"String\" ],\r\n  \"columns[2].javaField\" : [ \"title\" ],\r\n  \"columns[2].isInsert\" : [ \"1\" ],\r\n  \"columns[2].isEdit\" : [ \"1\" ],\r\n  \"columns[2].isList\" : [ \"1\" ],\r\n  \"columns[2].isQuery\" : [ \"1\" ],\r\n  \"columns[2].queryType\" : [ \"EQ\" ],\r\n  \"columns[2].htmlType\" : [ \"input\" ],\r\n  \"columns[2].dictType\" : [ \"\" ],\r\n  \"columns[3].columnId\" : [ \"38\" ],\r\n  \"columns[3].sort\" : [ \"4\" ],\r\n  \"columns[3].columnComment\" : [ \"\" ],\r\n  \"columns[3].javaType\" : [ \"String\" ],\r\n  \"columns[3].javaField\" : [ \"reason\" ],\r\n  \"columns[3].isInsert\" : [ \"1\" ],\r\n  \"columns[3].isEdit\" : [ \"1\" ],\r\n  \"columns[3].isList\" : [ \"1\" ],\r\n  \"columns[3].isQuery\" : [ \"1\" ],\r\n  \"columns[3].queryType\" : [ \"EQ\" ],\r\n  \"columns[3].htmlType\" : [ \"textarea\" ],\r\n  \"columns[3].dictType\" : [ \"\" ],\r\n  \"columns[4].columnId\" : [ \"39\" ],\r\n  \"columns[4].sort\" : [ \"5\" ],\r\n  \"columns[4].columnComment\" : [ \"\" ],\r\n  \"columns[4].', '{\r\n  \"msg\" : \"\",\r\n  \"code\" : 0\r\n}', '0', null, '2019-10-11 21:08:16');
INSERT INTO `sys_oper_log` VALUES ('268', '', '8', 'com.ruoyi.generator.controller.GenController.genCode()', 'GET', '1', 'admin', '', '/tool/gen/genCode/biz_leave', '127.0.0.1', 'IP', '{ }', 'null', '0', null, '2019-10-11 21:08:20');
INSERT INTO `sys_oper_log` VALUES ('269', '', '2', 'com.ruoyi.web.controller.system.SysMenuController.editSave()', 'POST', '1', 'admin', null, '/system/menu/edit', '127.0.0.1', 'IP', '{\r\n  \"menuId\" : [ \"2018\" ],\r\n  \"parentId\" : [ \"2017\" ],\r\n  \"menuType\" : [ \"C\" ],\r\n  \"menuName\" : [ \"\" ],\r\n  \"url\" : [ \"/process/leave\" ],\r\n  \"target\" : [ \"menuItem\" ],\r\n  \"perms\" : [ \"process:leave:view\" ],\r\n  \"orderNum\" : [ \"1\" ],\r\n  \"icon\" : [ \"#\" ],\r\n  \"visible\" : [ \"0\" ]\r\n}', '{\r\n  \"msg\" : \"\",\r\n  \"code\" : 0\r\n}', '0', null, '2019-10-11 21:13:15');
INSERT INTO `sys_oper_log` VALUES ('270', '', '1', 'com.ruoyi.web.controller.system.SysDictTypeController.addSave()', 'POST', '1', 'admin', '', '/system/dict/add', '127.0.0.1', 'IP', '{\r\n  \"dictName\" : [ \"\" ],\r\n  \"dictType\" : [ \"biz_leave_type\" ],\r\n  \"status\" : [ \"0\" ],\r\n  \"remark\" : [ \"\" ]\r\n}', '{\r\n  \"msg\" : \"\",\r\n  \"code\" : 0\r\n}', '0', null, '2019-10-11 21:47:15');
INSERT INTO `sys_oper_log` VALUES ('271', '', '2', 'com.ruoyi.web.controller.system.SysDictTypeController.editSave()', 'POST', '1', 'admin', '', '/system/dict/edit', '127.0.0.1', 'IP', '{\r\n  \"dictId\" : [ \"11\" ],\r\n  \"dictName\" : [ \"\" ],\r\n  \"dictType\" : [ \"biz_leave_type\" ],\r\n  \"status\" : [ \"0\" ],\r\n  \"remark\" : [ \"\" ]\r\n}', '{\r\n  \"msg\" : \"\",\r\n  \"code\" : 0\r\n}', '0', null, '2019-10-11 21:47:30');
INSERT INTO `sys_oper_log` VALUES ('272', '', '1', 'com.ruoyi.web.controller.system.SysDictDataController.addSave()', 'POST', '1', 'admin', '', '/system/dict/data/add', '127.0.0.1', 'IP', '{\r\n  \"dictLabel\" : [ \"\" ],\r\n  \"dictValue\" : [ \"1\" ],\r\n  \"dictType\" : [ \"biz_leave_type\" ],\r\n  \"cssClass\" : [ \"\" ],\r\n  \"dictSort\" : [ \"1\" ],\r\n  \"listClass\" : [ \"\" ],\r\n  \"isDefault\" : [ \"Y\" ],\r\n  \"status\" : [ \"0\" ],\r\n  \"remark\" : [ \"\" ]\r\n}', '{\r\n  \"msg\" : \"\",\r\n  \"code\" : 0\r\n}', '0', null, '2019-10-11 21:48:39');
INSERT INTO `sys_oper_log` VALUES ('273', '', '1', 'com.ruoyi.web.controller.system.SysDictDataController.addSave()', 'POST', '1', 'admin', '', '/system/dict/data/add', '127.0.0.1', 'IP', '{\r\n  \"dictLabel\" : [ \"\" ],\r\n  \"dictValue\" : [ \"1\" ],\r\n  \"dictType\" : [ \"biz_leave_type\" ],\r\n  \"cssClass\" : [ \"\" ],\r\n  \"dictSort\" : [ \"2\" ],\r\n  \"listClass\" : [ \"\" ],\r\n  \"isDefault\" : [ \"Y\" ],\r\n  \"status\" : [ \"0\" ],\r\n  \"remark\" : [ \"\" ]\r\n}', '{\r\n  \"msg\" : \"\",\r\n  \"code\" : 0\r\n}', '0', null, '2019-10-11 21:49:00');
INSERT INTO `sys_oper_log` VALUES ('274', '', '2', 'com.ruoyi.web.controller.system.SysDictDataController.editSave()', 'POST', '1', 'admin', '', '/system/dict/data/edit', '127.0.0.1', 'IP', '{\r\n  \"dictCode\" : [ \"30\" ],\r\n  \"dictLabel\" : [ \"\" ],\r\n  \"dictValue\" : [ \"0\" ],\r\n  \"dictType\" : [ \"biz_leave_type\" ],\r\n  \"cssClass\" : [ \"\" ],\r\n  \"dictSort\" : [ \"2\" ],\r\n  \"listClass\" : [ \"\" ],\r\n  \"isDefault\" : [ \"Y\" ],\r\n  \"status\" : [ \"0\" ],\r\n  \"remark\" : [ \"\" ]\r\n}', '{\r\n  \"msg\" : \"\",\r\n  \"code\" : 0\r\n}', '0', null, '2019-10-11 21:49:07');
INSERT INTO `sys_oper_log` VALUES ('275', '', '2', 'com.ruoyi.web.controller.system.SysDictDataController.editSave()', 'POST', '1', 'admin', '', '/system/dict/data/edit', '127.0.0.1', 'IP', '{\r\n  \"dictCode\" : [ \"29\" ],\r\n  \"dictLabel\" : [ \"\" ],\r\n  \"dictValue\" : [ \"0\" ],\r\n  \"dictType\" : [ \"biz_leave_type\" ],\r\n  \"cssClass\" : [ \"\" ],\r\n  \"dictSort\" : [ \"1\" ],\r\n  \"listClass\" : [ \"\" ],\r\n  \"isDefault\" : [ \"Y\" ],\r\n  \"status\" : [ \"0\" ],\r\n  \"remark\" : [ \"\" ]\r\n}', '{\r\n  \"msg\" : \"\",\r\n  \"code\" : 0\r\n}', '0', null, '2019-10-11 21:49:18');
INSERT INTO `sys_oper_log` VALUES ('276', '', '2', 'com.ruoyi.web.controller.system.SysDictDataController.editSave()', 'POST', '1', 'admin', '', '/system/dict/data/edit', '127.0.0.1', 'IP', '{\r\n  \"dictCode\" : [ \"30\" ],\r\n  \"dictLabel\" : [ \"\" ],\r\n  \"dictValue\" : [ \"1\" ],\r\n  \"dictType\" : [ \"biz_leave_type\" ],\r\n  \"cssClass\" : [ \"\" ],\r\n  \"dictSort\" : [ \"2\" ],\r\n  \"listClass\" : [ \"\" ],\r\n  \"isDefault\" : [ \"Y\" ],\r\n  \"status\" : [ \"0\" ],\r\n  \"remark\" : [ \"\" ]\r\n}', '{\r\n  \"msg\" : \"\",\r\n  \"code\" : 0\r\n}', '0', null, '2019-10-11 21:49:24');
INSERT INTO `sys_oper_log` VALUES ('277', '', '1', 'com.ruoyi.process.web.controller.process.BizLeaveController.addSave()', 'POST', '1', 'admin', '', '/process/leave/add', '127.0.0.1', 'IP', '{\r\n  \"type\" : [ \"0\" ],\r\n  \"title\" : [ \"\" ],\r\n  \"reason\" : [ \"\" ],\r\n  \"startTime\" : [ \"2019-10-12\" ],\r\n  \"endTime\" : [ \"2019-10-13\" ],\r\n  \"totalTime\" : [ \"\" ],\r\n  \"instanceId\" : [ \"\" ]\r\n}', '{\r\n  \"msg\" : \"\",\r\n  \"code\" : 0\r\n}', '0', null, '2019-10-11 21:58:31');
INSERT INTO `sys_oper_log` VALUES ('278', '', '3', 'com.ruoyi.process.definition.controller.ProcessDefinitionController.remove()', 'POST', '1', 'admin', '', '/process/definition/remove', '127.0.0.1', 'IP', '{\r\n  \"ids\" : [ \"5001\" ]\r\n}', '{\r\n  \"msg\" : \"\\r\\n### Error updating database.  Cause: java.sql.SQLIntegrityConstraintViolationException: Cannot delete or update a parent row: a foreign key constraint fails (`ry`.`act_ru_execution`, CONSTRAINT `ACT_FK_EXE_PROCDEF` FOREIGN KEY (`PROC_DEF_ID_`) REFERENCES `act_re_procdef` (`ID_`))\\r\\n### The error may involve org.activiti.engine.impl.persistence.entity.ProcessDefinitionEntityImpl.deleteProcessDefinitionsByDeploymentId-Inline\\r\\n### The error occurred while setting parameters\\r\\n### SQL: delete from ACT_RE_PROCDEF where DEPLOYMENT_ID_ = ?\\r\\n### Cause: java.sql.SQLIntegrityConstraintViolationException: Cannot delete or update a parent row: a foreign key constraint fails (`ry`.`act_ru_execution`, CONSTRAINT `ACT_FK_EXE_PROCDEF` FOREIGN KEY (`PROC_DEF_ID_`) REFERENCES `act_re_procdef` (`ID_`))\",\r\n  \"code\" : 500\r\n}', '0', null, '2019-10-12 11:06:59');
INSERT INTO `sys_oper_log` VALUES ('279', '', '3', 'com.ruoyi.process.definition.controller.ProcessDefinitionController.remove()', 'POST', '1', 'admin', '', '/process/definition/remove', '127.0.0.1', 'IP', '{\r\n  \"ids\" : [ \"5001\" ]\r\n}', '{\r\n  \"msg\" : \"\",\r\n  \"code\" : 0\r\n}', '0', null, '2019-10-12 11:16:42');
INSERT INTO `sys_oper_log` VALUES ('280', '', '3', 'com.ruoyi.process.definition.controller.ProcessDefinitionController.remove()', 'POST', '1', 'admin', '', '/process/definition/remove', '127.0.0.1', 'IP', '{\r\n  \"ids\" : [ \"1\" ]\r\n}', '{\r\n  \"msg\" : \"\",\r\n  \"code\" : 0\r\n}', '0', null, '2019-10-12 11:17:15');
INSERT INTO `sys_oper_log` VALUES ('281', '', '3', 'com.ruoyi.process.definition.controller.ProcessDefinitionController.remove()', 'POST', '1', 'admin', '', '/process/definition/remove', '127.0.0.1', 'IP', '{\r\n  \"ids\" : [ \"17517,17513,17509,17505,17501,12501,7509,7505,7501,27501\" ]\r\n}', '{\r\n  \"msg\" : \"\",\r\n  \"code\" : 0\r\n}', '0', null, '2019-10-12 11:17:25');
INSERT INTO `sys_oper_log` VALUES ('282', '', '1', 'com.ruoyi.process.definition.controller.ProcessDefinitionController.upload()', 'POST', '1', 'admin', '', '/process/definition/upload', '127.0.0.1', 'IP', '{ }', '{\r\n  \"msg\" : \"\",\r\n  \"code\" : 0\r\n}', '0', null, '2019-10-12 11:23:16');
INSERT INTO `sys_oper_log` VALUES ('283', '', '2', 'com.ruoyi.process.web.controller.process.BizLeaveController.submitApply()', 'POST', '1', 'admin', '', '/process/leave/submitApply', '127.0.0.1', 'IP', '{\r\n  \"id\" : [ \"1\" ]\r\n}', '{\r\n  \"msg\" : \"\",\r\n  \"code\" : 0\r\n}', '0', null, '2019-10-12 15:42:41');
INSERT INTO `sys_oper_log` VALUES ('284', '', '1', 'com.ruoyi.process.web.controller.process.BizLeaveController.addSave()', 'POST', '1', 'admin', '', '/process/leave/add', '127.0.0.1', 'IP', '{\r\n  \"type\" : [ \"1\" ],\r\n  \"title\" : [ \"\" ],\r\n  \"reason\" : [ \"\" ],\r\n  \"startTime\" : [ \"2019-10-13\" ],\r\n  \"endTime\" : [ \"2019-10-14\" ],\r\n  \"totalTime\" : [ \"\" ],\r\n  \"instanceId\" : [ \"\" ]\r\n}', '{\r\n  \"msg\" : \"\",\r\n  \"code\" : 0\r\n}', '0', null, '2019-10-12 15:48:39');
INSERT INTO `sys_oper_log` VALUES ('285', '', '2', 'com.ruoyi.process.web.controller.process.BizLeaveController.submitApply()', 'POST', '1', 'admin', '', '/process/leave/submitApply', '127.0.0.1', 'IP', '{\r\n  \"id\" : [ \"2\" ]\r\n}', '{\r\n  \"msg\" : \"\",\r\n  \"code\" : 0\r\n}', '0', null, '2019-10-12 16:04:10');
INSERT INTO `sys_oper_log` VALUES ('286', '', '3', 'com.ruoyi.process.definition.controller.ProcessDefinitionController.remove()', 'POST', '1', 'admin', null, '/process/definition/remove', '127.0.0.1', 'IP', '{\r\n  \"ids\" : [ \"32501\" ]\r\n}', '{\r\n  \"msg\" : \"\",\r\n  \"code\" : 0\r\n}', '0', null, '2019-10-12 16:11:52');
INSERT INTO `sys_oper_log` VALUES ('287', '', '2', 'com.ruoyi.web.controller.system.SysMenuController.editSave()', 'POST', '1', 'admin', null, '/system/menu/edit', '127.0.0.1', 'IP', '{\r\n  \"menuId\" : [ \"2018\" ],\r\n  \"parentId\" : [ \"2017\" ],\r\n  \"menuType\" : [ \"C\" ],\r\n  \"menuName\" : [ \"\" ],\r\n  \"url\" : [ \"/process/leave\" ],\r\n  \"target\" : [ \"menuItem\" ],\r\n  \"perms\" : [ \"process:leave:view\" ],\r\n  \"orderNum\" : [ \"1\" ],\r\n  \"icon\" : [ \"#\" ],\r\n  \"visible\" : [ \"0\" ]\r\n}', '{\r\n  \"msg\" : \"\",\r\n  \"code\" : 0\r\n}', '0', null, '2019-10-12 16:19:34');
INSERT INTO `sys_oper_log` VALUES ('288', '', '1', 'com.ruoyi.web.controller.system.SysMenuController.addSave()', 'POST', '1', 'admin', null, '/system/menu/add', '127.0.0.1', 'IP', '{\r\n  \"parentId\" : [ \"2017\" ],\r\n  \"menuType\" : [ \"M\" ],\r\n  \"menuName\" : [ \"\" ],\r\n  \"url\" : [ \"\" ],\r\n  \"target\" : [ \"menuItem\" ],\r\n  \"perms\" : [ \"\" ],\r\n  \"orderNum\" : [ \"1\" ],\r\n  \"icon\" : [ \"#\" ],\r\n  \"visible\" : [ \"0\" ]\r\n}', '{\r\n  \"msg\" : \"\",\r\n  \"code\" : 0\r\n}', '0', null, '2019-10-12 16:19:49');
INSERT INTO `sys_oper_log` VALUES ('289', '', '2', 'com.ruoyi.web.controller.system.SysMenuController.editSave()', 'POST', '1', 'admin', null, '/system/menu/edit', '127.0.0.1', 'IP', '{\r\n  \"menuId\" : [ \"2018\" ],\r\n  \"parentId\" : [ \"2024\" ],\r\n  \"menuType\" : [ \"C\" ],\r\n  \"menuName\" : [ \"\" ],\r\n  \"url\" : [ \"/process/leave\" ],\r\n  \"target\" : [ \"menuItem\" ],\r\n  \"perms\" : [ \"process:leave:view\" ],\r\n  \"orderNum\" : [ \"1\" ],\r\n  \"icon\" : [ \"#\" ],\r\n  \"visible\" : [ \"0\" ]\r\n}', '{\r\n  \"msg\" : \"\",\r\n  \"code\" : 0\r\n}', '0', null, '2019-10-12 16:20:07');
INSERT INTO `sys_oper_log` VALUES ('290', '', '1', 'com.ruoyi.web.controller.system.SysMenuController.addSave()', 'POST', '1', 'admin', '', '/system/menu/add', '127.0.0.1', 'IP', '{\r\n  \"parentId\" : [ \"2024\" ],\r\n  \"menuType\" : [ \"C\" ],\r\n  \"menuName\" : [ \"\" ],\r\n  \"url\" : [ \"/process/leaveTodo\" ],\r\n  \"target\" : [ \"menuItem\" ],\r\n  \"perms\" : [ \"process:leave:leaveTodo\" ],\r\n  \"orderNum\" : [ \"2\" ],\r\n  \"icon\" : [ \"#\" ],\r\n  \"visible\" : [ \"0\" ]\r\n}', '{\r\n  \"msg\" : \"\",\r\n  \"code\" : 0\r\n}', '0', null, '2019-10-12 16:34:43');
INSERT INTO `sys_oper_log` VALUES ('291', '', '2', 'com.ruoyi.web.controller.system.SysMenuController.editSave()', 'POST', '1', 'admin', '', '/system/menu/edit', '127.0.0.1', 'IP', '{\r\n  \"menuId\" : [ \"2025\" ],\r\n  \"parentId\" : [ \"2024\" ],\r\n  \"menuType\" : [ \"C\" ],\r\n  \"menuName\" : [ \"\" ],\r\n  \"url\" : [ \"/process/leaveTodo\" ],\r\n  \"target\" : [ \"menuItem\" ],\r\n  \"perms\" : [ \"process:leaveTodo:view\" ],\r\n  \"orderNum\" : [ \"2\" ],\r\n  \"icon\" : [ \"#\" ],\r\n  \"visible\" : [ \"0\" ]\r\n}', '{\r\n  \"msg\" : \"\",\r\n  \"code\" : 0\r\n}', '0', null, '2019-10-12 16:35:42');
INSERT INTO `sys_oper_log` VALUES ('292', '', '2', 'com.ruoyi.web.controller.system.SysMenuController.editSave()', 'POST', '1', 'admin', '', '/system/menu/edit', '127.0.0.1', 'IP', '{\r\n  \"menuId\" : [ \"2025\" ],\r\n  \"parentId\" : [ \"2024\" ],\r\n  \"menuType\" : [ \"C\" ],\r\n  \"menuName\" : [ \"\" ],\r\n  \"url\" : [ \"/process/leave/leaveTodo\" ],\r\n  \"target\" : [ \"menuItem\" ],\r\n  \"perms\" : [ \"process:leave:todoView\" ],\r\n  \"orderNum\" : [ \"2\" ],\r\n  \"icon\" : [ \"#\" ],\r\n  \"visible\" : [ \"0\" ]\r\n}', '{\r\n  \"msg\" : \"\",\r\n  \"code\" : 0\r\n}', '0', null, '2019-10-12 16:45:52');
INSERT INTO `sys_oper_log` VALUES ('293', '', '2', 'com.ruoyi.web.controller.system.SysRoleController.editSave()', 'POST', '1', 'admin', '', '/system/role/edit', '127.0.0.1', 'IP', '{\r\n  \"roleId\" : [ \"101\" ],\r\n  \"roleName\" : [ \"\" ],\r\n  \"roleKey\" : [ \"processRole\" ],\r\n  \"roleSort\" : [ \"4\" ],\r\n  \"status\" : [ \"0\" ],\r\n  \"remark\" : [ \"\" ],\r\n  \"menuIds\" : [ \"2000,2001,2002,2017,2024,2018,2019,2020,2021,2022,2023,2025\" ]\r\n}', '{\r\n  \"msg\" : \"\",\r\n  \"code\" : 0\r\n}', '0', null, '2019-10-12 16:47:09');
INSERT INTO `sys_oper_log` VALUES ('294', '', '1', 'com.ruoyi.web.controller.system.SysMenuController.addSave()', 'POST', '1', 'admin', '', '/system/menu/add', '127.0.0.1', 'IP', '{\r\n  \"parentId\" : [ \"2025\" ],\r\n  \"menuType\" : [ \"F\" ],\r\n  \"menuName\" : [ \"\" ],\r\n  \"url\" : [ \"\" ],\r\n  \"target\" : [ \"menuItem\" ],\r\n  \"perms\" : [ \"process:leave:taskList\" ],\r\n  \"orderNum\" : [ \"1\" ],\r\n  \"icon\" : [ \"\" ],\r\n  \"visible\" : [ \"0\" ]\r\n}', '{\r\n  \"msg\" : \"\",\r\n  \"code\" : 0\r\n}', '0', null, '2019-10-12 16:48:56');
INSERT INTO `sys_oper_log` VALUES ('295', '', '2', 'com.ruoyi.web.controller.system.SysRoleController.editSave()', 'POST', '1', 'admin', '', '/system/role/edit', '127.0.0.1', 'IP', '{\r\n  \"roleId\" : [ \"101\" ],\r\n  \"roleName\" : [ \"\" ],\r\n  \"roleKey\" : [ \"processRole\" ],\r\n  \"roleSort\" : [ \"4\" ],\r\n  \"status\" : [ \"0\" ],\r\n  \"remark\" : [ \"\" ],\r\n  \"menuIds\" : [ \"2000,2001,2002,2017,2024,2018,2019,2020,2021,2022,2023,2025,2026\" ]\r\n}', '{\r\n  \"msg\" : \"\",\r\n  \"code\" : 0\r\n}', '0', null, '2019-10-12 16:50:56');
INSERT INTO `sys_oper_log` VALUES ('296', '', '1', 'com.ruoyi.process.web.controller.process.BizLeaveController.addSave()', 'POST', '1', 'admin', '', '/process/leave/add', '127.0.0.1', 'IP', '{\r\n  \"type\" : [ \"0\" ],\r\n  \"title\" : [ \"\" ],\r\n  \"reason\" : [ \"\" ],\r\n  \"startTime\" : [ \"2019-10-13\" ],\r\n  \"endTime\" : [ \"2019-10-20\" ],\r\n  \"totalTime\" : [ \"\" ],\r\n  \"instanceId\" : [ \"\" ]\r\n}', '{\r\n  \"msg\" : \"\",\r\n  \"code\" : 0\r\n}', '0', null, '2019-10-12 17:01:58');
INSERT INTO `sys_oper_log` VALUES ('297', '', '2', 'com.ruoyi.web.controller.system.SysDictDataController.editSave()', 'POST', '1', 'admin', '', '/system/dict/data/edit', '127.0.0.1', 'IP', '{\r\n  \"dictCode\" : [ \"29\" ],\r\n  \"dictLabel\" : [ \"\" ],\r\n  \"dictValue\" : [ \"0\" ],\r\n  \"dictType\" : [ \"biz_leave_type\" ],\r\n  \"cssClass\" : [ \"\" ],\r\n  \"dictSort\" : [ \"1\" ],\r\n  \"listClass\" : [ \"info\" ],\r\n  \"isDefault\" : [ \"Y\" ],\r\n  \"status\" : [ \"0\" ],\r\n  \"remark\" : [ \"\" ]\r\n}', '{\r\n  \"msg\" : \"\",\r\n  \"code\" : 0\r\n}', '0', null, '2019-10-12 17:12:43');
INSERT INTO `sys_oper_log` VALUES ('298', '', '2', 'com.ruoyi.web.controller.system.SysDictDataController.editSave()', 'POST', '1', 'admin', '', '/system/dict/data/edit', '127.0.0.1', 'IP', '{\r\n  \"dictCode\" : [ \"30\" ],\r\n  \"dictLabel\" : [ \"\" ],\r\n  \"dictValue\" : [ \"1\" ],\r\n  \"dictType\" : [ \"biz_leave_type\" ],\r\n  \"cssClass\" : [ \"\" ],\r\n  \"dictSort\" : [ \"2\" ],\r\n  \"listClass\" : [ \"success\" ],\r\n  \"isDefault\" : [ \"Y\" ],\r\n  \"status\" : [ \"0\" ],\r\n  \"remark\" : [ \"\" ]\r\n}', '{\r\n  \"msg\" : \"\",\r\n  \"code\" : 0\r\n}', '0', null, '2019-10-12 17:12:50');
INSERT INTO `sys_oper_log` VALUES ('299', '', '3', 'com.ruoyi.process.definition.controller.ProcessDefinitionController.remove()', 'POST', '1', 'admin', '', '/process/definition/remove', '127.0.0.1', 'IP', '{\r\n  \"ids\" : [ \"40001\" ]\r\n}', '{\r\n  \"msg\" : \"\",\r\n  \"code\" : 0\r\n}', '0', null, '2019-10-12 19:26:14');
INSERT INTO `sys_oper_log` VALUES ('300', '', '3', 'com.ruoyi.process.definition.controller.ProcessDefinitionController.remove()', 'POST', '1', 'admin', '', '/process/definition/remove', '127.0.0.1', 'IP', '{\r\n  \"ids\" : [ \"30001\" ]\r\n}', '{\r\n  \"msg\" : \"\",\r\n  \"code\" : 0\r\n}', '0', null, '2019-10-12 19:26:18');
INSERT INTO `sys_oper_log` VALUES ('301', '', '2', 'com.ruoyi.process.web.controller.process.BizLeaveController.submitApply()', 'POST', '1', 'admin', '', '/process/leave/submitApply', '127.0.0.1', 'IP', '{\r\n  \"id\" : [ \"3\" ]\r\n}', 'null', '1', 'no processes deployed with key \'leave\'', '2019-10-12 19:26:37');
INSERT INTO `sys_oper_log` VALUES ('302', '', '3', 'com.ruoyi.process.web.controller.process.BizLeaveController.remove()', 'POST', '1', 'admin', '', '/process/leave/remove', '127.0.0.1', 'IP', '{\r\n  \"ids\" : [ \"3\" ]\r\n}', '{\r\n  \"msg\" : \"\",\r\n  \"code\" : 0\r\n}', '0', null, '2019-10-12 19:27:32');
INSERT INTO `sys_oper_log` VALUES ('303', '', '1', 'com.ruoyi.process.web.controller.process.BizLeaveController.addSave()', 'POST', '1', 'chengxy', '', '/process/leave/add', '127.0.0.1', 'IP', '{\r\n  \"type\" : [ \"0\" ],\r\n  \"title\" : [ \"\" ],\r\n  \"reason\" : [ \"\" ],\r\n  \"startTime\" : [ \"2019-10-12 20:00\" ],\r\n  \"endTime\" : [ \"2019-10-14 01:00\" ],\r\n  \"totalTime\" : [ \"\" ]\r\n}', '{\r\n  \"msg\" : \"\",\r\n  \"code\" : 0\r\n}', '0', null, '2019-10-12 20:00:55');
INSERT INTO `sys_oper_log` VALUES ('304', '', '2', 'com.ruoyi.process.web.controller.process.BizLeaveController.editSave()', 'POST', '1', 'chengxy', '', '/process/leave/edit', '127.0.0.1', 'IP', '{\r\n  \"id\" : [ \"4\" ],\r\n  \"type\" : [ \"\" ],\r\n  \"title\" : [ \"\" ],\r\n  \"reason\" : [ \"\" ],\r\n  \"startTime\" : [ \"2019-10-12\" ],\r\n  \"endTime\" : [ \"2019-10-14\" ],\r\n  \"totalTime\" : [ \"100\" ]\r\n}', '{\r\n  \"msg\" : \"\",\r\n  \"code\" : 0\r\n}', '0', null, '2019-10-12 20:01:13');
INSERT INTO `sys_oper_log` VALUES ('305', '', '2', 'com.ruoyi.process.web.controller.process.BizLeaveController.submitApply()', 'POST', '1', 'chengxy', '', '/process/leave/submitApply', '127.0.0.1', 'IP', '{\r\n  \"id\" : [ \"4\" ]\r\n}', 'null', '1', 'no processes deployed with key \'leave\'', '2019-10-12 20:02:09');
INSERT INTO `sys_oper_log` VALUES ('306', '', '1', 'com.ruoyi.process.definition.controller.ProcessDefinitionController.upload()', 'POST', '1', 'admin', '', '/process/definition/upload', '127.0.0.1', 'IP', '{ }', '{\r\n  \"msg\" : \"\",\r\n  \"code\" : 0\r\n}', '0', null, '2019-10-12 20:02:24');
INSERT INTO `sys_oper_log` VALUES ('307', '', '2', 'com.ruoyi.process.web.controller.process.BizLeaveController.submitApply()', 'POST', '1', 'chengxy', '', '/process/leave/submitApply', '127.0.0.1', 'IP', '{\r\n  \"id\" : [ \"4\" ]\r\n}', '{\r\n  \"msg\" : \"\",\r\n  \"code\" : 0\r\n}', '0', null, '2019-10-12 20:02:35');
INSERT INTO `sys_oper_log` VALUES ('308', '', '1', 'com.ruoyi.process.web.controller.process.BizLeaveController.addSave()', 'POST', '1', 'admin', '', '/process/leave/add', '127.0.0.1', 'IP', '{\r\n  \"type\" : [ \"1\" ],\r\n  \"title\" : [ \"DVD\" ],\r\n  \"reason\" : [ \"\" ],\r\n  \"startTime\" : [ \"2019-10-14 10:15\" ],\r\n  \"endTime\" : [ \"2019-10-15 00:00\" ],\r\n  \"totalTime\" : [ \"\" ]\r\n}', '{\r\n  \"msg\" : \"\",\r\n  \"code\" : 0\r\n}', '0', null, '2019-10-14 10:18:45');
INSERT INTO `sys_oper_log` VALUES ('309', '', '1', 'com.ruoyi.process.web.controller.process.BizLeaveController.addSave()', 'POST', '1', 'admin', '', '/process/leave/add', '127.0.0.1', 'IP', '{\r\n  \"type\" : [ \"0\" ],\r\n  \"title\" : [ \"\" ],\r\n  \"reason\" : [ \"\" ],\r\n  \"startTime\" : [ \"2019-10-14 11:30\" ],\r\n  \"endTime\" : [ \"2019-10-16 00:00\" ],\r\n  \"totalTime\" : [ \"131400\" ],\r\n  \"totalTimeText\" : [ \"1  12  30 \" ]\r\n}', '{\r\n  \"msg\" : \"\",\r\n  \"code\" : 0\r\n}', '0', null, '2019-10-14 11:33:04');
INSERT INTO `sys_oper_log` VALUES ('310', '', '2', 'com.ruoyi.process.web.controller.process.BizLeaveController.editSave()', 'POST', '1', 'admin', '', '/process/leave/edit', '127.0.0.1', 'IP', '{\r\n  \"id\" : [ \"5\" ],\r\n  \"type\" : [ \"1\" ],\r\n  \"title\" : [ \"DVD\" ],\r\n  \"reason\" : [ \"\" ],\r\n  \"startTime\" : [ \"2019-10-14 10:15\" ],\r\n  \"endTime\" : [ \"2019-10-15 00:00\" ],\r\n  \"totalTime\" : [ \"49500\" ],\r\n  \"totalTimeText\" : [ \"0  13  45  0 \" ]\r\n}', '{\r\n  \"msg\" : \"\",\r\n  \"code\" : 0\r\n}', '0', null, '2019-10-14 14:01:21');
INSERT INTO `sys_oper_log` VALUES ('311', '', '2', 'com.ruoyi.process.web.controller.process.BizLeaveController.submitApply()', 'POST', '1', 'chengxy', '', '/process/leave/submitApply', '127.0.0.1', 'IP', '{\r\n  \"id\" : [ \"5\" ]\r\n}', '{\r\n  \"msg\" : \"\",\r\n  \"code\" : 0\r\n}', '0', null, '2019-10-14 17:09:20');
INSERT INTO `sys_oper_log` VALUES ('312', '', '2', 'com.ruoyi.web.controller.system.SysRoleController.editSave()', 'POST', '1', 'admin', '', '/system/role/edit', '127.0.0.1', 'IP', '{\r\n  \"roleId\" : [ \"101\" ],\r\n  \"roleName\" : [ \"\" ],\r\n  \"roleKey\" : [ \"processRole\" ],\r\n  \"roleSort\" : [ \"4\" ],\r\n  \"status\" : [ \"0\" ],\r\n  \"remark\" : [ \"\" ],\r\n  \"menuIds\" : [ \"2017,2024,2018,2019,2020,2021,2022,2023,2025,2026\" ]\r\n}', '{\r\n  \"msg\" : \"\",\r\n  \"code\" : 0\r\n}', '0', null, '2019-10-15 11:25:52');
INSERT INTO `sys_oper_log` VALUES ('313', '', '2', 'com.ruoyi.process.web.controller.process.BizLeaveController.editSave()', 'POST', '1', 'chengxy', '', '/process/leave/edit', '127.0.0.1', 'IP', '{\r\n  \"id\" : [ \"5\" ],\r\n  \"saveEntity\" : [ \"true\" ],\r\n  \"applyUserName\" : [ \"\" ],\r\n  \"applyTime\" : [ \"2019-10-14 17:09\" ],\r\n  \"type\" : [ \"1\" ],\r\n  \"title\" : [ \"DVD\" ],\r\n  \"reason\" : [ \"\" ],\r\n  \"startTime\" : [ \"2019-10-14 10:15\" ],\r\n  \"endTime\" : [ \"2019-10-15 00:00\" ],\r\n  \"totalTime\" : [ \"49500\" ],\r\n  \"totalTimeText\" : [ \"0  13  45  0 \" ],\r\n  \"p_B_reApply\" : [ \"true\" ]\r\n}', '{\r\n  \"msg\" : \"\",\r\n  \"code\" : 0\r\n}', '0', null, '2019-10-15 14:56:12');
INSERT INTO `sys_oper_log` VALUES ('314', '', '3', 'com.ruoyi.process.definition.controller.ProcessDefinitionController.remove()', 'POST', '1', 'admin', '', '/process/definition/remove', '127.0.0.1', 'IP', '{\r\n  \"ids\" : [ \"45001\" ]\r\n}', '{\r\n  \"msg\" : \"\",\r\n  \"code\" : 0\r\n}', '0', null, '2019-10-16 11:38:22');
INSERT INTO `sys_oper_log` VALUES ('315', '', '1', 'com.ruoyi.web.controller.system.SysMenuController.addSave()', 'POST', '1', 'admin', '', '/system/menu/add', '127.0.0.1', 'IP', '{\r\n  \"parentId\" : [ \"2024\" ],\r\n  \"menuType\" : [ \"C\" ],\r\n  \"menuName\" : [ \"\" ],\r\n  \"url\" : [ \"/process/leave/leaveDone\" ],\r\n  \"target\" : [ \"menuItem\" ],\r\n  \"perms\" : [ \"process:leave:leaveDone\" ],\r\n  \"orderNum\" : [ \"3\" ],\r\n  \"icon\" : [ \"\" ],\r\n  \"visible\" : [ \"0\" ]\r\n}', '{\r\n  \"msg\" : \"\",\r\n  \"code\" : 0\r\n}', '0', null, '2019-10-17 19:24:49');
INSERT INTO `sys_oper_log` VALUES ('316', '', '2', 'com.ruoyi.web.controller.system.SysMenuController.editSave()', 'POST', '1', 'admin', '', '/system/menu/edit', '127.0.0.1', 'IP', '{\r\n  \"menuId\" : [ \"2027\" ],\r\n  \"parentId\" : [ \"2024\" ],\r\n  \"menuType\" : [ \"C\" ],\r\n  \"menuName\" : [ \"\" ],\r\n  \"url\" : [ \"/process/leave/leaveDone\" ],\r\n  \"target\" : [ \"menuItem\" ],\r\n  \"perms\" : [ \"process:leave:doneView\" ],\r\n  \"orderNum\" : [ \"3\" ],\r\n  \"icon\" : [ \"#\" ],\r\n  \"visible\" : [ \"0\" ]\r\n}', '{\r\n  \"msg\" : \"\",\r\n  \"code\" : 0\r\n}', '0', null, '2019-10-17 19:25:06');
INSERT INTO `sys_oper_log` VALUES ('317', '', '1', 'com.ruoyi.web.controller.system.SysMenuController.addSave()', 'POST', '1', 'admin', null, '/system/menu/add', '127.0.0.1', 'IP', '{\r\n  \"parentId\" : [ \"2027\" ],\r\n  \"menuType\" : [ \"F\" ],\r\n  \"menuName\" : [ \"\" ],\r\n  \"url\" : [ \"\" ],\r\n  \"target\" : [ \"menuItem\" ],\r\n  \"perms\" : [ \"process:leave:taskDoneList\" ],\r\n  \"orderNum\" : [ \"1\" ],\r\n  \"icon\" : [ \"\" ],\r\n  \"visible\" : [ \"0\" ]\r\n}', '{\r\n  \"msg\" : \"\",\r\n  \"code\" : 0\r\n}', '0', null, '2019-10-17 19:26:02');
INSERT INTO `sys_oper_log` VALUES ('318', '', '2', 'com.ruoyi.web.controller.system.SysRoleController.editSave()', 'POST', '1', 'admin', null, '/system/role/edit', '127.0.0.1', 'IP', '{\r\n  \"roleId\" : [ \"101\" ],\r\n  \"roleName\" : [ \"\" ],\r\n  \"roleKey\" : [ \"processRole\" ],\r\n  \"roleSort\" : [ \"4\" ],\r\n  \"status\" : [ \"0\" ],\r\n  \"remark\" : [ \"\" ],\r\n  \"menuIds\" : [ \"2017,2024,2018,2019,2020,2021,2022,2023,2025,2026,2027,2028\" ]\r\n}', '{\r\n  \"msg\" : \"\",\r\n  \"code\" : 0\r\n}', '0', null, '2019-10-17 19:26:24');
INSERT INTO `sys_oper_log` VALUES ('319', '', '2', 'com.ruoyi.process.web.controller.process.BizLeaveController.submitApply()', 'POST', '1', 'chengxy', '', '/process/leave/submitApply', '127.0.0.1', 'IP', '{\r\n  \"id\" : [ \"6\" ]\r\n}', '{\r\n  \"msg\" : \"\",\r\n  \"code\" : 0\r\n}', '0', null, '2019-10-17 20:53:13');
INSERT INTO `sys_oper_log` VALUES ('320', '', '1', 'com.ruoyi.process.web.controller.process.BizLeaveController.addSave()', 'POST', '1', 'chengxy', '', '/process/leave/add', '127.0.0.1', 'IP', '{\r\n  \"type\" : [ \"1\" ],\r\n  \"title\" : [ \"\" ],\r\n  \"reason\" : [ \"\" ],\r\n  \"startTime\" : [ \"2019-10-17 21:00\" ],\r\n  \"endTime\" : [ \"2019-10-19 15:00\" ],\r\n  \"totalTime\" : [ \"151200\" ],\r\n  \"totalTimeText\" : [ \"1  18  0  0 \" ]\r\n}', '{\r\n  \"msg\" : \"\",\r\n  \"code\" : 0\r\n}', '0', null, '2019-10-17 21:23:53');
INSERT INTO `sys_oper_log` VALUES ('321', '', '1', 'com.ruoyi.process.web.controller.process.BizLeaveController.addSave()', 'POST', '1', 'chengxy', '', '/process/leave/add', '127.0.0.1', 'IP', '{\r\n  \"type\" : [ \"0\" ],\r\n  \"title\" : [ \"123\" ],\r\n  \"reason\" : [ \"456\" ],\r\n  \"startTime\" : [ \"2019-10-18 00:00\" ],\r\n  \"endTime\" : [ \"2019-10-19 00:00\" ],\r\n  \"totalTime\" : [ \"86400\" ],\r\n  \"totalTimeText\" : [ \"1  0  0  0 \" ]\r\n}', '{\r\n  \"msg\" : \"\",\r\n  \"code\" : 0\r\n}', '0', null, '2019-10-17 21:39:04');
INSERT INTO `sys_oper_log` VALUES ('322', '', '2', 'com.ruoyi.process.web.controller.process.BizLeaveController.submitApply()', 'POST', '1', 'chengxy', '', '/process/leave/submitApply', '127.0.0.1', 'IP', '{\r\n  \"id\" : [ \"7\" ]\r\n}', '{\r\n  \"msg\" : \"\",\r\n  \"code\" : 0\r\n}', '0', null, '2019-10-17 21:45:56');
INSERT INTO `sys_oper_log` VALUES ('323', '', '1', 'com.ruoyi.process.definition.controller.ProcessDefinitionController.upload()', 'POST', '1', 'admin', '', '/process/definition/upload', '192.168.0.100', 'IP', '{ }', '{\r\n  \"msg\" : \" bpmn, bpmn20.xml, zip  bar \",\r\n  \"code\" : 500\r\n}', '0', null, '2019-10-17 22:38:42');
INSERT INTO `sys_oper_log` VALUES ('324', '', '2', 'com.ruoyi.process.web.controller.process.BizLeaveController.editSave()', 'POST', '1', 'admin', '', '/process/leave/edit', '127.0.0.1', 'IP', '{\r\n  \"id\" : [ \"8\" ],\r\n  \"applyUserName\" : [ \"\" ],\r\n  \"applyTime\" : [ \"\" ],\r\n  \"type\" : [ \"1\" ],\r\n  \"title\" : [ \"123\" ],\r\n  \"reason\" : [ \"456\" ],\r\n  \"startTime\" : [ \"2019-10-18 00:00\" ],\r\n  \"endTime\" : [ \"2019-10-19 00:00\" ],\r\n  \"totalTime\" : [ \"86400\" ],\r\n  \"totalTimeText\" : [ \"1  0  0  0 \" ]\r\n}', '{\r\n  \"msg\" : \"\",\r\n  \"code\" : 0\r\n}', '0', null, '2019-10-17 23:30:26');
INSERT INTO `sys_oper_log` VALUES ('325', '', '1', 'com.ruoyi.process.web.controller.process.BizLeaveController.addSave()', 'POST', '1', 'admin', null, '/process/leave/add', '127.0.0.1', 'IP', '{\r\n  \"type\" : [ \"0\" ],\r\n  \"title\" : [ \"1\" ],\r\n  \"reason\" : [ \"\" ],\r\n  \"startTime\" : [ \"2019-10-21 16:30\" ],\r\n  \"endTime\" : [ \"2019-10-22 12:00\" ],\r\n  \"totalTime\" : [ \"70200\" ],\r\n  \"totalTimeText\" : [ \"0  19  30  0 \" ]\r\n}', '{\r\n  \"msg\" : \"\",\r\n  \"code\" : 0\r\n}', '0', null, '2019-10-21 16:31:17');
INSERT INTO `sys_oper_log` VALUES ('326', '', '2', 'com.ruoyi.process.group.controller.ActIdGroupController.editSave()', 'POST', '1', 'admin', '', '/process/group/edit', '127.0.0.1', 'IP', '{\r\n  \"id\" : [ \"hr\" ],\r\n  \"name\" : [ \"\" ],\r\n  \"userIds\" : [ \"rensm,ry\" ]\r\n}', '{\r\n  \"msg\" : \"\",\r\n  \"code\" : 0\r\n}', '0', null, '2019-10-22 11:54:59');
INSERT INTO `sys_oper_log` VALUES ('327', '', '2', 'com.ruoyi.web.controller.system.SysUserController.editSave()', 'POST', '1', 'ry', '', '/system/user/edit', '127.0.0.1', 'IP', '{\r\n  \"userId\" : [ \"2\" ],\r\n  \"deptId\" : [ \"105\" ],\r\n  \"userName\" : [ \"\" ],\r\n  \"dept.deptName\" : [ \"\" ],\r\n  \"phonenumber\" : [ \"15666666666\" ],\r\n  \"email\" : [ \"ry@qq.com\" ],\r\n  \"loginName\" : [ \"ry\" ],\r\n  \"sex\" : [ \"1\" ],\r\n  \"role\" : [ \"2\", \"100\", \"101\" ],\r\n  \"remark\" : [ \"\" ],\r\n  \"status\" : [ \"0\" ],\r\n  \"roleIds\" : [ \"2,100,101\" ],\r\n  \"postIds\" : [ \"2,4\" ]\r\n}', '{\r\n  \"msg\" : \"\",\r\n  \"code\" : 0\r\n}', '0', null, '2019-10-22 11:55:38');
INSERT INTO `sys_oper_log` VALUES ('328', '', '1', 'com.ruoyi.process.definition.controller.ProcessDefinitionController.upload()', 'POST', '1', 'admin', '', '/process/definition/upload', '127.0.0.1', 'IP', '{ }', '{\r\n  \"msg\" : \"\",\r\n  \"code\" : 0\r\n}', '0', null, '2019-10-22 16:21:12');
INSERT INTO `sys_oper_log` VALUES ('329', '', '1', 'com.ruoyi.web.controller.system.SysMenuController.addSave()', 'POST', '1', 'admin', '', '/system/menu/add', '127.0.0.1', 'IP', '{\r\n  \"parentId\" : [ \"2017\" ],\r\n  \"menuType\" : [ \"M\" ],\r\n  \"menuName\" : [ \"\" ],\r\n  \"url\" : [ \"\" ],\r\n  \"target\" : [ \"menuItem\" ],\r\n  \"perms\" : [ \"\" ],\r\n  \"orderNum\" : [ \"2\" ],\r\n  \"icon\" : [ \"#\" ],\r\n  \"visible\" : [ \"0\" ]\r\n}', '{\r\n  \"msg\" : \"\",\r\n  \"code\" : 0\r\n}', '0', null, '2019-10-22 16:41:06');
INSERT INTO `sys_oper_log` VALUES ('330', '', '1', 'com.ruoyi.web.controller.system.SysMenuController.addSave()', 'POST', '1', 'admin', '', '/system/menu/add', '127.0.0.1', 'IP', '{\r\n  \"parentId\" : [ \"2029\" ],\r\n  \"menuType\" : [ \"C\" ],\r\n  \"menuName\" : [ \"\" ],\r\n  \"url\" : [ \"/process/leaveCounterSign\" ],\r\n  \"target\" : [ \"menuItem\" ],\r\n  \"perms\" : [ \"process:leaveCounterSign:view\" ],\r\n  \"orderNum\" : [ \"1\" ],\r\n  \"icon\" : [ \"#\" ],\r\n  \"visible\" : [ \"0\" ]\r\n}', '{\r\n  \"msg\" : \"\",\r\n  \"code\" : 0\r\n}', '0', null, '2019-10-22 16:42:16');
INSERT INTO `sys_oper_log` VALUES ('331', '', '2', 'com.ruoyi.web.controller.system.SysMenuController.editSave()', 'POST', '1', 'admin', '', '/system/menu/edit', '127.0.0.1', 'IP', '{\r\n  \"menuId\" : [ \"2030\" ],\r\n  \"parentId\" : [ \"2029\" ],\r\n  \"menuType\" : [ \"C\" ],\r\n  \"menuName\" : [ \"()\" ],\r\n  \"url\" : [ \"/process/leaveCounterSign\" ],\r\n  \"target\" : [ \"menuItem\" ],\r\n  \"perms\" : [ \"process:leaveCounterSign:view\" ],\r\n  \"orderNum\" : [ \"1\" ],\r\n  \"icon\" : [ \"#\" ],\r\n  \"visible\" : [ \"0\" ]\r\n}', '{\r\n  \"msg\" : \"\",\r\n  \"code\" : 0\r\n}', '0', null, '2019-10-22 17:03:48');
INSERT INTO `sys_oper_log` VALUES ('332', '', '2', 'com.ruoyi.web.controller.system.SysRoleController.editSave()', 'POST', '1', 'admin', '', '/system/role/edit', '127.0.0.1', 'IP', '{\r\n  \"roleId\" : [ \"101\" ],\r\n  \"roleName\" : [ \"\" ],\r\n  \"roleKey\" : [ \"processRole\" ],\r\n  \"roleSort\" : [ \"4\" ],\r\n  \"status\" : [ \"0\" ],\r\n  \"remark\" : [ \"\" ],\r\n  \"menuIds\" : [ \"2017,2024,2018,2019,2020,2021,2022,2023,2025,2026,2027,2028,2029,2030\" ]\r\n}', '{\r\n  \"msg\" : \"\",\r\n  \"code\" : 0\r\n}', '0', null, '2019-10-23 16:42:28');
INSERT INTO `sys_oper_log` VALUES ('333', '', '1', 'com.ruoyi.web.controller.system.SysMenuController.addSave()', 'POST', '1', 'admin', '', '/system/menu/add', '127.0.0.1', 'IP', '{\r\n  \"parentId\" : [ \"2030\" ],\r\n  \"menuType\" : [ \"F\" ],\r\n  \"menuName\" : [ \"\" ],\r\n  \"url\" : [ \"\" ],\r\n  \"target\" : [ \"menuItem\" ],\r\n  \"perms\" : [ \"process:leaveCounterSign:list\" ],\r\n  \"orderNum\" : [ \"1\" ],\r\n  \"icon\" : [ \"\" ],\r\n  \"visible\" : [ \"0\" ]\r\n}', '{\r\n  \"msg\" : \"\",\r\n  \"code\" : 0\r\n}', '0', null, '2019-10-23 16:44:22');
INSERT INTO `sys_oper_log` VALUES ('334', '', '2', 'com.ruoyi.web.controller.system.SysRoleController.editSave()', 'POST', '1', 'admin', '', '/system/role/edit', '127.0.0.1', 'IP', '{\r\n  \"roleId\" : [ \"101\" ],\r\n  \"roleName\" : [ \"\" ],\r\n  \"roleKey\" : [ \"processRole\" ],\r\n  \"roleSort\" : [ \"4\" ],\r\n  \"status\" : [ \"0\" ],\r\n  \"remark\" : [ \"\" ],\r\n  \"menuIds\" : [ \"2017,2024,2018,2019,2020,2021,2022,2023,2025,2026,2027,2028,2029,2030,2031\" ]\r\n}', '{\r\n  \"msg\" : \"\",\r\n  \"code\" : 0\r\n}', '0', null, '2019-10-23 16:44:46');
INSERT INTO `sys_oper_log` VALUES ('335', '', '1', 'com.ruoyi.web.controller.system.SysMenuController.addSave()', 'POST', '1', 'admin', '', '/system/menu/add', '127.0.0.1', 'IP', '{\r\n  \"parentId\" : [ \"2030\" ],\r\n  \"menuType\" : [ \"F\" ],\r\n  \"menuName\" : [ \"\" ],\r\n  \"url\" : [ \"\" ],\r\n  \"target\" : [ \"menuItem\" ],\r\n  \"perms\" : [ \"process:leaveCounterSign:add\" ],\r\n  \"orderNum\" : [ \"2\" ],\r\n  \"icon\" : [ \"\" ],\r\n  \"visible\" : [ \"0\" ]\r\n}', '{\r\n  \"msg\" : \"\",\r\n  \"code\" : 0\r\n}', '0', null, '2019-10-23 16:50:38');
INSERT INTO `sys_oper_log` VALUES ('336', '', '1', 'com.ruoyi.web.controller.system.SysMenuController.addSave()', 'POST', '1', 'admin', '', '/system/menu/add', '127.0.0.1', 'IP', '{\r\n  \"parentId\" : [ \"2030\" ],\r\n  \"menuType\" : [ \"F\" ],\r\n  \"menuName\" : [ \"\" ],\r\n  \"url\" : [ \"\" ],\r\n  \"target\" : [ \"menuItem\" ],\r\n  \"perms\" : [ \"process:leaveCounterSign:edit\" ],\r\n  \"orderNum\" : [ \"3\" ],\r\n  \"icon\" : [ \"\" ],\r\n  \"visible\" : [ \"0\" ]\r\n}', '{\r\n  \"msg\" : \"\",\r\n  \"code\" : 0\r\n}', '0', null, '2019-10-23 16:51:23');
INSERT INTO `sys_oper_log` VALUES ('337', '', '1', 'com.ruoyi.web.controller.system.SysMenuController.addSave()', 'POST', '1', 'admin', '', '/system/menu/add', '127.0.0.1', 'IP', '{\r\n  \"parentId\" : [ \"2030\" ],\r\n  \"menuType\" : [ \"F\" ],\r\n  \"menuName\" : [ \"\" ],\r\n  \"url\" : [ \"\" ],\r\n  \"target\" : [ \"menuItem\" ],\r\n  \"perms\" : [ \"process:leaveCounterSign:remove\" ],\r\n  \"orderNum\" : [ \"4\" ],\r\n  \"icon\" : [ \"\" ],\r\n  \"visible\" : [ \"0\" ]\r\n}', '{\r\n  \"msg\" : \"\",\r\n  \"code\" : 0\r\n}', '0', null, '2019-10-23 16:51:50');
INSERT INTO `sys_oper_log` VALUES ('338', '', '2', 'com.ruoyi.web.controller.system.SysRoleController.editSave()', 'POST', '1', 'admin', '', '/system/role/edit', '127.0.0.1', 'IP', '{\r\n  \"roleId\" : [ \"101\" ],\r\n  \"roleName\" : [ \"\" ],\r\n  \"roleKey\" : [ \"processRole\" ],\r\n  \"roleSort\" : [ \"4\" ],\r\n  \"status\" : [ \"0\" ],\r\n  \"remark\" : [ \"\" ],\r\n  \"menuIds\" : [ \"2017,2024,2018,2019,2020,2021,2022,2023,2025,2026,2027,2028,2029,2030,2031,2032,2033,2034\" ]\r\n}', '{\r\n  \"msg\" : \"\",\r\n  \"code\" : 0\r\n}', '0', null, '2019-10-23 16:53:08');
INSERT INTO `sys_oper_log` VALUES ('339', '', '1', 'com.ruoyi.process.leavecountersign.controller.BizLeaveCounterSignController.addSave()', 'POST', '1', 'chengxy', '', '/process/leaveCounterSign/add', '127.0.0.1', 'IP', '{\r\n  \"type\" : [ \"0\" ],\r\n  \"title\" : [ \"\" ],\r\n  \"reason\" : [ \"\" ],\r\n  \"startTime\" : [ \"2019-10-23 16:50\" ],\r\n  \"endTime\" : [ \"2019-10-24 12:00\" ],\r\n  \"totalTime\" : [ \"69000\" ],\r\n  \"totalTimeText\" : [ \"0  19  10  0 \" ]\r\n}', '{\r\n  \"msg\" : \"\",\r\n  \"code\" : 0\r\n}', '0', null, '2019-10-23 16:54:09');
INSERT INTO `sys_oper_log` VALUES ('340', '', '2', 'com.ruoyi.process.leavecountersign.controller.BizLeaveCounterSignController.submitApply()', 'POST', '1', 'chengxy', '', '/process/leaveCounterSign/submitApply', '127.0.0.1', 'IP', '{\r\n  \"id\" : [ \"10\" ],\r\n  \"users[]\" : [ \"rensm\", \"axianlu\" ],\r\n  \"p_U_users[]\" : [ \"rensm\", \"axianlu\" ]\r\n}', '{\r\n  \"msg\" : \"\",\r\n  \"code\" : 0\r\n}', '0', null, '2019-10-23 17:16:48');
INSERT INTO `sys_oper_log` VALUES ('341', '', '2', 'com.ruoyi.process.leavecountersign.controller.BizLeaveCounterSignController.editSave()', 'POST', '1', 'chengxy', '', '/process/leaveCounterSign/edit', '127.0.0.1', 'IP', '{\r\n  \"id\" : [ \"8\" ],\r\n  \"applyUserName\" : [ \"\" ],\r\n  \"applyTime\" : [ \"\" ],\r\n  \"type\" : [ \"1\" ],\r\n  \"title\" : [ \"123\" ],\r\n  \"reason\" : [ \"456\" ],\r\n  \"startTime\" : [ \"2019-10-18 00:00\" ],\r\n  \"endTime\" : [ \"2019-10-19 00:00\" ],\r\n  \"totalTime\" : [ \"86400\" ],\r\n  \"totalTimeText\" : [ \"1  0  0  0 \" ]\r\n}', '{\r\n  \"msg\" : \"\",\r\n  \"code\" : 0\r\n}', '0', null, '2019-10-24 16:49:48');
INSERT INTO `sys_oper_log` VALUES ('342', '', '2', 'com.ruoyi.process.leavecountersign.controller.BizLeaveCounterSignController.submitApply()', 'POST', '1', 'chengxy', '', '/process/leaveCounterSign/submitApply', '127.0.0.1', 'IP', '{\r\n  \"id\" : [ \"8\" ],\r\n  \"users[]\" : [ \"rensm\", \"axianlu\" ],\r\n  \"p_U_users[]\" : [ \"rensm\", \"axianlu\" ]\r\n}', '{\r\n  \"msg\" : \"\",\r\n  \"code\" : 0\r\n}', '0', null, '2019-10-24 16:51:14');
INSERT INTO `sys_oper_log` VALUES ('343', '', '1', 'com.ruoyi.process.leavecountersign.controller.BizLeaveCounterSignController.addSave()', 'POST', '1', 'chengxy', '', '/process/leaveCounterSign/add', '127.0.0.1', 'IP', '{\r\n  \"type\" : [ \"0\" ],\r\n  \"title\" : [ \"1656\" ],\r\n  \"reason\" : [ \"\" ],\r\n  \"startTime\" : [ \"2019-10-24 16:00\" ],\r\n  \"endTime\" : [ \"2019-10-25 12:00\" ],\r\n  \"totalTime\" : [ \"72000\" ],\r\n  \"totalTimeText\" : [ \"0  20  0  0 \" ]\r\n}', '{\r\n  \"msg\" : \"\",\r\n  \"code\" : 0\r\n}', '0', null, '2019-10-24 16:56:51');
INSERT INTO `sys_oper_log` VALUES ('344', '', '2', 'com.ruoyi.process.leavecountersign.controller.BizLeaveCounterSignController.submitApply()', 'POST', '1', 'chengxy', '', '/process/leaveCounterSign/submitApply', '127.0.0.1', 'IP', '{\r\n  \"id\" : [ \"11\" ],\r\n  \"users[]\" : [ \"rensm\", \"axianlu\" ]\r\n}', '{\r\n  \"msg\" : \"\",\r\n  \"code\" : 0\r\n}', '0', null, '2019-10-24 16:57:02');
INSERT INTO `sys_oper_log` VALUES ('345', '', '1', 'com.ruoyi.process.leavecountersign.controller.BizLeaveCounterSignController.addSave()', 'POST', '1', 'chengxy', '', '/process/leaveCounterSign/add', '127.0.0.1', 'IP', '{\r\n  \"type\" : [ \"0\" ],\r\n  \"title\" : [ \"1659\" ],\r\n  \"reason\" : [ \".\" ],\r\n  \"startTime\" : [ \"2019-10-24 17:00\" ],\r\n  \"endTime\" : [ \"2019-10-25 17:30\" ],\r\n  \"totalTime\" : [ \"88200\" ],\r\n  \"totalTimeText\" : [ \"1  0  30  0 \" ]\r\n}', '{\r\n  \"msg\" : \"\",\r\n  \"code\" : 0\r\n}', '0', null, '2019-10-24 16:59:53');
INSERT INTO `sys_oper_log` VALUES ('346', '', '2', 'com.ruoyi.process.leavecountersign.controller.BizLeaveCounterSignController.submitApply()', 'POST', '1', 'chengxy', '', '/process/leaveCounterSign/submitApply', '127.0.0.1', 'IP', '{\r\n  \"id\" : [ \"12\" ],\r\n  \"users[]\" : [ \"rensm\", \"axianlu\" ]\r\n}', '{\r\n  \"msg\" : \"\",\r\n  \"code\" : 0\r\n}', '0', null, '2019-10-24 17:00:02');
INSERT INTO `sys_oper_log` VALUES ('347', '', '1', 'com.ruoyi.process.leavecountersign.controller.BizLeaveCounterSignController.addSave()', 'POST', '1', 'chengxy', '', '/process/leaveCounterSign/add', '127.0.0.1', 'IP', '{\r\n  \"type\" : [ \"0\" ],\r\n  \"title\" : [ \"1702\" ],\r\n  \"reason\" : [ \"\" ],\r\n  \"startTime\" : [ \"2019-10-24 10:00\" ],\r\n  \"endTime\" : [ \"2019-10-24 14:00\" ],\r\n  \"totalTime\" : [ \"14400\" ],\r\n  \"totalTimeText\" : [ \"0  4  0  0 \" ]\r\n}', '{\r\n  \"msg\" : \"\",\r\n  \"code\" : 0\r\n}', '0', null, '2019-10-24 17:02:36');
INSERT INTO `sys_oper_log` VALUES ('348', '', '2', 'com.ruoyi.process.leavecountersign.controller.BizLeaveCounterSignController.submitApply()', 'POST', '1', 'chengxy', '', '/process/leaveCounterSign/submitApply', '127.0.0.1', 'IP', '{\r\n  \"id\" : [ \"13\" ],\r\n  \"users[]\" : [ \"rensm\", \"axianlu\" ]\r\n}', '{\r\n  \"msg\" : \"\",\r\n  \"code\" : 0\r\n}', '0', null, '2019-10-24 17:02:47');
INSERT INTO `sys_oper_log` VALUES ('349', '', '1', 'com.ruoyi.web.controller.system.SysMenuController.addSave()', 'POST', '1', 'admin', '', '/system/menu/add', '127.0.0.1', 'IP', '{\r\n  \"parentId\" : [ \"2029\" ],\r\n  \"menuType\" : [ \"C\" ],\r\n  \"menuName\" : [ \"\" ],\r\n  \"url\" : [ \"/process/leaveCounterSign/leaveTodo\" ],\r\n  \"target\" : [ \"menuItem\" ],\r\n  \"perms\" : [ \"process:leaveCounterSign:todoView\" ],\r\n  \"orderNum\" : [ \"2\" ],\r\n  \"icon\" : [ \"#\" ],\r\n  \"visible\" : [ \"0\" ]\r\n}', '{\r\n  \"msg\" : \"\",\r\n  \"code\" : 0\r\n}', '0', null, '2019-10-24 17:07:31');
INSERT INTO `sys_oper_log` VALUES ('350', '', '1', 'com.ruoyi.web.controller.system.SysMenuController.addSave()', 'POST', '1', 'admin', '', '/system/menu/add', '127.0.0.1', 'IP', '{\r\n  \"parentId\" : [ \"2035\" ],\r\n  \"menuType\" : [ \"F\" ],\r\n  \"menuName\" : [ \"\" ],\r\n  \"url\" : [ \"\" ],\r\n  \"target\" : [ \"menuItem\" ],\r\n  \"perms\" : [ \"process:leaveCounterSign:taskList\" ],\r\n  \"orderNum\" : [ \"1\" ],\r\n  \"icon\" : [ \"\" ],\r\n  \"visible\" : [ \"0\" ]\r\n}', '{\r\n  \"msg\" : \"\",\r\n  \"code\" : 0\r\n}', '0', null, '2019-10-24 17:08:13');
INSERT INTO `sys_oper_log` VALUES ('351', '', '2', 'com.ruoyi.web.controller.system.SysRoleController.editSave()', 'POST', '1', 'admin', '', '/system/role/edit', '127.0.0.1', 'IP', '{\r\n  \"roleId\" : [ \"101\" ],\r\n  \"roleName\" : [ \"\" ],\r\n  \"roleKey\" : [ \"processRole\" ],\r\n  \"roleSort\" : [ \"4\" ],\r\n  \"status\" : [ \"0\" ],\r\n  \"remark\" : [ \"\" ],\r\n  \"menuIds\" : [ \"2017,2024,2018,2019,2020,2021,2022,2023,2025,2026,2027,2028,2029,2030,2031,2032,2033,2034,2035,2036\" ]\r\n}', '{\r\n  \"msg\" : \"\",\r\n  \"code\" : 0\r\n}', '0', null, '2019-10-24 17:15:10');
INSERT INTO `sys_oper_log` VALUES ('352', '', '1', 'com.ruoyi.web.controller.system.SysMenuController.addSave()', 'POST', '1', 'admin', '', '/system/menu/add', '127.0.0.1', 'IP', '{\r\n  \"parentId\" : [ \"2029\" ],\r\n  \"menuType\" : [ \"C\" ],\r\n  \"menuName\" : [ \"\" ],\r\n  \"url\" : [ \"/process/leaveCounterSign/leaveDone\" ],\r\n  \"target\" : [ \"menuItem\" ],\r\n  \"perms\" : [ \"process:leaveCounterSign:doneView\" ],\r\n  \"orderNum\" : [ \"3\" ],\r\n  \"icon\" : [ \"#\" ],\r\n  \"visible\" : [ \"0\" ]\r\n}', '{\r\n  \"msg\" : \"\",\r\n  \"code\" : 0\r\n}', '0', null, '2019-10-28 21:49:49');
INSERT INTO `sys_oper_log` VALUES ('353', '', '1', 'com.ruoyi.web.controller.system.SysMenuController.addSave()', 'POST', '1', 'admin', '', '/system/menu/add', '127.0.0.1', 'IP', '{\r\n  \"parentId\" : [ \"2037\" ],\r\n  \"menuType\" : [ \"F\" ],\r\n  \"menuName\" : [ \"\" ],\r\n  \"url\" : [ \"\" ],\r\n  \"target\" : [ \"menuItem\" ],\r\n  \"perms\" : [ \"process:leaveCounterSign:taskDoneList\" ],\r\n  \"orderNum\" : [ \"1\" ],\r\n  \"icon\" : [ \"\" ],\r\n  \"visible\" : [ \"0\" ]\r\n}', '{\r\n  \"msg\" : \"\",\r\n  \"code\" : 0\r\n}', '0', null, '2019-10-28 21:50:28');
INSERT INTO `sys_oper_log` VALUES ('354', '', '2', 'com.ruoyi.web.controller.system.SysRoleController.editSave()', 'POST', '1', 'admin', '', '/system/role/edit', '127.0.0.1', 'IP', '{\r\n  \"roleId\" : [ \"101\" ],\r\n  \"roleName\" : [ \"\" ],\r\n  \"roleKey\" : [ \"processRole\" ],\r\n  \"roleSort\" : [ \"4\" ],\r\n  \"status\" : [ \"0\" ],\r\n  \"remark\" : [ \"\" ],\r\n  \"menuIds\" : [ \"2017,2024,2018,2019,2020,2021,2022,2023,2025,2026,2027,2028,2029,2030,2031,2032,2033,2034,2035,2036,2037,2038\" ]\r\n}', '{\r\n  \"msg\" : \"\",\r\n  \"code\" : 0\r\n}', '0', null, '2019-10-28 21:50:45');
INSERT INTO `sys_oper_log` VALUES ('355', '', '1', 'com.ruoyi.process.leavecountersign.controller.BizLeaveCounterSignController.addSave()', 'POST', '1', 'chengxy', '', '/process/leaveCounterSign/add', '127.0.0.1', 'IP', '{\r\n  \"type\" : [ \"0\" ],\r\n  \"title\" : [ \"\" ],\r\n  \"reason\" : [ \"123\" ],\r\n  \"startTime\" : [ \"2019-10-29 17:10\" ],\r\n  \"endTime\" : [ \"2019-10-30 10:00\" ],\r\n  \"totalTime\" : [ \"60600\" ],\r\n  \"totalTimeText\" : [ \"0  16  50  0 \" ]\r\n}', '{\r\n  \"msg\" : \"\",\r\n  \"code\" : 0\r\n}', '0', null, '2019-10-29 17:12:20');
INSERT INTO `sys_oper_log` VALUES ('356', '', '1', 'com.ruoyi.process.leavecountersign.controller.BizLeaveCounterSignController.addSave()', 'POST', '1', 'chengxy', '', '/process/leaveCounterSign/add', '127.0.0.1', 'IP', '{\r\n  \"type\" : [ \"0\" ],\r\n  \"title\" : [ \"1720\" ],\r\n  \"reason\" : [ \"111\" ],\r\n  \"startTime\" : [ \"2019-10-29 17:20\" ],\r\n  \"endTime\" : [ \"2019-10-30 12:00\" ],\r\n  \"totalTime\" : [ \"67200\" ],\r\n  \"totalTimeText\" : [ \"0  18  40  0 \" ]\r\n}', '{\r\n  \"msg\" : \"\",\r\n  \"code\" : 0\r\n}', '0', null, '2019-10-29 17:20:56');
INSERT INTO `sys_oper_log` VALUES ('357', '', '1', 'com.ruoyi.process.definition.controller.ProcessDefinitionController.upload()', 'POST', '1', 'admin', '', '/process/definition/upload', '127.0.0.1', 'IP', '{ }', '{\r\n  \"msg\" : \"\",\r\n  \"code\" : 0\r\n}', '0', null, '2019-10-31 10:36:58');
INSERT INTO `sys_oper_log` VALUES ('358', '', '1', 'com.ruoyi.process.definition.controller.ProcessDefinitionController.upload()', 'POST', '1', 'admin', '', '/process/definition/upload', '127.0.0.1', 'IP', '{ }', '{\r\n  \"msg\" : \"\",\r\n  \"code\" : 0\r\n}', '0', null, '2019-10-31 10:37:01');
INSERT INTO `sys_oper_log` VALUES ('359', '', '1', 'com.ruoyi.process.user.controller.ActIdUserController.addSave()', 'POST', '1', 'admin', '', '/process/user/add', '127.0.0.1', 'IP', '{\r\n  \"id\" : [ \"chengxy\" ],\r\n  \"first\" : [ \"\" ],\r\n  \"email\" : [ \"\" ],\r\n  \"pwd\" : [ \"\" ],\r\n  \"groupIds\" : [ \"\" ]\r\n}', '{\r\n  \"msg\" : \"\",\r\n  \"code\" : 0\r\n}', '0', null, '2019-10-31 10:37:26');
INSERT INTO `sys_oper_log` VALUES ('360', '', '1', 'com.ruoyi.process.group.controller.ActIdGroupController.addSave()', 'POST', '1', 'admin', '', '/process/group/add', '127.0.0.1', 'IP', '{\r\n  \"id\" : [ \"deptLeader\" ],\r\n  \"name\" : [ \"\" ],\r\n  \"userIds\" : [ \"\" ]\r\n}', '{\r\n  \"msg\" : \"\",\r\n  \"code\" : 0\r\n}', '0', null, '2019-10-31 10:37:53');
INSERT INTO `sys_oper_log` VALUES ('361', '', '1', 'com.ruoyi.process.user.controller.ActIdUserController.addSave()', 'POST', '1', 'admin', '', '/process/user/add', '127.0.0.1', 'IP', '{\r\n  \"id\" : [ \"axianlu\" ],\r\n  \"first\" : [ \"\" ],\r\n  \"email\" : [ \"\" ],\r\n  \"pwd\" : [ \"\" ],\r\n  \"groupIds\" : [ \"deptLeader\" ]\r\n}', '{\r\n  \"msg\" : \"\",\r\n  \"code\" : 0\r\n}', '0', null, '2019-10-31 10:38:08');
INSERT INTO `sys_oper_log` VALUES ('362', '', '1', 'com.ruoyi.process.user.controller.ActIdUserController.addSave()', 'POST', '1', 'admin', '', '/process/user/add', '127.0.0.1', 'IP', '{\r\n  \"id\" : [ \"rensm\" ],\r\n  \"first\" : [ \"\" ],\r\n  \"email\" : [ \"\" ],\r\n  \"pwd\" : [ \"\" ],\r\n  \"groupIds\" : [ \"\" ]\r\n}', '{\r\n  \"msg\" : \"\",\r\n  \"code\" : 0\r\n}', '0', null, '2019-10-31 10:38:21');
INSERT INTO `sys_oper_log` VALUES ('363', '', '1', 'com.ruoyi.process.group.controller.ActIdGroupController.addSave()', 'POST', '1', 'admin', '', '/process/group/add', '127.0.0.1', 'IP', '{\r\n  \"id\" : [ \"hr\" ],\r\n  \"name\" : [ \"\" ],\r\n  \"userIds\" : [ \"rensm\" ]\r\n}', '{\r\n  \"msg\" : \"\",\r\n  \"code\" : 0\r\n}', '0', null, '2019-10-31 10:38:34');
INSERT INTO `sys_oper_log` VALUES ('364', '', '1', 'com.ruoyi.process.web.controller.process.BizLeaveController.addSave()', 'POST', '1', 'chengxy', '', '/process/leave/add', '127.0.0.1', 'IP', '{\r\n  \"type\" : [ \"0\" ],\r\n  \"title\" : [ \"\" ],\r\n  \"reason\" : [ \"\" ],\r\n  \"startTime\" : [ \"2019-10-31 10:00\" ],\r\n  \"endTime\" : [ \"2019-11-01 12:00\" ],\r\n  \"totalTime\" : [ \"93600\" ],\r\n  \"totalTimeText\" : [ \"1  2  0  0 \" ]\r\n}', '{\r\n  \"msg\" : \"\",\r\n  \"code\" : 0\r\n}', '0', null, '2019-10-31 10:39:38');
INSERT INTO `sys_oper_log` VALUES ('365', '', '1', 'com.ruoyi.process.web.controller.process.BizLeaveController.addSave()', 'POST', '1', 'chengxy', '', '/process/leave/add', '127.0.0.1', 'IP', '{\r\n  \"type\" : [ \"0\" ],\r\n  \"title\" : [ \" Plus \" ],\r\n  \"reason\" : [ \"\" ],\r\n  \"startTime\" : [ \"2019-11-01 14:00\" ],\r\n  \"endTime\" : [ \"2019-11-02 12:00\" ],\r\n  \"totalTime\" : [ \"79200\" ],\r\n  \"totalTimeText\" : [ \"0  22  0  0 \" ]\r\n}', '{\r\n  \"msg\" : \"\",\r\n  \"code\" : 0\r\n}', '0', null, '2019-10-31 10:40:19');
INSERT INTO `sys_oper_log` VALUES ('366', '', '2', 'com.ruoyi.process.web.controller.process.BizLeaveController.submitApply()', 'POST', '1', 'chengxy', '', '/process/leave/submitApply', '127.0.0.1', 'IP', '{\r\n  \"id\" : [ \"16\" ]\r\n}', '{\r\n  \"msg\" : \"\",\r\n  \"code\" : 0\r\n}', '0', null, '2019-10-31 10:40:26');
INSERT INTO `sys_oper_log` VALUES ('367', '', '5', 'com.ruoyi.process.definition.controller.ProcessDefinitionController.export()', 'POST', '1', 'admin', '', '/process/definition/export', '127.0.0.1', 'IP', '{\r\n  \"key\" : [ \"\" ],\r\n  \"name\" : [ \"\" ],\r\n  \"category\" : [ \"\" ]\r\n}', 'null', '1', '', '2019-11-01 20:41:02');
INSERT INTO `sys_oper_log` VALUES ('368', '', '5', 'com.ruoyi.process.definition.controller.ProcessDefinitionController.export()', 'POST', '1', 'admin', '', '/process/definition/export', '127.0.0.1', 'IP', '{\r\n  \"key\" : [ \"\" ],\r\n  \"name\" : [ \"\" ],\r\n  \"category\" : [ \"\" ]\r\n}', 'null', '1', '', '2019-11-01 20:42:26');
INSERT INTO `sys_oper_log` VALUES ('369', '', '5', 'com.ruoyi.process.definition.controller.ProcessDefinitionController.export()', 'POST', '1', 'admin', '', '/process/definition/export', '127.0.0.1', 'IP', '{\r\n  \"key\" : [ \"\" ],\r\n  \"name\" : [ \"\" ],\r\n  \"category\" : [ \"\" ]\r\n}', 'null', '1', '', '2019-11-01 20:45:25');
INSERT INTO `sys_oper_log` VALUES ('370', '', '5', 'com.ruoyi.process.definition.controller.ProcessDefinitionController.export()', 'POST', '1', 'admin', '', '/process/definition/export', '127.0.0.1', 'IP', '{\r\n  \"key\" : [ \"\" ],\r\n  \"name\" : [ \"\" ],\r\n  \"category\" : [ \"\" ]\r\n}', 'null', '1', '', '2019-11-01 20:46:30');
INSERT INTO `sys_oper_log` VALUES ('371', '', '5', 'com.ruoyi.process.definition.controller.ProcessDefinitionController.export()', 'POST', '1', 'admin', '', '/process/definition/export', '127.0.0.1', 'IP', '{\r\n  \"key\" : [ \"\" ],\r\n  \"name\" : [ \"\" ],\r\n  \"category\" : [ \"\" ]\r\n}', 'null', '1', '', '2019-11-01 20:48:00');
INSERT INTO `sys_oper_log` VALUES ('372', '', '5', 'com.ruoyi.process.definition.controller.ProcessDefinitionController.export()', 'POST', '1', 'admin', '', '/process/definition/export', '127.0.0.1', 'IP', '{\r\n  \"key\" : [ \"\" ],\r\n  \"name\" : [ \"\" ],\r\n  \"category\" : [ \"\" ]\r\n}', '{\r\n  \"msg\" : \"24d6703a-37af-4f45-8176-3c8cc0b63c48_.xlsx\",\r\n  \"code\" : 0\r\n}', '0', null, '2019-11-01 20:49:01');
INSERT INTO `sys_oper_log` VALUES ('373', '', '1', 'com.ruoyi.process.web.controller.process.BizLeaveController.addSave()', 'POST', '1', 'admin', '', '/process/leave/add', '127.0.0.1', 'IP', '{\r\n  \"type\" : [ \"0\" ],\r\n  \"title\" : [ \"1\" ],\r\n  \"reason\" : [ \"\" ],\r\n  \"startTime\" : [ \"\" ],\r\n  \"endTime\" : [ \"\" ],\r\n  \"totalTime\" : [ \"\" ],\r\n  \"totalTimeText\" : [ \"\" ]\r\n}', '{\r\n  \"msg\" : \"\",\r\n  \"code\" : 0\r\n}', '0', null, '2019-11-01 20:55:51');
INSERT INTO `sys_oper_log` VALUES ('374', '', '1', 'com.ruoyi.process.web.controller.process.BizLeaveController.addSave()', 'POST', '1', 'admin', '', '/process/leave/add', '127.0.0.1', 'IP', '{\r\n  \"type\" : [ \"0\" ],\r\n  \"title\" : [ \"2\" ],\r\n  \"reason\" : [ \"\" ],\r\n  \"startTime\" : [ \"\" ],\r\n  \"endTime\" : [ \"\" ],\r\n  \"totalTime\" : [ \"\" ],\r\n  \"totalTimeText\" : [ \"\" ]\r\n}', '{\r\n  \"msg\" : \"\",\r\n  \"code\" : 0\r\n}', '0', null, '2019-11-01 20:55:56');
INSERT INTO `sys_oper_log` VALUES ('375', '', '1', 'com.ruoyi.process.web.controller.process.BizLeaveController.addSave()', 'POST', '1', 'admin', '', '/process/leave/add', '127.0.0.1', 'IP', '{\r\n  \"type\" : [ \"0\" ],\r\n  \"title\" : [ \"3\" ],\r\n  \"reason\" : [ \"\" ],\r\n  \"startTime\" : [ \"\" ],\r\n  \"endTime\" : [ \"\" ],\r\n  \"totalTime\" : [ \"\" ],\r\n  \"totalTimeText\" : [ \"\" ]\r\n}', '{\r\n  \"msg\" : \"\",\r\n  \"code\" : 0\r\n}', '0', null, '2019-11-01 20:56:24');
INSERT INTO `sys_oper_log` VALUES ('376', '', '1', 'com.ruoyi.process.web.controller.process.BizLeaveController.addSave()', 'POST', '1', 'admin', '', '/process/leave/add', '127.0.0.1', 'IP', '{\r\n  \"type\" : [ \"0\" ],\r\n  \"title\" : [ \"4\" ],\r\n  \"reason\" : [ \"\" ],\r\n  \"startTime\" : [ \"\" ],\r\n  \"endTime\" : [ \"\" ],\r\n  \"totalTime\" : [ \"\" ],\r\n  \"totalTimeText\" : [ \"\" ]\r\n}', '{\r\n  \"msg\" : \"\",\r\n  \"code\" : 0\r\n}', '0', null, '2019-11-01 20:56:28');
INSERT INTO `sys_oper_log` VALUES ('377', '', '1', 'com.ruoyi.process.web.controller.process.BizLeaveController.addSave()', 'POST', '1', 'admin', '', '/process/leave/add', '127.0.0.1', 'IP', '{\r\n  \"type\" : [ \"0\" ],\r\n  \"title\" : [ \"5\" ],\r\n  \"reason\" : [ \"\" ],\r\n  \"startTime\" : [ \"\" ],\r\n  \"endTime\" : [ \"\" ],\r\n  \"totalTime\" : [ \"\" ],\r\n  \"totalTimeText\" : [ \"\" ]\r\n}', '{\r\n  \"msg\" : \"\",\r\n  \"code\" : 0\r\n}', '0', null, '2019-11-01 20:56:34');
INSERT INTO `sys_oper_log` VALUES ('378', '', '1', 'com.ruoyi.process.web.controller.process.BizLeaveController.addSave()', 'POST', '1', 'admin', '', '/process/leave/add', '127.0.0.1', 'IP', '{\r\n  \"type\" : [ \"0\" ],\r\n  \"title\" : [ \"6\" ],\r\n  \"reason\" : [ \"\" ],\r\n  \"startTime\" : [ \"\" ],\r\n  \"endTime\" : [ \"\" ],\r\n  \"totalTime\" : [ \"\" ],\r\n  \"totalTimeText\" : [ \"\" ]\r\n}', '{\r\n  \"msg\" : \"\",\r\n  \"code\" : 0\r\n}', '0', null, '2019-11-01 20:56:39');
INSERT INTO `sys_oper_log` VALUES ('379', '', '1', 'com.ruoyi.process.web.controller.process.BizLeaveController.addSave()', 'POST', '1', 'admin', '', '/process/leave/add', '127.0.0.1', 'IP', '{\r\n  \"type\" : [ \"0\" ],\r\n  \"title\" : [ \"7\" ],\r\n  \"reason\" : [ \"\" ],\r\n  \"startTime\" : [ \"\" ],\r\n  \"endTime\" : [ \"\" ],\r\n  \"totalTime\" : [ \"\" ],\r\n  \"totalTimeText\" : [ \"\" ]\r\n}', '{\r\n  \"msg\" : \"\",\r\n  \"code\" : 0\r\n}', '0', null, '2019-11-01 20:56:47');
INSERT INTO `sys_oper_log` VALUES ('380', '', '1', 'com.ruoyi.process.web.controller.process.BizLeaveController.addSave()', 'POST', '1', 'admin', '', '/process/leave/add', '127.0.0.1', 'IP', '{\r\n  \"type\" : [ \"1\" ],\r\n  \"title\" : [ \"8\" ],\r\n  \"reason\" : [ \"\" ],\r\n  \"startTime\" : [ \"\" ],\r\n  \"endTime\" : [ \"\" ],\r\n  \"totalTime\" : [ \"\" ],\r\n  \"totalTimeText\" : [ \"\" ]\r\n}', '{\r\n  \"msg\" : \"\",\r\n  \"code\" : 0\r\n}', '0', null, '2019-11-01 20:57:28');
INSERT INTO `sys_oper_log` VALUES ('381', '', '1', 'com.ruoyi.process.web.controller.process.BizLeaveController.addSave()', 'POST', '1', 'admin', '', '/process/leave/add', '127.0.0.1', 'IP', '{\r\n  \"type\" : [ \"1\" ],\r\n  \"title\" : [ \"9\" ],\r\n  \"reason\" : [ \"\" ],\r\n  \"startTime\" : [ \"\" ],\r\n  \"endTime\" : [ \"\" ],\r\n  \"totalTime\" : [ \"\" ],\r\n  \"totalTimeText\" : [ \"\" ]\r\n}', '{\r\n  \"msg\" : \"\",\r\n  \"code\" : 0\r\n}', '0', null, '2019-11-01 20:57:45');
INSERT INTO `sys_oper_log` VALUES ('382', '', '3', 'com.ruoyi.process.definition.controller.ProcessDefinitionController.remove()', 'POST', '1', 'admin', '', '/process/definition/remove', '127.0.0.1', 'IP', '{\r\n  \"ids\" : [ \"1\" ]\r\n}', '{\r\n  \"msg\" : \"\",\r\n  \"code\" : 500\r\n}', '0', null, '2019-11-01 21:26:38');
INSERT INTO `sys_oper_log` VALUES ('383', '', '3', 'com.ruoyi.process.definition.controller.ProcessDefinitionController.remove()', 'POST', '1', 'admin', '', '/process/definition/remove', '127.0.0.1', 'IP', '{\r\n  \"ids\" : [ \"1\" ]\r\n}', '{\r\n  \"msg\" : \"\",\r\n  \"code\" : 500\r\n}', '0', null, '2019-11-01 21:26:57');
INSERT INTO `sys_oper_log` VALUES ('384', '', '3', 'com.ruoyi.process.definition.controller.ProcessDefinitionController.remove()', 'POST', '1', 'admin', '', '/process/definition/remove', '127.0.0.1', 'IP', '{\r\n  \"ids\" : [ \"1,5\" ]\r\n}', '{\r\n  \"msg\" : \"\",\r\n  \"code\" : 0\r\n}', '0', null, '2019-11-01 21:27:04');
INSERT INTO `sys_oper_log` VALUES ('385', '', '3', 'com.ruoyi.process.definition.controller.ProcessDefinitionController.remove()', 'POST', '1', 'admin', '', '/process/definition/remove', '127.0.0.1', 'IP', '{\r\n  \"ids\" : [ \"1\" ]\r\n}', '{\r\n  \"msg\" : \"\",\r\n  \"code\" : 500\r\n}', '0', null, '2019-11-01 21:27:09');
INSERT INTO `sys_oper_log` VALUES ('386', '', '1', 'com.ruoyi.process.definition.controller.ProcessDefinitionController.upload()', 'POST', '1', 'admin', '', '/process/definition/upload', '127.0.0.1', 'IP', '{ }', '{\r\n  \"msg\" : \"\",\r\n  \"code\" : 0\r\n}', '0', null, '2019-11-01 21:27:17');
INSERT INTO `sys_oper_log` VALUES ('387', '', '3', 'com.ruoyi.process.definition.controller.ProcessDefinitionController.remove()', 'POST', '1', 'admin', '', '/process/definition/remove', '127.0.0.1', 'IP', '{\r\n  \"ids\" : [ \"2501\" ]\r\n}', '{\r\n  \"msg\" : \"\",\r\n  \"code\" : 0\r\n}', '0', null, '2019-11-01 21:27:21');
INSERT INTO `sys_oper_log` VALUES ('388', '', '3', 'com.ruoyi.process.definition.controller.ProcessDefinitionController.remove()', 'POST', '1', 'admin', null, '/process/definition/remove', '127.0.0.1', 'IP', '{\r\n  \"ids\" : [ \"1\" ]\r\n}', '{\r\n  \"msg\" : \"\",\r\n  \"code\" : 0\r\n}', '0', null, '2019-11-01 21:30:32');
INSERT INTO `sys_oper_log` VALUES ('389', '', '3', 'com.ruoyi.process.definition.controller.ProcessDefinitionController.remove()', 'POST', '1', 'admin', null, '/process/definition/remove', '127.0.0.1', 'IP', '{\r\n  \"ids\" : [ \"1\" ]\r\n}', '{\r\n  \"msg\" : \"\",\r\n  \"code\" : 0\r\n}', '0', null, '2019-11-01 21:30:36');
INSERT INTO `sys_oper_log` VALUES ('390', '', '3', 'com.ruoyi.process.definition.controller.ProcessDefinitionController.remove()', 'POST', '1', 'admin', null, '/process/definition/remove', '127.0.0.1', 'IP', '{\r\n  \"ids\" : [ \"1\" ]\r\n}', '{\r\n  \"msg\" : \"\",\r\n  \"code\" : 0\r\n}', '0', null, '2019-11-01 21:30:40');
INSERT INTO `sys_oper_log` VALUES ('391', '', '3', 'com.ruoyi.process.definition.controller.ProcessDefinitionController.remove()', 'POST', '1', 'admin', null, '/process/definition/remove', '127.0.0.1', 'IP', '{\r\n  \"ids\" : [ \"1\" ]\r\n}', '{\r\n  \"msg\" : \"\",\r\n  \"code\" : 0\r\n}', '0', null, '2019-11-01 21:30:44');
INSERT INTO `sys_oper_log` VALUES ('392', '', '3', 'com.ruoyi.process.definition.controller.ProcessDefinitionController.remove()', 'POST', '1', 'admin', null, '/process/definition/remove', '127.0.0.1', 'IP', '{\r\n  \"ids\" : [ \"1\" ]\r\n}', '{\r\n  \"msg\" : \"\",\r\n  \"code\" : 0\r\n}', '0', null, '2019-11-01 21:30:48');
INSERT INTO `sys_oper_log` VALUES ('393', '', '3', 'com.ruoyi.process.definition.controller.ProcessDefinitionController.remove()', 'POST', '1', 'admin', null, '/process/definition/remove', '127.0.0.1', 'IP', '{\r\n  \"ids\" : [ \"1\" ]\r\n}', '{\r\n  \"msg\" : \"\",\r\n  \"code\" : 0\r\n}', '0', null, '2019-11-01 21:32:14');
INSERT INTO `sys_oper_log` VALUES ('394', '', '1', 'com.ruoyi.process.definition.controller.ProcessDefinitionController.upload()', 'POST', '1', 'admin', '', '/process/definition/upload', '127.0.0.1', 'IP', '{ }', '{\r\n  \"msg\" : \"\",\r\n  \"code\" : 0\r\n}', '0', null, '2019-11-01 21:34:39');
INSERT INTO `sys_oper_log` VALUES ('395', '', '3', 'com.ruoyi.process.definition.controller.ProcessDefinitionController.remove()', 'POST', '1', 'admin', '', '/process/definition/remove', '127.0.0.1', 'IP', '{\r\n  \"ids\" : [ \"7501\" ]\r\n}', '{\r\n  \"msg\" : \"\",\r\n  \"code\" : 0\r\n}', '0', null, '2019-11-01 21:34:42');
INSERT INTO `sys_oper_log` VALUES ('396', '', '1', 'com.ruoyi.process.definition.controller.ProcessDefinitionController.upload()', 'POST', '1', 'admin', '', '/process/definition/upload', '127.0.0.1', 'IP', '{ }', '{\r\n  \"msg\" : \"\",\r\n  \"code\" : 0\r\n}', '0', null, '2019-11-01 21:35:00');
INSERT INTO `sys_oper_log` VALUES ('397', '', '1', 'com.ruoyi.process.definition.controller.ProcessDefinitionController.upload()', 'POST', '1', 'admin', '', '/process/definition/upload', '127.0.0.1', 'IP', '{ }', '{\r\n  \"msg\" : \"\",\r\n  \"code\" : 0\r\n}', '0', null, '2019-11-01 21:35:04');
INSERT INTO `sys_oper_log` VALUES ('398', '', '1', 'com.ruoyi.process.web.controller.process.BizLeaveController.addSave()', 'POST', '1', 'chengxy', '', '/process/leave/add', '127.0.0.1', 'IP', '{\r\n  \"type\" : [ \"0\" ],\r\n  \"title\" : [ \"10\" ],\r\n  \"reason\" : [ \"\" ],\r\n  \"startTime\" : [ \"\" ],\r\n  \"endTime\" : [ \"\" ],\r\n  \"totalTime\" : [ \"\" ],\r\n  \"totalTimeText\" : [ \"\" ]\r\n}', '{\r\n  \"msg\" : \"\",\r\n  \"code\" : 0\r\n}', '0', null, '2019-11-01 21:42:34');
INSERT INTO `sys_oper_log` VALUES ('399', '', '2', 'com.ruoyi.process.web.controller.process.BizLeaveController.submitApply()', 'POST', '1', 'admin', '', '/process/leave/submitApply', '127.0.0.1', 'IP', '{\r\n  \"id\" : [ \"27\" ]\r\n}', '{\r\n  \"msg\" : \"\",\r\n  \"code\" : 0\r\n}', '0', null, '2019-11-01 21:46:49');
INSERT INTO `sys_oper_log` VALUES ('400', '', '3', 'com.ruoyi.process.definition.controller.ProcessDefinitionController.remove()', 'POST', '1', 'admin', '', '/process/definition/remove', '127.0.0.1', 'IP', '{\r\n  \"ids\" : [ \"7505\" ]\r\n}', '{\r\n  \"msg\" : \"\",\r\n  \"code\" : 500\r\n}', '0', null, '2019-11-01 21:49:45');
INSERT INTO `sys_oper_log` VALUES ('401', '', '3', 'com.ruoyi.process.definition.controller.ProcessDefinitionController.remove()', 'POST', '1', 'admin', '', '/process/definition/remove', '127.0.0.1', 'IP', '{\r\n  \"ids\" : [ \"7509\" ]\r\n}', '{\r\n  \"msg\" : \"\",\r\n  \"code\" : 0\r\n}', '0', null, '2019-11-01 21:49:50');
INSERT INTO `sys_oper_log` VALUES ('402', '', '1', 'com.ruoyi.process.definition.controller.ProcessDefinitionController.upload()', 'POST', '1', 'admin', '', '/process/definition/upload', '127.0.0.1', 'IP', '{ }', '{\r\n  \"msg\" : \"\",\r\n  \"code\" : 0\r\n}', '0', null, '2019-11-01 21:49:55');
INSERT INTO `sys_oper_log` VALUES ('403', '', '3', 'com.ruoyi.process.definition.controller.ProcessDefinitionController.remove()', 'POST', '1', 'admin', '', '/process/definition/remove', '127.0.0.1', 'IP', '{\r\n  \"ids\" : [ \"7505,10009\" ]\r\n}', '{\r\n  \"msg\" : \"\",\r\n  \"code\" : 0\r\n}', '0', null, '2019-11-01 21:49:58');
INSERT INTO `sys_oper_log` VALUES ('404', '', '3', 'com.ruoyi.process.definition.controller.ProcessDefinitionController.remove()', 'POST', '1', 'admin', '', '/process/definition/remove', '127.0.0.1', 'IP', '{\r\n  \"ids\" : [ \"7505\" ]\r\n}', '{\r\n  \"msg\" : \"\",\r\n  \"code\" : 500\r\n}', '0', null, '2019-11-01 21:50:02');
INSERT INTO `sys_oper_log` VALUES ('405', '', '3', 'com.ruoyi.process.definition.controller.ProcessDefinitionController.remove()', 'POST', '1', 'admin', '', '/process/definition/remove', '127.0.0.1', 'IP', '{\r\n  \"ids\" : [ \"7505\" ]\r\n}', '{\r\n  \"msg\" : \"\",\r\n  \"code\" : 500\r\n}', '0', null, '2019-11-01 21:50:08');
INSERT INTO `sys_oper_log` VALUES ('406', '', '5', 'com.ruoyi.process.definition.controller.ProcessDefinitionController.export()', 'POST', '1', 'admin', '', '/process/definition/export', '127.0.0.1', 'IP', '{\r\n  \"key\" : [ \"\" ],\r\n  \"name\" : [ \"\" ],\r\n  \"category\" : [ \"\" ]\r\n}', '{\r\n  \"msg\" : \"97488b4b-5208-442f-b07a-388398bfde95_.xlsx\",\r\n  \"code\" : 0\r\n}', '0', null, '2019-11-01 21:50:37');
INSERT INTO `sys_oper_log` VALUES ('407', '', '1', 'com.ruoyi.process.web.controller.process.BizLeaveController.addSave()', 'POST', '1', 'admin', '', '/process/leave/add', '127.0.0.1', 'IP', '{\r\n  \"type\" : [ \"1\" ],\r\n  \"title\" : [ \"11\" ],\r\n  \"reason\" : [ \"\" ],\r\n  \"startTime\" : [ \"\" ],\r\n  \"endTime\" : [ \"\" ],\r\n  \"totalTime\" : [ \"\" ],\r\n  \"totalTimeText\" : [ \"\" ]\r\n}', '{\r\n  \"msg\" : \"\",\r\n  \"code\" : 0\r\n}', '0', null, '2019-11-01 22:45:27');
INSERT INTO `sys_oper_log` VALUES ('408', '', '2', 'com.ruoyi.process.web.controller.process.BizLeaveController.submitApply()', 'POST', '1', 'admin', '', '/process/leave/submitApply', '127.0.0.1', 'IP', '{\r\n  \"id\" : [ \"17\" ]\r\n}', '{\r\n  \"msg\" : \"\",\r\n  \"code\" : 0\r\n}', '0', null, '2019-11-05 21:42:14');
INSERT INTO `sys_oper_log` VALUES ('409', '', '2', 'com.ruoyi.process.leavecountersign.controller.BizLeaveCounterSignController.submitApply()', 'POST', '1', 'admin', '', '/process/leaveCounterSign/submitApply', '127.0.0.1', 'IP', '{\r\n  \"id\" : [ \"18\" ],\r\n  \"users[]\" : [ \"rensm\", \"axianlu\" ]\r\n}', '{\r\n  \"msg\" : \"\",\r\n  \"code\" : 500\r\n}', '0', null, '2019-11-05 21:42:37');
INSERT INTO `sys_oper_log` VALUES ('410', '', '1', 'com.ruoyi.process.definition.controller.ProcessDefinitionController.upload()', 'POST', '1', 'admin', '', '/process/definition/upload', '127.0.0.1', 'IP', '{ }', '{\r\n  \"msg\" : \"\",\r\n  \"code\" : 0\r\n}', '0', null, '2019-11-05 21:44:28');
INSERT INTO `sys_oper_log` VALUES ('411', '', '2', 'com.ruoyi.process.leavecountersign.controller.BizLeaveCounterSignController.submitApply()', 'POST', '1', 'admin', '', '/process/leaveCounterSign/submitApply', '127.0.0.1', 'IP', '{\r\n  \"id\" : [ \"18\" ],\r\n  \"users[]\" : [ \"rensm\", \"axianlu\" ]\r\n}', '{\r\n  \"msg\" : \"\",\r\n  \"code\" : 0\r\n}', '0', null, '2019-11-05 21:44:50');
INSERT INTO `sys_oper_log` VALUES ('412', '', '2', 'com.ruoyi.process.leavecountersign.controller.BizLeaveCounterSignController.submitApply()', 'POST', '1', 'admin', '', '/process/leaveCounterSign/submitApply', '127.0.0.1', 'IP', '{\r\n  \"id\" : [ \"19\" ],\r\n  \"users[]\" : [ \"rensm\", \"axianlu\" ]\r\n}', '{\r\n  \"msg\" : \"\",\r\n  \"code\" : 0\r\n}', '0', null, '2019-11-05 21:51:58');
INSERT INTO `sys_oper_log` VALUES ('413', '', '2', 'com.ruoyi.process.leavecountersign.controller.BizLeaveCounterSignController.submitApply()', 'POST', '1', 'admin', '', '/process/leaveCounterSign/submitApply', '127.0.0.1', 'IP', '{\r\n  \"id\" : [ \"20\" ],\r\n  \"users[]\" : [ \"rensm\", \"axianlu\" ]\r\n}', '{\r\n  \"msg\" : \"\",\r\n  \"code\" : 0\r\n}', '0', null, '2019-11-05 21:54:27');
INSERT INTO `sys_oper_log` VALUES ('414', '', '2', 'com.ruoyi.process.leavecountersign.controller.BizLeaveCounterSignController.submitApply()', 'POST', '1', 'admin', '', '/process/leaveCounterSign/submitApply', '127.0.0.1', 'IP', '{\r\n  \"id\" : [ \"21\" ],\r\n  \"users[]\" : [ \"rensm\", \"axianlu\" ]\r\n}', '{\r\n  \"msg\" : \"\",\r\n  \"code\" : 0\r\n}', '0', null, '2019-11-05 21:56:57');
INSERT INTO `sys_oper_log` VALUES ('415', '', '2', 'com.ruoyi.process.leavecountersign.controller.BizLeaveCounterSignController.submitApply()', 'POST', '1', 'admin', '', '/process/leaveCounterSign/submitApply', '127.0.0.1', 'IP', '{\r\n  \"id\" : [ \"22\" ],\r\n  \"users[]\" : [ \"rensm\", \"axianlu\" ]\r\n}', '{\r\n  \"msg\" : \"\",\r\n  \"code\" : 0\r\n}', '0', null, '2019-11-05 21:59:51');
INSERT INTO `sys_oper_log` VALUES ('416', '', '2', 'com.ruoyi.process.leavecountersign.controller.BizLeaveCounterSignController.submitApply()', 'POST', '1', 'admin', '', '/process/leaveCounterSign/submitApply', '127.0.0.1', 'IP', '{\r\n  \"id\" : [ \"23\" ],\r\n  \"users[]\" : [ \"rensm\", \"axianlu\" ]\r\n}', '{\r\n  \"msg\" : \"\",\r\n  \"code\" : 0\r\n}', '0', null, '2019-11-05 22:02:28');
INSERT INTO `sys_oper_log` VALUES ('417', '', '2', 'com.ruoyi.process.leavecountersign.controller.BizLeaveCounterSignController.submitApply()', 'POST', '1', 'admin', '', '/process/leaveCounterSign/submitApply', '127.0.0.1', 'IP', '{\r\n  \"id\" : [ \"24\" ],\r\n  \"users[]\" : [ \"rensm\", \"axianlu\" ]\r\n}', '{\r\n  \"msg\" : \"\",\r\n  \"code\" : 0\r\n}', '0', null, '2019-11-05 22:08:33');
INSERT INTO `sys_oper_log` VALUES ('418', '', '2', 'com.ruoyi.process.leavecountersign.controller.BizLeaveCounterSignController.submitApply()', 'POST', '1', 'admin', '', '/process/leaveCounterSign/submitApply', '127.0.0.1', 'IP', '{\r\n  \"id\" : [ \"25\" ],\r\n  \"users[]\" : [ \"rensm\", \"axianlu\" ]\r\n}', '{\r\n  \"msg\" : \"\",\r\n  \"code\" : 0\r\n}', '0', null, '2019-11-05 22:12:00');
INSERT INTO `sys_oper_log` VALUES ('419', '', '2', 'com.ruoyi.process.leavecountersign.controller.BizLeaveCounterSignController.submitApply()', 'POST', '1', 'admin', '', '/process/leaveCounterSign/submitApply', '127.0.0.1', 'IP', '{\r\n  \"id\" : [ \"26\" ],\r\n  \"users[]\" : [ \"rensm\", \"axianlu\" ]\r\n}', '{\r\n  \"msg\" : \"\",\r\n  \"code\" : 0\r\n}', '0', null, '2019-11-05 22:12:31');
INSERT INTO `sys_oper_log` VALUES ('420', '', '2', 'com.ruoyi.process.web.controller.process.BizLeaveController.submitApply()', 'POST', '1', 'admin', '', '/process/leave/submitApply', '127.0.0.1', 'IP', '{\r\n  \"id\" : [ \"28\" ]\r\n}', '{\r\n  \"msg\" : \"\",\r\n  \"code\" : 0\r\n}', '0', null, '2019-11-05 22:13:46');
INSERT INTO `sys_oper_log` VALUES ('421', '', '1', 'com.ruoyi.process.leavecountersign.controller.BizLeaveCounterSignController.addSave()', 'POST', '1', 'admin', '', '/process/leaveCounterSign/add', '127.0.0.1', 'IP', '{\r\n  \"type\" : [ \"0\" ],\r\n  \"title\" : [ \"111111111\" ],\r\n  \"reason\" : [ \"2222222222\" ],\r\n  \"startTime\" : [ \"2019-11-05 22:15\" ],\r\n  \"endTime\" : [ \"2019-11-06 10:15\" ],\r\n  \"totalTime\" : [ \"43200\" ],\r\n  \"totalTimeText\" : [ \"0  12  0  0 \" ]\r\n}', '{\r\n  \"msg\" : \"\",\r\n  \"code\" : 0\r\n}', '0', null, '2019-11-05 22:18:35');
INSERT INTO `sys_oper_log` VALUES ('422', '', '2', 'com.ruoyi.process.web.controller.process.BizLeaveController.submitApply()', 'POST', '1', 'admin', '', '/process/leave/submitApply', '127.0.0.1', 'IP', '{\r\n  \"id\" : [ \"29\" ]\r\n}', '{\r\n  \"msg\" : \"\",\r\n  \"code\" : 0\r\n}', '0', null, '2019-11-05 22:28:05');
INSERT INTO `sys_oper_log` VALUES ('423', '', '1', 'com.ruoyi.process.leavecountersign.controller.BizLeaveCounterSignController.addSave()', 'POST', '1', 'admin', '', '/process/leaveCounterSign/add', '127.0.0.1', 'IP', '{\r\n  \"type\" : [ \"0\" ],\r\n  \"title\" : [ \"1212\" ],\r\n  \"reason\" : [ \"1111111111111\" ],\r\n  \"startTime\" : [ \"2019-11-05 22:50\" ],\r\n  \"endTime\" : [ \"2019-11-05 23:50\" ],\r\n  \"totalTime\" : [ \"3600\" ],\r\n  \"totalTimeText\" : [ \"0  1  0  0 \" ]\r\n}', '{\r\n  \"msg\" : \"\",\r\n  \"code\" : 0\r\n}', '0', null, '2019-11-05 22:47:00');
INSERT INTO `sys_oper_log` VALUES ('424', '', '2', 'com.ruoyi.process.web.controller.process.BizLeaveController.editSave()', 'POST', '1', 'admin', '', '/process/leave/edit', '127.0.0.1', 'IP', '{\r\n  \"id\" : [ \"30\" ],\r\n  \"applyUserName\" : [ \"\" ],\r\n  \"applyTime\" : [ \"\" ],\r\n  \"type\" : [ \"1\" ],\r\n  \"title\" : [ \"1212\" ],\r\n  \"reason\" : [ \"1111111111111\" ],\r\n  \"startTime\" : [ \"2019-11-07 00:00\" ],\r\n  \"endTime\" : [ \"2019-11-06 23:55\" ],\r\n  \"totalTime\" : [ \"-300\" ],\r\n  \"totalTimeText\" : [ \"-1  -1  -5  0 \" ]\r\n}', '{\r\n  \"msg\" : \"\",\r\n  \"code\" : 0\r\n}', '0', null, '2019-11-06 15:57:18');
INSERT INTO `sys_oper_log` VALUES ('425', '', '1', 'com.ruoyi.process.web.controller.process.BizLeaveController.addSave()', 'POST', '1', 'admin', '', '/process/leave/add', '127.0.0.1', 'IP', '{\r\n  \"type\" : [ \"0\" ],\r\n  \"title\" : [ \"12\" ],\r\n  \"reason\" : [ \"22\" ],\r\n  \"startTime\" : [ \"2019-11-06 17:25\" ],\r\n  \"endTime\" : [ \"2019-11-16 06:25\" ],\r\n  \"totalTime\" : [ \"824400\" ],\r\n  \"totalTimeText\" : [ \"9  13  0  0 \" ]\r\n}', '{\r\n  \"msg\" : \"\",\r\n  \"code\" : 0\r\n}', '0', null, '2019-11-06 16:11:00');
INSERT INTO `sys_oper_log` VALUES ('426', '', '2', 'com.ruoyi.process.web.controller.process.BizLeaveController.editSave()', 'POST', '1', 'admin', '', '/process/leave/edit', '127.0.0.1', 'IP', '{\r\n  \"id\" : [ \"30\" ],\r\n  \"applyUserName\" : [ \"\" ],\r\n  \"applyTime\" : [ \"\" ],\r\n  \"type\" : [ \"1\" ],\r\n  \"title\" : [ \"1212\" ],\r\n  \"reason\" : [ \"1111111111111\" ],\r\n  \"startTime\" : [ \"2019-11-07 00:00\" ],\r\n  \"endTime\" : [ \"2019-11-08 23:15\" ],\r\n  \"totalTime\" : [ \"170100\" ],\r\n  \"totalTimeText\" : [ \"1  23  15  0 \" ]\r\n}', '{\r\n  \"msg\" : \"\",\r\n  \"code\" : 0\r\n}', '0', null, '2019-11-06 16:23:05');
INSERT INTO `sys_oper_log` VALUES ('427', '', '1', 'com.ruoyi.process.leavecountersign.controller.BizLeaveCounterSignController.addSave()', 'POST', '1', 'admin', '', '/process/leaveCounterSign/add', '127.0.0.1', 'IP', '{\r\n  \"type\" : [ \"0\" ],\r\n  \"title\" : [ \"\" ],\r\n  \"reason\" : [ \"1111\" ],\r\n  \"startTime\" : [ \"2019-11-07 06:30\" ],\r\n  \"endTime\" : [ \"2019-11-08 02:05\" ],\r\n  \"totalTime\" : [ \"70500\" ],\r\n  \"totalTimeText\" : [ \"0  19  35  0 \" ]\r\n}', '{\r\n  \"msg\" : \"\",\r\n  \"code\" : 0\r\n}', '0', null, '2019-11-06 16:24:06');
INSERT INTO `sys_oper_log` VALUES ('428', '', '2', 'com.ruoyi.process.leavecountersign.controller.BizLeaveCounterSignController.editSave()', 'POST', '1', 'admin', '', '/process/leaveCounterSign/edit', '127.0.0.1', 'IP', '{\r\n  \"id\" : [ \"32\" ],\r\n  \"applyUserName\" : [ \"\" ],\r\n  \"applyTime\" : [ \"\" ],\r\n  \"type\" : [ \"1\" ],\r\n  \"title\" : [ \"\" ],\r\n  \"reason\" : [ \"1111\" ],\r\n  \"startTime\" : [ \"2019-11-07 01:05\" ],\r\n  \"endTime\" : [ \"2019-11-08 02:05\" ],\r\n  \"totalTime\" : [ \"90000\" ],\r\n  \"totalTimeText\" : [ \"1  1  0  0 \" ]\r\n}', '{\r\n  \"msg\" : \"\",\r\n  \"code\" : 0\r\n}', '0', null, '2019-11-06 16:25:29');
INSERT INTO `sys_oper_log` VALUES ('429', '', '2', 'com.ruoyi.web.controller.system.SysProfileController.updateAvatar()', 'POST', '1', 'admin', '', '/system/user/profile/updateAvatar', '127.0.0.1', 'IP', '{ }', '{\r\n  \"msg\" : \"\",\r\n  \"code\" : 0\r\n}', '0', null, '2019-11-06 16:31:54');
INSERT INTO `sys_oper_log` VALUES ('430', '', '2', 'com.ruoyi.web.controller.system.SysConfigController.editSave()', 'POST', '1', 'admin', '', '/system/config/edit', '127.0.0.1', 'IP', '{\r\n  \"configId\" : [ \"1\" ],\r\n  \"configName\" : [ \"-\" ],\r\n  \"configKey\" : [ \"sys.index.skinName\" ],\r\n  \"configValue\" : [ \"skin-purple\" ],\r\n  \"configType\" : [ \"Y\" ],\r\n  \"remark\" : [ \" skin-blue skin-green skin-purple skin-red skin-yellow\" ]\r\n}', '{\r\n  \"msg\" : \"\",\r\n  \"code\" : 0\r\n}', '0', null, '2019-11-06 16:32:38');
INSERT INTO `sys_oper_log` VALUES ('431', '', '2', 'com.ruoyi.web.controller.system.SysConfigController.editSave()', 'POST', '1', 'admin', '', '/system/config/edit', '127.0.0.1', 'IP', '{\r\n  \"configId\" : [ \"1\" ],\r\n  \"configName\" : [ \"-\" ],\r\n  \"configKey\" : [ \"sys.index.skinName\" ],\r\n  \"configValue\" : [ \"skin-blue\" ],\r\n  \"configType\" : [ \"Y\" ],\r\n  \"remark\" : [ \" skin-blue skin-green skin-purple skin-red skin-yellow\" ]\r\n}', '{\r\n  \"msg\" : \"\",\r\n  \"code\" : 0\r\n}', '0', null, '2019-11-06 16:59:47');
INSERT INTO `sys_oper_log` VALUES ('432', '', '2', 'com.ruoyi.web.controller.system.SysConfigController.editSave()', 'POST', '1', 'admin', '', '/system/config/edit', '127.0.0.1', 'IP', '{\r\n  \"configId\" : [ \"1\" ],\r\n  \"configName\" : [ \"-\" ],\r\n  \"configKey\" : [ \"sys.index.skinName\" ],\r\n  \"configValue\" : [ \"skin-yellow\" ],\r\n  \"configType\" : [ \"Y\" ],\r\n  \"remark\" : [ \" skin-blue skin-green skin-purple skin-red skin-yellow\" ]\r\n}', '{\r\n  \"msg\" : \"\",\r\n  \"code\" : 0\r\n}', '0', null, '2019-11-06 17:00:05');
INSERT INTO `sys_oper_log` VALUES ('433', '', '2', 'com.ruoyi.web.controller.system.SysConfigController.editSave()', 'POST', '1', 'admin', '', '/system/config/edit', '127.0.0.1', 'IP', '{\r\n  \"configId\" : [ \"1\" ],\r\n  \"configName\" : [ \"-\" ],\r\n  \"configKey\" : [ \"sys.index.skinName\" ],\r\n  \"configValue\" : [ \"skin-purple\" ],\r\n  \"configType\" : [ \"Y\" ],\r\n  \"remark\" : [ \" skin-blue skin-green skin-purple skin-red skin-yellow\" ]\r\n}', '{\r\n  \"msg\" : \"\",\r\n  \"code\" : 0\r\n}', '0', null, '2019-11-06 17:00:20');
INSERT INTO `sys_oper_log` VALUES ('434', '', '6', 'com.ruoyi.generator.controller.GenController.importTableSave()', 'POST', '1', 'admin', '', '/tool/gen/importTable', '127.0.0.1', 'IP', '{\r\n  \"tables\" : [ \"biz_todo_item\" ]\r\n}', '{\r\n  \"msg\" : \"\",\r\n  \"code\" : 0\r\n}', '0', null, '2019-11-08 11:48:18');
INSERT INTO `sys_oper_log` VALUES ('435', '', '2', 'com.ruoyi.generator.controller.GenController.editSave()', 'POST', '1', 'admin', '', '/tool/gen/edit', '127.0.0.1', 'IP', '{\r\n  \"tableId\" : [ \"6\" ],\r\n  \"tableName\" : [ \"biz_todo_item\" ],\r\n  \"tableComment\" : [ \"\" ],\r\n  \"className\" : [ \"BizTodoItem\" ],\r\n  \"functionAuthor\" : [ \"Xianlu Tech\" ],\r\n  \"remark\" : [ \"\" ],\r\n  \"columns[0].columnId\" : [ \"47\" ],\r\n  \"columns[0].sort\" : [ \"1\" ],\r\n  \"columns[0].columnComment\" : [ \" ID\" ],\r\n  \"columns[0].javaType\" : [ \"Long\" ],\r\n  \"columns[0].javaField\" : [ \"id\" ],\r\n  \"columns[0].isInsert\" : [ \"1\" ],\r\n  \"columns[0].queryType\" : [ \"EQ\" ],\r\n  \"columns[0].htmlType\" : [ \"input\" ],\r\n  \"columns[0].dictType\" : [ \"\" ],\r\n  \"columns[1].columnId\" : [ \"48\" ],\r\n  \"columns[1].sort\" : [ \"2\" ],\r\n  \"columns[1].columnComment\" : [ \"\" ],\r\n  \"columns[1].javaType\" : [ \"String\" ],\r\n  \"columns[1].javaField\" : [ \"itemName\" ],\r\n  \"columns[1].isInsert\" : [ \"1\" ],\r\n  \"columns[1].isEdit\" : [ \"1\" ],\r\n  \"columns[1].isList\" : [ \"1\" ],\r\n  \"columns[1].isQuery\" : [ \"1\" ],\r\n  \"columns[1].queryType\" : [ \"LIKE\" ],\r\n  \"columns[1].htmlType\" : [ \"input\" ],\r\n  \"columns[1].dictType\" : [ \"\" ],\r\n  \"columns[2].columnId\" : [ \"49\" ],\r\n  \"columns[2].sort\" : [ \"3\" ],\r\n  \"columns[2].columnComment\" : [ \"\" ],\r\n  \"columns[2].javaType\" : [ \"String\" ],\r\n  \"columns[2].javaField\" : [ \"itemContent\" ],\r\n  \"columns[2].isInsert\" : [ \"1\" ],\r\n  \"columns[2].isEdit\" : [ \"1\" ],\r\n  \"columns[2].isList\" : [ \"1\" ],\r\n  \"columns[2].isQuery\" : [ \"1\" ],\r\n  \"columns[2].queryType\" : [ \"EQ\" ],\r\n  \"columns[2].htmlType\" : [ \"textarea\" ],\r\n  \"columns[2].dictType\" : [ \"\" ],\r\n  \"columns[3].columnId\" : [ \"50\" ],\r\n  \"columns[3].sort\" : [ \"4\" ],\r\n  \"columns[3].columnComment\" : [ \" ( uri )\" ],\r\n  \"columns[3].javaType\" : [ \"String\" ],\r\n  \"columns[3].javaField\" : [ \"module\" ],\r\n  \"columns[3].isInsert\" : [ \"1\" ],\r\n  \"columns[3].isEdit\" : [ \"1\" ],\r\n  \"columns[3].isList\" : [ \"1\" ],\r\n  \"columns[3].isQuery\" : [ \"1\" ],\r\n  \"columns[3].queryType\" : [ \"EQ\" ],\r\n  \"columns[3].htmlType\" : [ \"input\" ],\r\n  \"columns[3].dictType\" : [ \"\" ],\r\n  \"columns[4].columnId\" : [ \"51\" ],\r\n  \"columns[4].sort\" : [ \"5\" ],\r\n  \"columns[4].columnComme', '{\r\n  \"msg\" : \"\",\r\n  \"code\" : 0\r\n}', '0', null, '2019-11-08 11:49:40');
INSERT INTO `sys_oper_log` VALUES ('436', '', '8', 'com.ruoyi.generator.controller.GenController.genCode()', 'GET', '1', 'admin', '', '/tool/gen/genCode/biz_todo_item', '127.0.0.1', 'IP', '{ }', 'null', '0', null, '2019-11-08 11:49:47');
INSERT INTO `sys_oper_log` VALUES ('437', '', '1', 'com.ruoyi.web.controller.system.SysMenuController.addSave()', 'POST', '1', 'admin', '', '/system/menu/add', '127.0.0.1', 'IP', '{\r\n  \"parentId\" : [ \"2017\" ],\r\n  \"menuType\" : [ \"M\" ],\r\n  \"menuName\" : [ \"\" ],\r\n  \"url\" : [ \"\" ],\r\n  \"target\" : [ \"menuItem\" ],\r\n  \"perms\" : [ \"\" ],\r\n  \"orderNum\" : [ \"3\" ],\r\n  \"icon\" : [ \"#\" ],\r\n  \"visible\" : [ \"0\" ]\r\n}', '{\r\n  \"msg\" : \"\",\r\n  \"code\" : 0\r\n}', '0', null, '2019-11-08 11:53:25');
INSERT INTO `sys_oper_log` VALUES ('438', '', '2', 'com.ruoyi.web.controller.system.SysMenuController.editSave()', 'POST', '1', 'admin', '', '/system/menu/edit', '127.0.0.1', 'IP', '{\r\n  \"menuId\" : [ \"2039\" ],\r\n  \"parentId\" : [ \"2045\" ],\r\n  \"menuType\" : [ \"C\" ],\r\n  \"menuName\" : [ \"\" ],\r\n  \"url\" : [ \"/process/todoitem\" ],\r\n  \"target\" : [ \"menuItem\" ],\r\n  \"perms\" : [ \"process:todoitem:view\" ],\r\n  \"orderNum\" : [ \"1\" ],\r\n  \"icon\" : [ \"#\" ],\r\n  \"visible\" : [ \"0\" ]\r\n}', '{\r\n  \"msg\" : \"\",\r\n  \"code\" : 0\r\n}', '0', null, '2019-11-08 11:54:09');
INSERT INTO `sys_oper_log` VALUES ('439', '', '1', 'com.ruoyi.process.leave.controller.BizLeaveController.addSave()', 'POST', '1', 'chengxy', '', '/process/leave/add', '127.0.0.1', 'IP', '{\r\n  \"type\" : [ \"0\" ],\r\n  \"title\" : [ \"123\" ],\r\n  \"reason\" : [ \"1441\" ],\r\n  \"startTime\" : [ \"2019-11-08 14:45\" ],\r\n  \"endTime\" : [ \"2019-11-09 01:00\" ],\r\n  \"totalTime\" : [ \"36900\" ],\r\n  \"totalTimeText\" : [ \"0  10  15  0 \" ]\r\n}', '{\r\n  \"msg\" : \"\",\r\n  \"code\" : 0\r\n}', '0', null, '2019-11-08 14:42:00');
INSERT INTO `sys_oper_log` VALUES ('440', '', '2', 'com.ruoyi.process.leave.controller.BizLeaveController.submitApply()', 'POST', '1', 'admin', '', '/process/leave/submitApply', '127.0.0.1', 'IP', '{\r\n  \"id\" : [ \"33\" ]\r\n}', '{\r\n  \"msg\" : \"\",\r\n  \"code\" : 0\r\n}', '0', null, '2019-11-08 14:44:12');
INSERT INTO `sys_oper_log` VALUES ('441', '', '2', 'com.ruoyi.process.leave.controller.BizLeaveController.submitApply()', 'POST', '1', 'admin', '', '/process/leave/submitApply', '127.0.0.1', 'IP', '{\r\n  \"id\" : [ \"32\" ]\r\n}', '{\r\n  \"msg\" : \"\",\r\n  \"code\" : 0\r\n}', '0', null, '2019-11-08 14:57:14');
INSERT INTO `sys_oper_log` VALUES ('442', '', '2', 'com.ruoyi.process.leavecountersign.controller.BizLeaveCounterSignController.submitApply()', 'POST', '1', 'admin', '', '/process/leaveCounterSign/submitApply', '127.0.0.1', 'IP', '{\r\n  \"id\" : [ \"30\" ],\r\n  \"users[]\" : [ \"rensm\", \"axianlu\" ]\r\n}', '{\r\n  \"msg\" : \"\",\r\n  \"code\" : 0\r\n}', '0', null, '2019-11-08 15:35:10');
INSERT INTO `sys_oper_log` VALUES ('443', '', '2', 'com.ruoyi.process.leave.controller.BizLeaveController.submitApply()', 'POST', '1', 'admin', '', '/process/leave/submitApply', '127.0.0.1', 'IP', '{\r\n  \"id\" : [ \"31\" ]\r\n}', '{\r\n  \"msg\" : \"\",\r\n  \"code\" : 0\r\n}', '0', null, '2019-11-08 15:47:01');
INSERT INTO `sys_oper_log` VALUES ('444', '', '1', 'com.ruoyi.process.leave.controller.BizLeaveController.addSave()', 'POST', '1', 'admin', '', '/process/leave/add', '127.0.0.1', 'IP', '{\r\n  \"type\" : [ \"0\" ],\r\n  \"title\" : [ \"\" ],\r\n  \"reason\" : [ \"\" ],\r\n  \"startTime\" : [ \"2019-11-08 15:50\" ],\r\n  \"endTime\" : [ \"2019-11-15 15:30\" ],\r\n  \"totalTime\" : [ \"603600\" ],\r\n  \"totalTimeText\" : [ \"6  23  40  0 \" ]\r\n}', '{\r\n  \"msg\" : \"\",\r\n  \"code\" : 0\r\n}', '0', null, '2019-11-08 15:49:15');
INSERT INTO `sys_oper_log` VALUES ('445', '', '1', 'com.ruoyi.process.leave.controller.BizLeaveController.addSave()', 'POST', '1', 'admin', '', '/process/leave/add', '127.0.0.1', 'IP', '{\r\n  \"type\" : [ \"0\" ],\r\n  \"title\" : [ \"\" ],\r\n  \"reason\" : [ \"\" ],\r\n  \"startTime\" : [ \"2019-11-21 06:25\" ],\r\n  \"endTime\" : [ \"2019-11-28 14:30\" ],\r\n  \"totalTime\" : [ \"633900\" ],\r\n  \"totalTimeText\" : [ \"7  8  5  0 \" ]\r\n}', '{\r\n  \"msg\" : \"\",\r\n  \"code\" : 0\r\n}', '0', null, '2019-11-08 15:49:42');
INSERT INTO `sys_oper_log` VALUES ('446', '', '2', 'com.ruoyi.process.leave.controller.BizLeaveController.submitApply()', 'POST', '1', 'admin', '', '/process/leave/submitApply', '127.0.0.1', 'IP', '{\r\n  \"id\" : [ \"34\" ]\r\n}', '{\r\n  \"msg\" : \"\",\r\n  \"code\" : 0\r\n}', '0', null, '2019-11-08 15:49:59');
INSERT INTO `sys_oper_log` VALUES ('447', '', '2', 'com.ruoyi.process.leave.controller.BizLeaveController.submitApply()', 'POST', '1', 'admin', '', '/process/leave/submitApply', '127.0.0.1', 'IP', '{\r\n  \"id\" : [ \"35\" ]\r\n}', '{\r\n  \"msg\" : \"\",\r\n  \"code\" : 0\r\n}', '0', null, '2019-11-08 15:50:03');
INSERT INTO `sys_oper_log` VALUES ('448', '', '1', 'com.ruoyi.process.user.controller.ActIdUserController.addSave()', 'POST', '1', 'admin', '', '/process/user/add', '127.0.0.1', 'IP', '{\r\n  \"id\" : [ \"admin\" ],\r\n  \"first\" : [ \"\" ],\r\n  \"email\" : [ \"\" ],\r\n  \"groupIds\" : [ \"\" ]\r\n}', '{\r\n  \"msg\" : \"\",\r\n  \"code\" : 0\r\n}', '0', null, '2019-11-08 16:05:09');
INSERT INTO `sys_oper_log` VALUES ('449', '', '1', 'com.ruoyi.process.leave.controller.BizLeaveController.addSave()', 'POST', '1', 'admin', '', '/process/leave/add', '127.0.0.1', 'IP', '{\r\n  \"type\" : [ \"0\" ],\r\n  \"title\" : [ \"1109\" ],\r\n  \"reason\" : [ \"\" ],\r\n  \"startTime\" : [ \"2019-11-09 23:00\" ],\r\n  \"endTime\" : [ \"2019-11-10 13:00\" ],\r\n  \"totalTime\" : [ \"50400\" ],\r\n  \"totalTimeText\" : [ \"0  14  0  0 \" ]\r\n}', '{\r\n  \"msg\" : \"\",\r\n  \"code\" : 0\r\n}', '0', null, '2019-11-09 22:59:39');
INSERT INTO `sys_oper_log` VALUES ('450', '', '2', 'com.ruoyi.process.leave.controller.BizLeaveController.submitApply()', 'POST', '1', 'admin', '', '/process/leave/submitApply', '127.0.0.1', 'IP', '{\r\n  \"id\" : [ \"36\" ]\r\n}', '{\r\n  \"msg\" : \"\",\r\n  \"code\" : 0\r\n}', '0', null, '2019-11-09 23:00:58');
INSERT INTO `sys_oper_log` VALUES ('451', '', '1', 'com.ruoyi.process.leave.controller.BizLeaveController.addSave()', 'POST', '1', 'admin', '', '/process/leave/add', '127.0.0.1', 'IP', '{\r\n  \"type\" : [ \"0\" ],\r\n  \"title\" : [ \"1055\" ],\r\n  \"reason\" : [ \"\" ],\r\n  \"startTime\" : [ \"2019-11-10 11:00\" ],\r\n  \"endTime\" : [ \"2019-11-11 11:00\" ],\r\n  \"totalTime\" : [ \"86400\" ],\r\n  \"totalTimeText\" : [ \"1  0  0  0 \" ]\r\n}', '{\r\n  \"msg\" : \"\",\r\n  \"code\" : 0\r\n}', '0', null, '2019-11-10 10:56:23');
INSERT INTO `sys_oper_log` VALUES ('452', '', '2', 'com.ruoyi.process.leave.controller.BizLeaveController.submitApply()', 'POST', '1', 'admin', '', '/process/leave/submitApply', '127.0.0.1', 'IP', '{\r\n  \"id\" : [ \"37\" ]\r\n}', '{\r\n  \"msg\" : \"\",\r\n  \"code\" : 0\r\n}', '0', null, '2019-11-10 10:56:30');
INSERT INTO `sys_oper_log` VALUES ('453', '', '1', 'com.ruoyi.process.leavecountersign.controller.BizLeaveCounterSignController.addSave()', 'POST', '1', 'admin', '', '/process/leaveCounterSign/add', '127.0.0.1', 'IP', '{\r\n  \"type\" : [ \"0\" ],\r\n  \"title\" : [ \"1100\" ],\r\n  \"reason\" : [ \"\" ],\r\n  \"startTime\" : [ \"2019-11-10 11:30\" ],\r\n  \"endTime\" : [ \"2019-11-11 17:30\" ],\r\n  \"totalTime\" : [ \"108000\" ],\r\n  \"totalTimeText\" : [ \"1  6  0  0 \" ]\r\n}', '{\r\n  \"msg\" : \"\",\r\n  \"code\" : 0\r\n}', '0', null, '2019-11-10 11:00:29');
INSERT INTO `sys_oper_log` VALUES ('454', '', '2', 'com.ruoyi.process.leavecountersign.controller.BizLeaveCounterSignController.submitApply()', 'POST', '1', 'admin', '', '/process/leaveCounterSign/submitApply', '127.0.0.1', 'IP', '{\r\n  \"id\" : [ \"38\" ],\r\n  \"users[]\" : [ \"rensm\", \"axianlu\" ]\r\n}', '{\r\n  \"msg\" : \"\",\r\n  \"code\" : 0\r\n}', '0', null, '2019-11-10 11:00:41');
INSERT INTO `sys_oper_log` VALUES ('455', '', '1', 'com.ruoyi.process.leavecountersign.controller.BizLeaveCounterSignController.addSave()', 'POST', '1', 'admin', '', '/process/leaveCounterSign/add', '127.0.0.1', 'IP', '{\r\n  \"type\" : [ \"0\" ],\r\n  \"title\" : [ \"1\" ],\r\n  \"reason\" : [ \"2\" ],\r\n  \"startTime\" : [ \"2019-11-14 10:50\" ],\r\n  \"endTime\" : [ \"2019-11-15 11:55\" ],\r\n  \"totalTime\" : [ \"90300\" ],\r\n  \"totalTimeText\" : [ \"1  1  5  0 \" ]\r\n}', '{\r\n  \"msg\" : \"\",\r\n  \"code\" : 0\r\n}', '0', null, '2019-11-10 11:01:19');
INSERT INTO `sys_oper_log` VALUES ('456', '', '2', 'com.ruoyi.process.leavecountersign.controller.BizLeaveCounterSignController.submitApply()', 'POST', '1', 'admin', '', '/process/leaveCounterSign/submitApply', '127.0.0.1', 'IP', '{\r\n  \"id\" : [ \"39\" ],\r\n  \"users[]\" : [ \"rensm\", \"axianlu\" ]\r\n}', '{\r\n  \"msg\" : \"\",\r\n  \"code\" : 0\r\n}', '0', null, '2019-11-10 11:01:31');
INSERT INTO `sys_oper_log` VALUES ('457', '', '1', 'com.ruoyi.process.leavecountersign.controller.BizLeaveCounterSignController.addSave()', 'POST', '1', 'admin', '', '/process/leaveCounterSign/add', '127.0.0.1', 'IP', '{\r\n  \"type\" : [ \"0\" ],\r\n  \"title\" : [ \"\" ],\r\n  \"reason\" : [ \"123\" ],\r\n  \"startTime\" : [ \"2019-11-10 11:30\" ],\r\n  \"endTime\" : [ \"2019-11-21 11:50\" ],\r\n  \"totalTime\" : [ \"951600\" ],\r\n  \"totalTimeText\" : [ \"11  0  20  0 \" ]\r\n}', '{\r\n  \"msg\" : \"\",\r\n  \"code\" : 0\r\n}', '0', null, '2019-11-10 11:02:50');
INSERT INTO `sys_oper_log` VALUES ('458', '', '2', 'com.ruoyi.process.leavecountersign.controller.BizLeaveCounterSignController.submitApply()', 'POST', '1', 'admin', '', '/process/leaveCounterSign/submitApply', '127.0.0.1', 'IP', '{\r\n  \"id\" : [ \"40\" ],\r\n  \"users[]\" : [ \"rensm\", \"axianlu\" ]\r\n}', '{\r\n  \"msg\" : \"\",\r\n  \"code\" : 0\r\n}', '0', null, '2019-11-10 11:35:53');
INSERT INTO `sys_oper_log` VALUES ('459', '', '3', 'com.ruoyi.process.user.controller.ActIdUserController.remove()', 'POST', '1', 'admin', '', '/process/user/remove', '127.0.0.1', 'IP', '{\r\n  \"ids\" : [ \"admin\" ]\r\n}', '{\r\n  \"msg\" : \"\",\r\n  \"code\" : 0\r\n}', '0', null, '2019-11-10 14:46:54');
INSERT INTO `sys_oper_log` VALUES ('460', '', '1', 'com.ruoyi.process.leavecountersign.controller.BizLeaveCounterSignController.addSave()', 'POST', '1', 'admin', null, '/process/leaveCounterSign/add', '127.0.0.1', 'IP', '{\r\n  \"type\" : [ \"0\" ],\r\n  \"title\" : [ \"111\" ],\r\n  \"reason\" : [ \"111\" ],\r\n  \"startTime\" : [ \"2019-11-12 09:45\" ],\r\n  \"endTime\" : [ \"2019-11-20 09:45\" ],\r\n  \"totalTime\" : [ \"691200\" ],\r\n  \"totalTimeText\" : [ \"8  0  0  0 \" ]\r\n}', '{\r\n  \"msg\" : \"\",\r\n  \"code\" : 0\r\n}', '0', null, '2019-11-10 14:53:26');
INSERT INTO `sys_oper_log` VALUES ('461', '', '2', 'com.ruoyi.process.leavecountersign.controller.BizLeaveCounterSignController.submitApply()', 'POST', '1', 'admin', null, '/process/leaveCounterSign/submitApply', '127.0.0.1', 'IP', '{\r\n  \"id\" : [ \"41\" ],\r\n  \"users[]\" : [ \"rensm\", \"axianlu\" ]\r\n}', '{\r\n  \"msg\" : \"\",\r\n  \"code\" : 500\r\n}', '0', null, '2019-11-10 14:53:37');
INSERT INTO `sys_oper_log` VALUES ('462', '', '1', 'com.ruoyi.process.leavecountersign.controller.BizLeaveCounterSignController.addSave()', 'POST', '1', 'admin', '', '/process/leaveCounterSign/add', '127.0.0.1', 'IP', '{\r\n  \"type\" : [ \"0\" ],\r\n  \"title\" : [ \"11\" ],\r\n  \"reason\" : [ \"1\" ],\r\n  \"startTime\" : [ \"2019-11-13 09:45\" ],\r\n  \"endTime\" : [ \"2019-11-21 10:10\" ],\r\n  \"totalTime\" : [ \"692700\" ],\r\n  \"totalTimeText\" : [ \"8  0  25  0 \" ]\r\n}', '{\r\n  \"msg\" : \"\",\r\n  \"code\" : 500\r\n}', '0', null, '2019-11-10 14:56:59');
INSERT INTO `sys_oper_log` VALUES ('463', '', '1', 'com.ruoyi.process.leavecountersign.controller.BizLeaveCounterSignController.addSave()', 'POST', '1', 'admin', '', '/process/leaveCounterSign/add', '127.0.0.1', 'IP', '{\r\n  \"type\" : [ \"0\" ],\r\n  \"title\" : [ \"11\" ],\r\n  \"reason\" : [ \"1\" ],\r\n  \"startTime\" : [ \"2019-11-13 09:45\" ],\r\n  \"endTime\" : [ \"2019-11-21 10:10\" ],\r\n  \"totalTime\" : [ \"692700\" ],\r\n  \"totalTimeText\" : [ \"8  0  25  0 \" ]\r\n}', '{\r\n  \"msg\" : \"\",\r\n  \"code\" : 500\r\n}', '0', null, '2019-11-10 14:57:04');
INSERT INTO `sys_oper_log` VALUES ('464', '', '1', 'com.ruoyi.process.leave.controller.BizLeaveController.addSave()', 'POST', '1', 'admin', null, '/process/leave/add', '127.0.0.1', 'IP', '{\r\n  \"type\" : [ \"0\" ],\r\n  \"title\" : [ \"12\" ],\r\n  \"reason\" : [ \"12\" ],\r\n  \"startTime\" : [ \"2019-11-11 08:40\" ],\r\n  \"endTime\" : [ \"2019-11-21 14:50\" ],\r\n  \"totalTime\" : [ \"886200\" ],\r\n  \"totalTimeText\" : [ \"10  6  10  0 \" ]\r\n}', '{\r\n  \"msg\" : \"\",\r\n  \"code\" : 500\r\n}', '0', null, '2019-11-10 14:58:22');
INSERT INTO `sys_oper_log` VALUES ('465', '', '1', 'com.ruoyi.process.definition.controller.ProcessDefinitionController.upload()', 'POST', '1', 'admin', '', '/process/definition/upload', '127.0.0.1', 'IP', '{ }', '{\r\n  \"msg\" : \"\",\r\n  \"code\" : 0\r\n}', '0', null, '2019-11-10 18:58:34');
INSERT INTO `sys_oper_log` VALUES ('466', '', '1', 'com.ruoyi.process.definition.controller.ProcessDefinitionController.upload()', 'POST', '1', 'admin', '', '/process/definition/upload', '127.0.0.1', 'IP', '{ }', '{\r\n  \"msg\" : \"\",\r\n  \"code\" : 0\r\n}', '0', null, '2019-11-10 18:58:37');
INSERT INTO `sys_oper_log` VALUES ('467', '', '1', 'com.ruoyi.process.user.controller.ActIdUserController.addSave()', 'POST', '1', 'admin', '', '/process/user/add', '127.0.0.1', 'IP', '{\r\n  \"id\" : [ \"chengxy\" ],\r\n  \"first\" : [ \"\" ],\r\n  \"email\" : [ \"\" ],\r\n  \"groupIds\" : [ \"\" ]\r\n}', '{\r\n  \"msg\" : \"\",\r\n  \"code\" : 0\r\n}', '0', null, '2019-11-10 18:58:59');
INSERT INTO `sys_oper_log` VALUES ('468', '', '1', 'com.ruoyi.process.user.controller.ActIdUserController.addSave()', 'POST', '1', 'admin', '', '/process/user/add', '127.0.0.1', 'IP', '{\r\n  \"id\" : [ \"axianlu\" ],\r\n  \"first\" : [ \"\" ],\r\n  \"email\" : [ \"\" ],\r\n  \"groupIds\" : [ \"\" ]\r\n}', '{\r\n  \"msg\" : \"\",\r\n  \"code\" : 0\r\n}', '0', null, '2019-11-10 18:59:10');
INSERT INTO `sys_oper_log` VALUES ('469', '', '1', 'com.ruoyi.process.user.controller.ActIdUserController.addSave()', 'POST', '1', 'admin', '', '/process/user/add', '127.0.0.1', 'IP', '{\r\n  \"id\" : [ \"rensm\" ],\r\n  \"first\" : [ \"\" ],\r\n  \"email\" : [ \"\" ],\r\n  \"groupIds\" : [ \"\" ]\r\n}', '{\r\n  \"msg\" : \"\",\r\n  \"code\" : 0\r\n}', '0', null, '2019-11-10 18:59:20');
INSERT INTO `sys_oper_log` VALUES ('470', '', '1', 'com.ruoyi.process.group.controller.ActIdGroupController.addSave()', 'POST', '1', 'admin', '', '/process/group/add', '127.0.0.1', 'IP', '{\r\n  \"id\" : [ \"deptLeader\" ],\r\n  \"name\" : [ \"\" ],\r\n  \"userIds\" : [ \"axianlu\" ]\r\n}', '{\r\n  \"msg\" : \"\",\r\n  \"code\" : 0\r\n}', '0', null, '2019-11-10 18:59:37');
INSERT INTO `sys_oper_log` VALUES ('471', '', '1', 'com.ruoyi.process.group.controller.ActIdGroupController.addSave()', 'POST', '1', 'admin', '', '/process/group/add', '127.0.0.1', 'IP', '{\r\n  \"id\" : [ \"hr\" ],\r\n  \"name\" : [ \"\" ],\r\n  \"userIds\" : [ \"rensm\" ]\r\n}', '{\r\n  \"msg\" : \"\",\r\n  \"code\" : 0\r\n}', '0', null, '2019-11-10 18:59:50');
INSERT INTO `sys_oper_log` VALUES ('472', '', '1', 'com.ruoyi.process.leave.controller.BizLeaveController.addSave()', 'POST', '1', 'admin', '', '/process/leave/add', '127.0.0.1', 'IP', '{\r\n  \"type\" : [ \"0\" ],\r\n  \"title\" : [ \"\" ],\r\n  \"reason\" : [ \"\" ],\r\n  \"startTime\" : [ \"2019-11-11 09:00\" ],\r\n  \"endTime\" : [ \"2019-11-17 23:55\" ],\r\n  \"totalTime\" : [ \"572100\" ],\r\n  \"totalTimeText\" : [ \"6  14  55  0 \" ]\r\n}', '{\r\n  \"msg\" : \"\",\r\n  \"code\" : 500\r\n}', '0', null, '2019-11-10 19:00:37');
INSERT INTO `sys_oper_log` VALUES ('473', '', '1', 'com.ruoyi.process.leave.controller.BizLeaveController.addSave()', 'POST', '1', 'chengxy', '', '/process/leave/add', '127.0.0.1', 'IP', '{\r\n  \"type\" : [ \"0\" ],\r\n  \"title\" : [ \"\" ],\r\n  \"reason\" : [ \"\" ],\r\n  \"startTime\" : [ \"2019-11-11 00:00\" ],\r\n  \"endTime\" : [ \"2019-11-20 15:30\" ],\r\n  \"totalTime\" : [ \"833400\" ],\r\n  \"totalTimeText\" : [ \"9  15  30  0 \" ]\r\n}', '{\r\n  \"msg\" : \"\",\r\n  \"code\" : 0\r\n}', '0', null, '2019-11-10 19:01:25');
INSERT INTO `sys_oper_log` VALUES ('474', '', '1', 'com.ruoyi.process.leavecountersign.controller.BizLeaveCounterSignController.addSave()', 'POST', '1', 'chengxy', '', '/process/leaveCounterSign/add', '127.0.0.1', 'IP', '{\r\n  \"type\" : [ \"0\" ],\r\n  \"title\" : [ \"\" ],\r\n  \"reason\" : [ \"\" ],\r\n  \"startTime\" : [ \"2019-11-13 06:30\" ],\r\n  \"endTime\" : [ \"2019-11-21 06:30\" ],\r\n  \"totalTime\" : [ \"691200\" ],\r\n  \"totalTimeText\" : [ \"8  0  0  0 \" ]\r\n}', '{\r\n  \"msg\" : \"\",\r\n  \"code\" : 0\r\n}', '0', null, '2019-11-10 19:02:11');
INSERT INTO `sys_oper_log` VALUES ('475', '', '2', 'com.ruoyi.process.leave.controller.BizLeaveController.submitApply()', 'POST', '1', 'chengxy', '', '/process/leave/submitApply', '127.0.0.1', 'IP', '{\r\n  \"id\" : [ \"42\" ]\r\n}', '{\r\n  \"msg\" : \"\",\r\n  \"code\" : 0\r\n}', '0', null, '2019-11-10 19:02:30');
INSERT INTO `sys_oper_log` VALUES ('476', '', '2', 'com.ruoyi.process.leavecountersign.controller.BizLeaveCounterSignController.submitApply()', 'POST', '1', 'chengxy', '', '/process/leaveCounterSign/submitApply', '127.0.0.1', 'IP', '{\r\n  \"id\" : [ \"43\" ],\r\n  \"users[]\" : [ \"rensm\", \"axianlu\" ]\r\n}', '{\r\n  \"msg\" : \"\",\r\n  \"code\" : 0\r\n}', '0', null, '2019-11-10 19:03:38');
INSERT INTO `sys_oper_log` VALUES ('477', '', '1', 'com.ruoyi.web.controller.system.SysMenuController.addSave()', 'POST', '1', 'admin', '', '/system/menu/add', '127.0.0.1', 'IP', '{\r\n  \"parentId\" : [ \"2045\" ],\r\n  \"menuType\" : [ \"C\" ],\r\n  \"menuName\" : [ \"\" ],\r\n  \"url\" : [ \"/process/todoitem/doneitemView\" ],\r\n  \"target\" : [ \"menuItem\" ],\r\n  \"perms\" : [ \"process:todoitem:doneView\" ],\r\n  \"orderNum\" : [ \"2\" ],\r\n  \"icon\" : [ \"#\" ],\r\n  \"visible\" : [ \"0\" ]\r\n}', '{\r\n  \"msg\" : \"\",\r\n  \"code\" : 0\r\n}', '0', null, '2019-11-10 19:48:43');
INSERT INTO `sys_oper_log` VALUES ('478', '', '3', 'com.ruoyi.web.controller.system.SysMenuController.remove()', 'GET', '1', 'admin', '', '/system/menu/remove/2041', '127.0.0.1', 'IP', '{ }', '{\r\n  \"msg\" : \"\",\r\n  \"code\" : 0\r\n}', '0', null, '2019-11-10 19:49:28');
INSERT INTO `sys_oper_log` VALUES ('479', '', '3', 'com.ruoyi.web.controller.system.SysMenuController.remove()', 'GET', '1', 'admin', '', '/system/menu/remove/2042', '127.0.0.1', 'IP', '{ }', '{\r\n  \"msg\" : \"\",\r\n  \"code\" : 0\r\n}', '0', null, '2019-11-10 19:49:41');
INSERT INTO `sys_oper_log` VALUES ('480', '', '3', 'com.ruoyi.web.controller.system.SysMenuController.remove()', 'GET', '1', 'admin', '', '/system/menu/remove/2043', '127.0.0.1', 'IP', '{ }', '{\r\n  \"msg\" : \"\",\r\n  \"code\" : 0\r\n}', '0', null, '2019-11-10 19:49:51');
INSERT INTO `sys_oper_log` VALUES ('481', '', '1', 'com.ruoyi.web.controller.system.SysMenuController.addSave()', 'POST', '1', 'admin', '', '/system/menu/add', '127.0.0.1', 'IP', '{\r\n  \"parentId\" : [ \"2046\" ],\r\n  \"menuType\" : [ \"F\" ],\r\n  \"menuName\" : [ \"\" ],\r\n  \"url\" : [ \"\" ],\r\n  \"target\" : [ \"menuItem\" ],\r\n  \"perms\" : [ \"process:todoitem:doneList\" ],\r\n  \"orderNum\" : [ \"1\" ],\r\n  \"icon\" : [ \"\" ],\r\n  \"visible\" : [ \"0\" ]\r\n}', '{\r\n  \"msg\" : \"\",\r\n  \"code\" : 0\r\n}', '0', null, '2019-11-10 19:50:29');
INSERT INTO `sys_oper_log` VALUES ('482', '', '1', 'com.ruoyi.web.controller.system.SysMenuController.addSave()', 'POST', '1', 'admin', '', '/system/menu/add', '127.0.0.1', 'IP', '{\r\n  \"parentId\" : [ \"2046\" ],\r\n  \"menuType\" : [ \"F\" ],\r\n  \"menuName\" : [ \"\" ],\r\n  \"url\" : [ \"\" ],\r\n  \"target\" : [ \"menuItem\" ],\r\n  \"perms\" : [ \"process:todoitem:doneExport\" ],\r\n  \"orderNum\" : [ \"2\" ],\r\n  \"icon\" : [ \"\" ],\r\n  \"visible\" : [ \"0\" ]\r\n}', '{\r\n  \"msg\" : \"\",\r\n  \"code\" : 0\r\n}', '0', null, '2019-11-10 19:51:02');
INSERT INTO `sys_oper_log` VALUES ('483', '', '2', 'com.ruoyi.web.controller.system.SysRoleController.editSave()', 'POST', '1', 'admin', null, '/system/role/edit', '127.0.0.1', 'IP', '{\r\n  \"roleId\" : [ \"101\" ],\r\n  \"roleName\" : [ \"\" ],\r\n  \"roleKey\" : [ \"processRole\" ],\r\n  \"roleSort\" : [ \"4\" ],\r\n  \"status\" : [ \"0\" ],\r\n  \"remark\" : [ \"\" ],\r\n  \"menuIds\" : [ \"2017,2024,2018,2019,2020,2021,2022,2023,2025,2026,2027,2028,2029,2030,2031,2032,2033,2034,2035,2036,2037,2038,2045,2039,2040,2044,2046,2047,2048\" ]\r\n}', '{\r\n  \"msg\" : \"\",\r\n  \"code\" : 0\r\n}', '0', null, '2019-11-10 20:09:38');
INSERT INTO `sys_oper_log` VALUES ('484', '', '2', 'com.ruoyi.web.controller.system.SysConfigController.editSave()', 'POST', '1', 'admin', '', '/system/config/edit', '127.0.0.1', 'IP', '{\r\n  \"configId\" : [ \"1\" ],\r\n  \"configName\" : [ \"-\" ],\r\n  \"configKey\" : [ \"sys.index.skinName\" ],\r\n  \"configValue\" : [ \"skin-yellow\" ],\r\n  \"configType\" : [ \"Y\" ],\r\n  \"remark\" : [ \" skin-blue skin-green skin-purple skin-red skin-yellow\" ]\r\n}', '{\r\n  \"msg\" : \"\",\r\n  \"code\" : 0\r\n}', '0', null, '2019-11-10 20:44:54');

-- ----------------------------
-- Table structure for sys_post
-- ----------------------------
DROP TABLE IF EXISTS `sys_post`;
CREATE TABLE `sys_post` (
  `post_id` bigint(20) NOT NULL AUTO_INCREMENT COMMENT 'ID',
  `post_code` varchar(64) NOT NULL COMMENT '',
  `post_name` varchar(50) NOT NULL COMMENT '',
  `post_sort` int(4) NOT NULL COMMENT '',
  `status` char(1) NOT NULL COMMENT '0 1',
  `create_by` varchar(64) DEFAULT '' COMMENT '',
  `create_time` datetime DEFAULT NULL COMMENT '',
  `update_by` varchar(64) DEFAULT '' COMMENT '',
  `update_time` datetime DEFAULT NULL COMMENT '',
  `remark` varchar(500) DEFAULT NULL COMMENT '',
  PRIMARY KEY (`post_id`)
) ENGINE=InnoDB AUTO_INCREMENT=5 DEFAULT CHARSET=utf8 COMMENT='';

-- ----------------------------
-- Records of sys_post
-- ----------------------------
INSERT INTO `sys_post` VALUES ('1', 'ceo', '', '1', '0', 'admin', '2018-03-16 11:33:00', 'ry', '2018-03-16 11:33:00', '');
INSERT INTO `sys_post` VALUES ('2', 'se', '', '2', '0', 'admin', '2018-03-16 11:33:00', 'ry', '2018-03-16 11:33:00', '');
INSERT INTO `sys_post` VALUES ('3', 'hr', '', '3', '0', 'admin', '2018-03-16 11:33:00', 'ry', '2018-03-16 11:33:00', '');
INSERT INTO `sys_post` VALUES ('4', 'user', '', '4', '0', 'admin', '2018-03-16 11:33:00', 'ry', '2018-03-16 11:33:00', '');

-- ----------------------------
-- Table structure for sys_role
-- ----------------------------
DROP TABLE IF EXISTS `sys_role`;
CREATE TABLE `sys_role` (
  `role_id` bigint(20) NOT NULL AUTO_INCREMENT COMMENT 'ID',
  `role_name` varchar(30) NOT NULL COMMENT '',
  `role_key` varchar(100) NOT NULL COMMENT '',
  `role_sort` int(4) NOT NULL COMMENT '',
  `data_scope` char(1) DEFAULT '1' COMMENT '1 2 3 4',
  `status` char(1) NOT NULL COMMENT '0 1',
  `del_flag` char(1) DEFAULT '0' COMMENT '0 2',
  `create_by` varchar(64) DEFAULT '' COMMENT '',
  `create_time` datetime DEFAULT NULL COMMENT '',
  `update_by` varchar(64) DEFAULT '' COMMENT '',
  `update_time` datetime DEFAULT NULL COMMENT '',
  `remark` varchar(500) DEFAULT NULL COMMENT '',
  PRIMARY KEY (`role_id`)
) ENGINE=InnoDB AUTO_INCREMENT=102 DEFAULT CHARSET=utf8 COMMENT='';

-- ----------------------------
-- Records of sys_role
-- ----------------------------
INSERT INTO `sys_role` VALUES ('1', '', 'admin', '1', '1', '0', '0', 'admin', '2018-03-16 11:33:00', 'ry', '2018-03-16 11:33:00', '');
INSERT INTO `sys_role` VALUES ('2', '', 'common', '2', '2', '0', '0', 'admin', '2018-03-16 11:33:00', 'admin', '2019-09-28 23:56:16', '');
INSERT INTO `sys_role` VALUES ('100', '', 'testRole', '3', '1', '0', '0', 'admin', '2019-09-28 23:57:08', '', null, '');
INSERT INTO `sys_role` VALUES ('101', '', 'processRole', '4', '1', '0', '0', 'admin', '2019-10-02 12:12:16', 'admin', '2019-11-10 20:09:38', '');

-- ----------------------------
-- Table structure for sys_role_dept
-- ----------------------------
DROP TABLE IF EXISTS `sys_role_dept`;
CREATE TABLE `sys_role_dept` (
  `role_id` bigint(20) NOT NULL COMMENT 'ID',
  `dept_id` bigint(20) NOT NULL COMMENT 'ID',
  PRIMARY KEY (`role_id`,`dept_id`)
) ENGINE=InnoDB DEFAULT CHARSET=utf8 COMMENT='';

-- ----------------------------
-- Records of sys_role_dept
-- ----------------------------
INSERT INTO `sys_role_dept` VALUES ('2', '100');
INSERT INTO `sys_role_dept` VALUES ('2', '101');
INSERT INTO `sys_role_dept` VALUES ('2', '105');

-- ----------------------------
-- Table structure for sys_role_menu
-- ----------------------------
DROP TABLE IF EXISTS `sys_role_menu`;
CREATE TABLE `sys_role_menu` (
  `role_id` bigint(20) NOT NULL COMMENT 'ID',
  `menu_id` bigint(20) NOT NULL COMMENT 'ID',
  PRIMARY KEY (`role_id`,`menu_id`)
) ENGINE=InnoDB DEFAULT CHARSET=utf8 COMMENT='';

-- ----------------------------
-- Records of sys_role_menu
-- ----------------------------
INSERT INTO `sys_role_menu` VALUES ('2', '1');
INSERT INTO `sys_role_menu` VALUES ('2', '2');
INSERT INTO `sys_role_menu` VALUES ('2', '100');
INSERT INTO `sys_role_menu` VALUES ('2', '101');
INSERT INTO `sys_role_menu` VALUES ('2', '102');
INSERT INTO `sys_role_menu` VALUES ('2', '103');
INSERT INTO `sys_role_menu` VALUES ('2', '104');
INSERT INTO `sys_role_menu` VALUES ('2', '105');
INSERT INTO `sys_role_menu` VALUES ('2', '106');
INSERT INTO `sys_role_menu` VALUES ('2', '107');
INSERT INTO `sys_role_menu` VALUES ('2', '108');
INSERT INTO `sys_role_menu` VALUES ('2', '109');
INSERT INTO `sys_role_menu` VALUES ('2', '110');
INSERT INTO `sys_role_menu` VALUES ('2', '111');
INSERT INTO `sys_role_menu` VALUES ('2', '112');
INSERT INTO `sys_role_menu` VALUES ('2', '500');
INSERT INTO `sys_role_menu` VALUES ('2', '501');
INSERT INTO `sys_role_menu` VALUES ('2', '1000');
INSERT INTO `sys_role_menu` VALUES ('2', '1001');
INSERT INTO `sys_role_menu` VALUES ('2', '1002');
INSERT INTO `sys_role_menu` VALUES ('2', '1003');
INSERT INTO `sys_role_menu` VALUES ('2', '1004');
INSERT INTO `sys_role_menu` VALUES ('2', '1005');
INSERT INTO `sys_role_menu` VALUES ('2', '1006');
INSERT INTO `sys_role_menu` VALUES ('2', '1007');
INSERT INTO `sys_role_menu` VALUES ('2', '1008');
INSERT INTO `sys_role_menu` VALUES ('2', '1009');
INSERT INTO `sys_role_menu` VALUES ('2', '1010');
INSERT INTO `sys_role_menu` VALUES ('2', '1011');
INSERT INTO `sys_role_menu` VALUES ('2', '1012');
INSERT INTO `sys_role_menu` VALUES ('2', '1013');
INSERT INTO `sys_role_menu` VALUES ('2', '1014');
INSERT INTO `sys_role_menu` VALUES ('2', '1015');
INSERT INTO `sys_role_menu` VALUES ('2', '1016');
INSERT INTO `sys_role_menu` VALUES ('2', '1017');
INSERT INTO `sys_role_menu` VALUES ('2', '1018');
INSERT INTO `sys_role_menu` VALUES ('2', '1019');
INSERT INTO `sys_role_menu` VALUES ('2', '1020');
INSERT INTO `sys_role_menu` VALUES ('2', '1021');
INSERT INTO `sys_role_menu` VALUES ('2', '1022');
INSERT INTO `sys_role_menu` VALUES ('2', '1023');
INSERT INTO `sys_role_menu` VALUES ('2', '1024');
INSERT INTO `sys_role_menu` VALUES ('2', '1025');
INSERT INTO `sys_role_menu` VALUES ('2', '1026');
INSERT INTO `sys_role_menu` VALUES ('2', '1027');
INSERT INTO `sys_role_menu` VALUES ('2', '1028');
INSERT INTO `sys_role_menu` VALUES ('2', '1029');
INSERT INTO `sys_role_menu` VALUES ('2', '1030');
INSERT INTO `sys_role_menu` VALUES ('2', '1031');
INSERT INTO `sys_role_menu` VALUES ('2', '1032');
INSERT INTO `sys_role_menu` VALUES ('2', '1033');
INSERT INTO `sys_role_menu` VALUES ('2', '1034');
INSERT INTO `sys_role_menu` VALUES ('2', '1035');
INSERT INTO `sys_role_menu` VALUES ('2', '1036');
INSERT INTO `sys_role_menu` VALUES ('2', '1037');
INSERT INTO `sys_role_menu` VALUES ('2', '1038');
INSERT INTO `sys_role_menu` VALUES ('2', '1039');
INSERT INTO `sys_role_menu` VALUES ('2', '1040');
INSERT INTO `sys_role_menu` VALUES ('2', '1041');
INSERT INTO `sys_role_menu` VALUES ('2', '1042');
INSERT INTO `sys_role_menu` VALUES ('2', '1043');
INSERT INTO `sys_role_menu` VALUES ('2', '1044');
INSERT INTO `sys_role_menu` VALUES ('2', '1045');
INSERT INTO `sys_role_menu` VALUES ('2', '1046');
INSERT INTO `sys_role_menu` VALUES ('2', '1047');
INSERT INTO `sys_role_menu` VALUES ('2', '1048');
INSERT INTO `sys_role_menu` VALUES ('2', '1049');
INSERT INTO `sys_role_menu` VALUES ('2', '1050');
INSERT INTO `sys_role_menu` VALUES ('2', '1051');
INSERT INTO `sys_role_menu` VALUES ('2', '1052');
INSERT INTO `sys_role_menu` VALUES ('2', '1053');
INSERT INTO `sys_role_menu` VALUES ('2', '1054');
INSERT INTO `sys_role_menu` VALUES ('2', '1055');
INSERT INTO `sys_role_menu` VALUES ('100', '3');
INSERT INTO `sys_role_menu` VALUES ('100', '113');
INSERT INTO `sys_role_menu` VALUES ('101', '2017');
INSERT INTO `sys_role_menu` VALUES ('101', '2018');
INSERT INTO `sys_role_menu` VALUES ('101', '2019');
INSERT INTO `sys_role_menu` VALUES ('101', '2020');
INSERT INTO `sys_role_menu` VALUES ('101', '2021');
INSERT INTO `sys_role_menu` VALUES ('101', '2022');
INSERT INTO `sys_role_menu` VALUES ('101', '2023');
INSERT INTO `sys_role_menu` VALUES ('101', '2024');
INSERT INTO `sys_role_menu` VALUES ('101', '2025');
INSERT INTO `sys_role_menu` VALUES ('101', '2026');
INSERT INTO `sys_role_menu` VALUES ('101', '2027');
INSERT INTO `sys_role_menu` VALUES ('101', '2028');
INSERT INTO `sys_role_menu` VALUES ('101', '2029');
INSERT INTO `sys_role_menu` VALUES ('101', '2030');
INSERT INTO `sys_role_menu` VALUES ('101', '2031');
INSERT INTO `sys_role_menu` VALUES ('101', '2032');
INSERT INTO `sys_role_menu` VALUES ('101', '2033');
INSERT INTO `sys_role_menu` VALUES ('101', '2034');
INSERT INTO `sys_role_menu` VALUES ('101', '2035');
INSERT INTO `sys_role_menu` VALUES ('101', '2036');
INSERT INTO `sys_role_menu` VALUES ('101', '2037');
INSERT INTO `sys_role_menu` VALUES ('101', '2038');
INSERT INTO `sys_role_menu` VALUES ('101', '2039');
INSERT INTO `sys_role_menu` VALUES ('101', '2040');
INSERT INTO `sys_role_menu` VALUES ('101', '2044');
INSERT INTO `sys_role_menu` VALUES ('101', '2045');
INSERT INTO `sys_role_menu` VALUES ('101', '2046');
INSERT INTO `sys_role_menu` VALUES ('101', '2047');
INSERT INTO `sys_role_menu` VALUES ('101', '2048');

-- ----------------------------
-- Table structure for sys_user
-- ----------------------------
DROP TABLE IF EXISTS `sys_user`;
CREATE TABLE `sys_user` (
  `user_id` bigint(20) NOT NULL AUTO_INCREMENT COMMENT 'ID',
  `dept_id` bigint(20) DEFAULT NULL COMMENT 'ID',
  `login_name` varchar(30) NOT NULL COMMENT '',
  `user_name` varchar(30) NOT NULL COMMENT '',
  `user_type` varchar(2) DEFAULT '00' COMMENT '00',
  `email` varchar(50) DEFAULT '' COMMENT '',
  `phonenumber` varchar(11) DEFAULT '' COMMENT '',
  `sex` char(1) DEFAULT '0' COMMENT '0 1 2',
  `avatar` varchar(100) DEFAULT '' COMMENT '',
  `password` varchar(50) DEFAULT '' COMMENT '',
  `salt` varchar(20) DEFAULT '' COMMENT '',
  `status` char(1) DEFAULT '0' COMMENT '0 1',
  `del_flag` char(1) DEFAULT '0' COMMENT '0 2',
  `login_ip` varchar(50) DEFAULT '' COMMENT 'IP',
  `login_date` datetime DEFAULT NULL COMMENT '',
  `create_by` varchar(64) DEFAULT '' COMMENT '',
  `create_time` datetime DEFAULT NULL COMMENT '',
  `update_by` varchar(64) DEFAULT '' COMMENT '',
  `update_time` datetime DEFAULT NULL COMMENT '',
  `remark` varchar(500) DEFAULT NULL COMMENT '',
  PRIMARY KEY (`user_id`)
) ENGINE=InnoDB AUTO_INCREMENT=6 DEFAULT CHARSET=utf8 COMMENT='';

-- ----------------------------
-- Records of sys_user
-- ----------------------------
INSERT INTO `sys_user` VALUES ('1', '103', 'admin', '', '00', 'ry@163.com', '15888888888', '1', '/profile/avatar/2019/11/06/e2f72a8b7182e60ca0d3080b8bc28a1b.png', '29c67a30398638269fe600f73a054934', '111111', '0', '0', '127.0.0.1', '2019-11-10 20:49:24', 'admin', '2018-03-16 11:33:00', 'ry', '2019-11-10 20:49:24', '');
INSERT INTO `sys_user` VALUES ('2', '105', 'ry', '', '00', 'ry@qq.com', '15666666666', '1', '', '8e6d98b90472783cc73c17047ddccf36', '222222', '0', '0', '127.0.0.1', '2019-10-22 11:56:05', 'admin', '2018-03-16 11:33:00', 'ry', '2019-10-22 11:56:05', '');
INSERT INTO `sys_user` VALUES ('3', '111', 'axianlu', '', '00', '1055202292@qq.com', '13131313110', '0', '', 'fb0177f3d6f9b172e0a1693b92e09220', '9128b7', '0', '0', '127.0.0.1', '2019-11-10 20:17:11', 'admin', '2019-10-02 12:13:28', '', '2019-11-10 20:17:11', '');
INSERT INTO `sys_user` VALUES ('4', '111', 'chengxy', '', '00', '1055202293@qq.com', '13131313119', '0', '', '144df35d62853e36343479f179502f4a', '02dfb7', '0', '0', '127.0.0.1', '2019-11-10 20:45:05', 'admin', '2019-10-02 12:14:49', '', '2019-11-10 20:45:05', '');
INSERT INTO `sys_user` VALUES ('5', '112', 'rensm', '', '00', '1055202294@qq.com', '13131313120', '0', '', '6374659ad5bf033362daf85056ba844a', 'f916b7', '0', '0', '127.0.0.1', '2019-11-10 20:25:20', 'admin', '2019-10-02 12:15:48', '', '2019-11-10 20:25:20', '');

-- ----------------------------
-- Table structure for sys_user_online
-- ----------------------------
DROP TABLE IF EXISTS `sys_user_online`;
CREATE TABLE `sys_user_online` (
  `sessionId` varchar(50) NOT NULL DEFAULT '' COMMENT 'id',
  `login_name` varchar(50) DEFAULT '' COMMENT '',
  `dept_name` varchar(50) DEFAULT '' COMMENT '',
  `ipaddr` varchar(50) DEFAULT '' COMMENT 'IP',
  `login_location` varchar(255) DEFAULT '' COMMENT '',
  `browser` varchar(50) DEFAULT '' COMMENT '',
  `os` varchar(50) DEFAULT '' COMMENT '',
  `status` varchar(10) DEFAULT '' COMMENT 'on_lineoff_line',
  `start_timestamp` datetime DEFAULT NULL COMMENT 'session',
  `last_access_time` datetime DEFAULT NULL COMMENT 'session',
  `expire_time` int(5) DEFAULT '0' COMMENT '',
  PRIMARY KEY (`sessionId`)
) ENGINE=InnoDB DEFAULT CHARSET=utf8 COMMENT='';

-- ----------------------------
-- Records of sys_user_online
-- ----------------------------
INSERT INTO `sys_user_online` VALUES ('68b7ed94-f5b7-4c31-810c-4fb006a211c9', 'chengxy', '', '127.0.0.1', 'IP', 'Chrome', 'Windows 10', 'on_line', '2019-11-10 20:44:56', '2019-11-10 20:48:34', '1800000');
INSERT INTO `sys_user_online` VALUES ('8c2af0d1-dec6-49e5-af4b-8a344cb4886a', 'admin', '', '127.0.0.1', 'IP', 'Chrome', 'Windows 10', 'on_line', '2019-11-10 20:49:20', '2019-11-10 20:50:40', '1800000');

-- ----------------------------
-- Table structure for sys_user_post
-- ----------------------------
DROP TABLE IF EXISTS `sys_user_post`;
CREATE TABLE `sys_user_post` (
  `user_id` bigint(20) NOT NULL COMMENT 'ID',
  `post_id` bigint(20) NOT NULL COMMENT 'ID',
  PRIMARY KEY (`user_id`,`post_id`)
) ENGINE=InnoDB DEFAULT CHARSET=utf8 COMMENT='';

-- ----------------------------
-- Records of sys_user_post
-- ----------------------------
INSERT INTO `sys_user_post` VALUES ('1', '1');
INSERT INTO `sys_user_post` VALUES ('2', '2');
INSERT INTO `sys_user_post` VALUES ('2', '4');
INSERT INTO `sys_user_post` VALUES ('3', '2');
INSERT INTO `sys_user_post` VALUES ('4', '4');
INSERT INTO `sys_user_post` VALUES ('5', '3');

-- ----------------------------
-- Table structure for sys_user_role
-- ----------------------------
DROP TABLE IF EXISTS `sys_user_role`;
CREATE TABLE `sys_user_role` (
  `user_id` bigint(20) NOT NULL COMMENT 'ID',
  `role_id` bigint(20) NOT NULL COMMENT 'ID',
  PRIMARY KEY (`user_id`,`role_id`)
) ENGINE=InnoDB DEFAULT CHARSET=utf8 COMMENT='';

-- ----------------------------
-- Records of sys_user_role
-- ----------------------------
INSERT INTO `sys_user_role` VALUES ('1', '1');
INSERT INTO `sys_user_role` VALUES ('2', '2');
INSERT INTO `sys_user_role` VALUES ('2', '100');
INSERT INTO `sys_user_role` VALUES ('2', '101');
INSERT INTO `sys_user_role` VALUES ('3', '101');
INSERT INTO `sys_user_role` VALUES ('4', '101');
INSERT INTO `sys_user_role` VALUES ('5', '101');
