/*
Navicat MySQL Data Transfer

Source Server         : localhost
Source Server Version : 50556
Source Host           : localhost:3306
Source Database       : ry_test

Target Server Type    : MYSQL
Target Server Version : 50556
File Encoding         : 65001

Date: 2020-03-08 20:36:22
*/

SET FOREIGN_KEY_CHECKS=0;

-- ----------------------------
-- Table structure for act_evt_log
-- ----------------------------
DROP TABLE IF EXISTS `act_evt_log`;
CREATE TABLE `act_evt_log` (
  `LOG_NR_` bigint(20) NOT NULL AUTO_INCREMENT,
  `TYPE_` varchar(64) COLLATE utf8_bin DEFAULT NULL,
  `PROC_DEF_ID_` varchar(64) COLLATE utf8_bin DEFAULT NULL,
  `PROC_INST_ID_` varchar(64) COLLATE utf8_bin DEFAULT NULL,
  `EXECUTION_ID_` varchar(64) COLLATE utf8_bin DEFAULT NULL,
  `TASK_ID_` varchar(64) COLLATE utf8_bin DEFAULT NULL,
  `TIME_STAMP_` timestamp NOT NULL DEFAULT CURRENT_TIMESTAMP ON UPDATE CURRENT_TIMESTAMP,
  `USER_ID_` varchar(255) COLLATE utf8_bin DEFAULT NULL,
  `DATA_` longblob,
  `LOCK_OWNER_` varchar(255) COLLATE utf8_bin DEFAULT NULL,
  `LOCK_TIME_` timestamp NULL DEFAULT NULL,
  `IS_PROCESSED_` tinyint(4) DEFAULT '0',
  PRIMARY KEY (`LOG_NR_`)
) ENGINE=InnoDB DEFAULT CHARSET=utf8 COLLATE=utf8_bin;

-- ----------------------------
-- Records of act_evt_log
-- ----------------------------

-- ----------------------------
-- Table structure for act_ge_bytearray
-- ----------------------------
DROP TABLE IF EXISTS `act_ge_bytearray`;
CREATE TABLE `act_ge_bytearray` (
  `ID_` varchar(64) COLLATE utf8_bin NOT NULL DEFAULT '',
  `REV_` int(11) DEFAULT NULL,
  `NAME_` varchar(255) COLLATE utf8_bin DEFAULT NULL,
  `DEPLOYMENT_ID_` varchar(64) COLLATE utf8_bin DEFAULT NULL,
  `BYTES_` longblob,
  `GENERATED_` tinyint(4) DEFAULT NULL,
  PRIMARY KEY (`ID_`),
  KEY `ACT_FK_BYTEARR_DEPL` (`DEPLOYMENT_ID_`) USING BTREE,
  CONSTRAINT `act_ge_bytearray_ibfk_1` FOREIGN KEY (`DEPLOYMENT_ID_`) REFERENCES `act_re_deployment` (`ID_`)
) ENGINE=InnoDB DEFAULT CHARSET=utf8 COLLATE=utf8_bin;

-- ----------------------------
-- Records of act_ge_bytearray
-- ----------------------------
INSERT INTO `act_ge_bytearray` VALUES ('40007', '10', 'source', null, 0x7B227265736F757263654964223A223430303036222C2270726F70657274696573223A7B2270726F636573735F6964223A226C65617665222C226E616D65223A22E8AFB7E58187E6B581E7A88B2DE699AEE9809AE8A1A8E58D95222C22646F63756D656E746174696F6E223A22E8AFB7E58187E6B581E7A88BE6BC94E7A4BA222C2270726F636573735F617574686F72223A22E4B880E58FAAE997B2E9B9BF222C2270726F636573735F76657273696F6E223A22222C2270726F636573735F6E616D657370616365223A22687474703A2F2F7777772E7869616E6C75746563682E636F6D2F61637469766974692F6C65617665222C22657865637574696F6E6C697374656E657273223A22222C226576656E746C697374656E657273223A22222C227369676E616C646566696E6974696F6E73223A22222C226D657373616765646566696E6974696F6E73223A22227D2C227374656E63696C223A7B226964223A2242504D4E4469616772616D227D2C226368696C64536861706573223A5B7B227265736F757263654964223A227369642D38384233314636442D374445312D343942342D423833332D463237464643354330423033222C2270726F70657274696573223A7B226F766572726964656964223A2273746172744576656E74222C226E616D65223A22E5BC80E5A78B222C22646F63756D656E746174696F6E223A22222C22657865637574696F6E6C697374656E657273223A22222C22696E69746961746F72223A226170706C79557365724964222C22666F726D6B6579646566696E6974696F6E223A22222C22666F726D70726F70657274696573223A22227D2C227374656E63696C223A7B226964223A2253746172744E6F6E654576656E74227D2C226368696C64536861706573223A5B5D2C226F7574676F696E67223A5B7B227265736F757263654964223A227369642D35354131444142342D433841412D343234342D414243312D354332334645433844364135227D5D2C22626F756E6473223A7B226C6F7765725269676874223A7B2278223A3132302C2279223A3133307D2C2275707065724C656674223A7B2278223A39302C2279223A3130307D7D2C22646F636B657273223A5B5D7D2C7B227265736F757263654964223A227369642D45383244353730432D323632382D343536342D414642442D454532443542454236363337222C2270726F70657274696573223A7B226F766572726964656964223A22646570744C6561646572566572696679222C226E616D65223A22E983A8E997A8E9A286E5AFBCE5AEA1E689B9222C22646F63756D656E746174696F6E223A22222C226173796E6368726F6E6F7573646566696E6974696F6E223A2266616C7365222C226578636C7573697665646566696E6974696F6E223A2266616C7365222C22657865637574696F6E6C697374656E657273223A22222C226D756C7469696E7374616E63655F74797065223A224E6F6E65222C226D756C7469696E7374616E63655F63617264696E616C697479223A22222C226D756C7469696E7374616E63655F636F6C6C656374696F6E223A22222C226D756C7469696E7374616E63655F7661726961626C65223A22222C226D756C7469696E7374616E63655F636F6E646974696F6E223A22222C226973666F72636F6D70656E736174696F6E223A2266616C7365222C22757365727461736B61737369676E6D656E74223A7B2261737369676E6D656E74223A7B2263616E64696461746547726F757073223A5B7B2276616C7565223A22646570744C6561646572222C222424686173684B6579223A22314A45227D5D7D7D2C22666F726D6B6579646566696E6974696F6E223A22222C2264756564617465646566696E6974696F6E223A22222C227072696F72697479646566696E6974696F6E223A22222C22666F726D70726F70657274696573223A22222C227461736B6C697374656E657273223A22227D2C227374656E63696C223A7B226964223A22557365725461736B227D2C226368696C64536861706573223A5B5D2C226F7574676F696E67223A5B7B227265736F757263654964223A227369642D42343246364539372D453744322D344631412D414539322D354138453935303743384646227D5D2C22626F756E6473223A7B226C6F7765725269676874223A7B2278223A3236352C2279223A3135357D2C2275707065724C656674223A7B2278223A3136352C2279223A37357D7D2C22646F636B657273223A5B5D7D2C7B227265736F757263654964223A227369642D44393142364330392D333336362D343835352D383143322D413836433642344437424533222C2270726F70657274696573223A7B226F766572726964656964223A22222C226E616D65223A22222C22646F63756D656E746174696F6E223A22222C226173796E6368726F6E6F7573646566696E6974696F6E223A2266616C7365222C226578636C7573697665646566696E6974696F6E223A2266616C7365222C2273657175656E6365666C6F776F72646572223A22227D2C227374656E63696C223A7B226964223A224578636C757369766547617465776179227D2C226368696C64536861706573223A5B5D2C226F7574676F696E67223A5B7B227265736F757263654964223A227369642D43353839334537342D384444312D344436302D383736382D324432303342434632323546227D2C7B227265736F757263654964223A227369642D33393643364533432D374245422D343130342D383443422D414445373341324233443933227D5D2C22626F756E6473223A7B226C6F7765725269676874223A7B2278223A3335302E353838323335323934313137362C2279223A3133357D2C2275707065724C656674223A7B2278223A3331302E353838323335323934313137362C2279223A39357D7D2C22646F636B657273223A5B5D7D2C7B227265736F757263654964223A227369642D36313739393232382D333835332D343946392D384446422D384139443641343832414331222C2270726F70657274696573223A7B226F766572726964656964223A226872566572696679222C226E616D65223A22E4BABAE4BA8BE5AEA1E689B9222C22646F63756D656E746174696F6E223A22222C226173796E6368726F6E6F7573646566696E6974696F6E223A2266616C7365222C226578636C7573697665646566696E6974696F6E223A2266616C7365222C22657865637574696F6E6C697374656E657273223A22222C226D756C7469696E7374616E63655F74797065223A224E6F6E65222C226D756C7469696E7374616E63655F63617264696E616C697479223A22222C226D756C7469696E7374616E63655F636F6C6C656374696F6E223A22222C226D756C7469696E7374616E63655F7661726961626C65223A22222C226D756C7469696E7374616E63655F636F6E646974696F6E223A22222C226973666F72636F6D70656E736174696F6E223A2266616C7365222C22757365727461736B61737369676E6D656E74223A7B2261737369676E6D656E74223A7B2263616E64696461746547726F757073223A5B7B2276616C7565223A226872222C222424686173684B6579223A2232325A227D5D7D7D2C22666F726D6B6579646566696E6974696F6E223A22222C2264756564617465646566696E6974696F6E223A22222C227072696F72697479646566696E6974696F6E223A22222C22666F726D70726F70657274696573223A22222C227461736B6C697374656E657273223A22227D2C227374656E63696C223A7B226964223A22557365725461736B227D2C226368696C64536861706573223A5B5D2C226F7574676F696E67223A5B7B227265736F757263654964223A227369642D34413439373041362D324431302D343732392D383442382D304234394136393235324334227D5D2C22626F756E6473223A7B226C6F7765725269676874223A7B2278223A3439302C2279223A3135357D2C2275707065724C656674223A7B2278223A3339302C2279223A37357D7D2C22646F636B657273223A5B5D7D2C7B227265736F757263654964223A227369642D31414339444132322D374245412D344336412D393434382D424435413631413732414333222C2270726F70657274696573223A7B226F766572726964656964223A226D6F646966794170706C79222C226E616D65223A22E8B083E695B4E794B3E8AFB7222C22646F63756D656E746174696F6E223A22222C226173796E6368726F6E6F7573646566696E6974696F6E223A2266616C7365222C226578636C7573697665646566696E6974696F6E223A2266616C7365222C22657865637574696F6E6C697374656E657273223A22222C226D756C7469696E7374616E63655F74797065223A224E6F6E65222C226D756C7469696E7374616E63655F63617264696E616C697479223A22222C226D756C7469696E7374616E63655F636F6C6C656374696F6E223A22222C226D756C7469696E7374616E63655F7661726961626C65223A22222C226D756C7469696E7374616E63655F636F6E646974696F6E223A22222C226973666F72636F6D70656E736174696F6E223A2266616C7365222C22757365727461736B61737369676E6D656E74223A7B2261737369676E6D656E74223A7B2261737369676E6565223A22247B6170706C795573657249647D227D7D2C22666F726D6B6579646566696E6974696F6E223A22222C2264756564617465646566696E6974696F6E223A22222C227072696F72697479646566696E6974696F6E223A22222C22666F726D70726F70657274696573223A22222C227461736B6C697374656E657273223A22227D2C227374656E63696C223A7B226964223A22557365725461736B227D2C226368696C64536861706573223A5B5D2C226F7574676F696E67223A5B7B227265736F757263654964223A227369642D45413339414535452D463941452D343741322D413244302D313838353838444538433442227D5D2C22626F756E6473223A7B226C6F7765725269676874223A7B2278223A3338352C2279223A3234357D2C2275707065724C656674223A7B2278223A3238352C2279223A3136357D7D2C22646F636B657273223A5B5D7D2C7B227265736F757263654964223A227369642D43353839334537342D384444312D344436302D383736382D324432303342434632323546222C2270726F70657274696573223A7B226F766572726964656964223A22666C6F7733222C226E616D65223A22E5908CE6848F222C22646F63756D656E746174696F6E223A22222C22636F6E646974696F6E73657175656E6365666C6F77223A22247B646570744C6561646572417070726F7665647D222C22657865637574696F6E6C697374656E657273223A22222C2264656661756C74666C6F77223A2266616C7365227D2C227374656E63696C223A7B226964223A2253657175656E6365466C6F77227D2C226368696C64536861706573223A5B5D2C226F7574676F696E67223A5B7B227265736F757263654964223A227369642D36313739393232382D333835332D343946392D384446422D384139443641343832414331227D5D2C22626F756E6473223A7B226C6F7765725269676874223A7B2278223A3338392E363439333637313535353334362C2279223A3131352E34303934373136373631313233367D2C2275707065724C656674223A7B2278223A3335302E38303734333433313530353335372C2279223A3131352E32333131353333323338383736347D7D2C22646F636B657273223A5B7B2278223A32302E352C2279223A32302E357D2C7B2278223A35302C2279223A34307D5D2C22746172676574223A7B227265736F757263654964223A227369642D36313739393232382D333835332D343946392D384446422D384139443641343832414331227D7D2C7B227265736F757263654964223A227369642D33393643364533432D374245422D343130342D383443422D414445373341324233443933222C2270726F70657274696573223A7B226F766572726964656964223A22666C6F7734222C226E616D65223A22E4B88DE5908CE6848F222C22646F63756D656E746174696F6E223A22222C22636F6E646974696F6E73657175656E6365666C6F77223A22247B21646570744C6561646572417070726F7665647D222C22657865637574696F6E6C697374656E657273223A22222C2264656661756C74666C6F77223A2266616C7365227D2C227374656E63696C223A7B226964223A2253657175656E6365466C6F77227D2C226368696C64536861706573223A5B5D2C226F7574676F696E67223A5B7B227265736F757263654964223A227369642D31414339444132322D374245412D344336412D393434382D424435413631413732414333227D5D2C22626F756E6473223A7B226C6F7765725269676874223A7B2278223A3333332E323434393337373539363432342C2279223A3136342E38343437303337373838383632377D2C2275707065724C656674223A7B2278223A3333312E39323634373736383135333430342C2279223A3133342E36373837333337323131313337337D7D2C22646F636B657273223A5B7B2278223A32302E352C2279223A32302E357D2C7B2278223A35302C2279223A34307D5D2C22746172676574223A7B227265736F757263654964223A227369642D31414339444132322D374245412D344336412D393434382D424435413631413732414333227D7D2C7B227265736F757263654964223A227369642D41333937314131452D424636452D343239382D394437322D303732313638394135444646222C2270726F70657274696573223A7B226F766572726964656964223A22222C226E616D65223A22222C22646F63756D656E746174696F6E223A22222C226173796E6368726F6E6F7573646566696E6974696F6E223A2266616C7365222C226578636C7573697665646566696E6974696F6E223A2266616C7365222C2273657175656E6365666C6F776F72646572223A22227D2C227374656E63696C223A7B226964223A224578636C757369766547617465776179227D2C226368696C64536861706573223A5B5D2C226F7574676F696E67223A5B7B227265736F757263654964223A227369642D37363536313743442D423830392D343537412D423443372D314233443546453045313331227D2C7B227265736F757263654964223A227369642D43343142313932322D444237322D344638322D384144342D423832353946424142363438227D5D2C22626F756E6473223A7B226C6F7765725269676874223A7B2278223A3536352C2279223A3133307D2C2275707065724C656674223A7B2278223A3532352C2279223A39307D7D2C22646F636B657273223A5B5D7D2C7B227265736F757263654964223A227369642D35324332433539362D323244432D344239442D423433302D444138373544303231374237222C2270726F70657274696573223A7B226F766572726964656964223A227265706F72744261636B222C226E616D65223A22E99480E58187222C22646F63756D656E746174696F6E223A22222C226173796E6368726F6E6F7573646566696E6974696F6E223A2266616C7365222C226578636C7573697665646566696E6974696F6E223A2266616C7365222C22657865637574696F6E6C697374656E657273223A22222C226D756C7469696E7374616E63655F74797065223A224E6F6E65222C226D756C7469696E7374616E63655F63617264696E616C697479223A22222C226D756C7469696E7374616E63655F636F6C6C656374696F6E223A22222C226D756C7469696E7374616E63655F7661726961626C65223A22222C226D756C7469696E7374616E63655F636F6E646974696F6E223A22222C226973666F72636F6D70656E736174696F6E223A2266616C7365222C22757365727461736B61737369676E6D656E74223A7B2261737369676E6D656E74223A7B2261737369676E6565223A22247B6170706C795573657249647D227D7D2C22666F726D6B6579646566696E6974696F6E223A22222C2264756564617465646566696E6974696F6E223A22222C227072696F72697479646566696E6974696F6E223A22222C22666F726D70726F70657274696573223A22222C227461736B6C697374656E657273223A7B227461736B4C697374656E657273223A5B7B226576656E74223A22636F6D706C657465222C22696D706C656D656E746174696F6E223A22247B7265706F72744261636B456E6450726F636573736F727D222C22636C6173734E616D65223A22222C2265787072657373696F6E223A22222C2264656C656761746545787072657373696F6E223A22247B7265706F72744261636B456E6450726F636573736F727D227D5D7D7D2C227374656E63696C223A7B226964223A22557365725461736B227D2C226368696C64536861706573223A5B5D2C226F7574676F696E67223A5B7B227265736F757263654964223A227369642D39393432463436422D364538352D344632422D394238432D373936413843434344423139227D5D2C22626F756E6473223A7B226C6F7765725269676874223A7B2278223A3731352C2279223A3135307D2C2275707065724C656674223A7B2278223A3631352C2279223A37307D7D2C22646F636B657273223A5B5D7D2C7B227265736F757263654964223A227369642D35354131444142342D433841412D343234342D414243312D354332334645433844364135222C2270726F70657274696573223A7B226F766572726964656964223A22666C6F7731222C226E616D65223A22222C22646F63756D656E746174696F6E223A22222C22636F6E646974696F6E73657175656E6365666C6F77223A22222C22657865637574696F6E6C697374656E657273223A22222C2264656661756C74666C6F77223A2266616C7365227D2C227374656E63696C223A7B226964223A2253657175656E6365466C6F77227D2C226368696C64536861706573223A5B5D2C226F7574676F696E67223A5B7B227265736F757263654964223A227369642D45383244353730432D323632382D343536342D414642442D454532443542454236363337227D5D2C22626F756E6473223A7B226C6F7765725269676874223A7B2278223A3136342E31353632352C2279223A3131357D2C2275707065724C656674223A7B2278223A3132302E3630393337352C2279223A3131357D7D2C22646F636B657273223A5B7B2278223A31352C2279223A31357D2C7B2278223A35302C2279223A34307D5D2C22746172676574223A7B227265736F757263654964223A227369642D45383244353730432D323632382D343536342D414642442D454532443542454236363337227D7D2C7B227265736F757263654964223A227369642D34413439373041362D324431302D343732392D383442382D304234394136393235324334222C2270726F70657274696573223A7B226F766572726964656964223A22666C6F7735222C226E616D65223A22222C22646F63756D656E746174696F6E223A22222C22636F6E646974696F6E73657175656E6365666C6F77223A22222C22657865637574696F6E6C697374656E657273223A22222C2264656661756C74666C6F77223A2266616C7365227D2C227374656E63696C223A7B226964223A2253657175656E6365466C6F77227D2C226368696C64536861706573223A5B5D2C226F7574676F696E67223A5B7B227265736F757263654964223A227369642D41333937314131452D424636452D343239382D394437322D303732313638394135444646227D5D2C22626F756E6473223A7B226C6F7765725269676874223A7B2278223A3532352E353433383737313933363634392C2279223A3131322E383438303039373230333435397D2C2275707065724C656674223A7B2278223A3439302E34353232313635353633333530332C2279223A3131312E333531323039303239363534317D7D2C22646F636B657273223A5B7B2278223A35302C2279223A34307D2C7B2278223A32302E352C2279223A32302E357D5D2C22746172676574223A7B227265736F757263654964223A227369642D41333937314131452D424636452D343239382D394437322D303732313638394135444646227D7D2C7B227265736F757263654964223A227369642D34434641353832342D394641462D343539322D393533452D363441393037424243394333222C2270726F70657274696573223A7B226F766572726964656964223A22656E644576656E74222C226E616D65223A22E7BB93E69D9F222C22646F63756D656E746174696F6E223A22222C22657865637574696F6E6C697374656E657273223A22227D2C227374656E63696C223A7B226964223A22456E644E6F6E654576656E74227D2C226368696C64536861706573223A5B5D2C226F7574676F696E67223A5B5D2C22626F756E6473223A7B226C6F7765725269676874223A7B2278223A3637392C2279223A3331362E333532393431313736343730367D2C2275707065724C656674223A7B2278223A3635312C2279223A3238382E333532393431313736343730367D7D2C22646F636B657273223A5B5D7D2C7B227265736F757263654964223A227369642D38433835434641452D333137372D343737332D414538322D313936454539413742393644222C2270726F70657274696573223A7B226F766572726964656964223A22222C226E616D65223A22222C22646F63756D656E746174696F6E223A22222C226173796E6368726F6E6F7573646566696E6974696F6E223A2266616C7365222C226578636C7573697665646566696E6974696F6E223A2266616C7365222C2273657175656E6365666C6F776F72646572223A22227D2C227374656E63696C223A7B226964223A224578636C757369766547617465776179227D2C226368696C64536861706573223A5B5D2C226F7574676F696E67223A5B7B227265736F757263654964223A227369642D34354445333332322D463632332D343130432D424644362D453735463931444242443132227D2C7B227265736F757263654964223A227369642D36443637453946422D414435372D344442302D423430362D414446313337363539463744227D5D2C22626F756E6473223A7B226C6F7765725269676874223A7B2278223A3335352C2279223A3332322E333532393431313736343730367D2C2275707065724C656674223A7B2278223A3331352C2279223A3238322E333532393431313736343730367D7D2C22646F636B657273223A5B5D7D2C7B227265736F757263654964223A227369642D39393432463436422D364538352D344632422D394238432D373936413843434344423139222C2270726F70657274696573223A7B226F766572726964656964223A22666C6F7738222C226E616D65223A22222C22646F63756D656E746174696F6E223A22222C22636F6E646974696F6E73657175656E6365666C6F77223A22222C22657865637574696F6E6C697374656E657273223A22222C2264656661756C74666C6F77223A2266616C7365227D2C227374656E63696C223A7B226964223A2253657175656E6365466C6F77227D2C226368696C64536861706573223A5B5D2C226F7574676F696E67223A5B7B227265736F757263654964223A227369642D34434641353832342D394641462D343539322D393533452D363441393037424243394333227D5D2C22626F756E6473223A7B226C6F7765725269676874223A7B2278223A3636352C2279223A3238372E3832383132357D2C2275707065724C656674223A7B2278223A3636352C2279223A3135302E30373136393131373634373035387D7D2C22646F636B657273223A5B7B2278223A35302C2279223A34307D2C7B2278223A31342C2279223A31347D5D2C22746172676574223A7B227265736F757263654964223A227369642D34434641353832342D394641462D343539322D393533452D363441393037424243394333227D7D2C7B227265736F757263654964223A227369642D45413339414535452D463941452D343741322D413244302D313838353838444538433442222C2270726F70657274696573223A7B226F766572726964656964223A22666C6F7739222C226E616D65223A22222C22646F63756D656E746174696F6E223A22222C22636F6E646974696F6E73657175656E6365666C6F77223A22222C22657865637574696F6E6C697374656E657273223A22222C2264656661756C74666C6F77223A2266616C7365227D2C227374656E63696C223A7B226964223A2253657175656E6365466C6F77227D2C226368696C64536861706573223A5B5D2C226F7574676F696E67223A5B7B227265736F757263654964223A227369642D38433835434641452D333137372D343737332D414538322D313936454539413742393644227D5D2C22626F756E6473223A7B226C6F7765725269676874223A7B2278223A3333352E33393333323738353832353736332C2279223A3238312E393736353735353534333034367D2C2275707065724C656674223A7B2278223A3333352E32303832333436343137343233372C2279223A3234352E37353237343432393836333635377D7D2C22646F636B657273223A5B7B2278223A35302C2279223A34307D2C7B2278223A32302E352C2279223A32302E357D5D2C22746172676574223A7B227265736F757263654964223A227369642D38433835434641452D333137372D343737332D414538322D313936454539413742393644227D7D2C7B227265736F757263654964223A227369642D36443637453946422D414435372D344442302D423430362D414446313337363539463744222C2270726F70657274696573223A7B226F766572726964656964223A22666C6F773131222C226E616D65223A22E7BB93E69D9FE6B581E7A88B222C22646F63756D656E746174696F6E223A22222C22636F6E646974696F6E73657175656E6365666C6F77223A22247B2172654170706C797D222C22657865637574696F6E6C697374656E657273223A22222C2264656661756C74666C6F77223A2266616C7365222C2273686F776469616D6F6E646D61726B6572223A66616C73657D2C227374656E63696C223A7B226964223A2253657175656E6365466C6F77227D2C226368696C64536861706573223A5B5D2C226F7574676F696E67223A5B7B227265736F757263654964223A227369642D34434641353832342D394641462D343539322D393533452D363441393037424243394333227D5D2C22626F756E6473223A7B226C6F7765725269676874223A7B2278223A3635302E343835333532373133383236332C2279223A3330322E38323231323638353235333438347D2C2275707065724C656674223A7B2278223A3335352E383036363339343733363733372C2279223A3330322E333734393636343337393036347D7D2C22646F636B657273223A5B7B2278223A32302E352C2279223A32302E357D2C7B2278223A31342C2279223A31347D5D2C22746172676574223A7B227265736F757263654964223A227369642D34434641353832342D394641462D343539322D393533452D363441393037424243394333227D7D2C7B227265736F757263654964223A227369642D34354445333332322D463632332D343130432D424644362D453735463931444242443132222C2270726F70657274696573223A7B226F766572726964656964223A22666C6F773130222C226E616D65223A22E9878DE696B0E794B3E8AFB7222C22646F63756D656E746174696F6E223A22222C22636F6E646974696F6E73657175656E6365666C6F77223A22247B72654170706C797D222C22657865637574696F6E6C697374656E657273223A22222C2264656661756C74666C6F77223A2266616C7365227D2C227374656E63696C223A7B226964223A2253657175656E6365466C6F77227D2C226368696C64536861706573223A5B5D2C226F7574676F696E67223A5B7B227265736F757263654964223A227369642D45383244353730432D323632382D343536342D414642442D454532443542454236363337227D5D2C22626F756E6473223A7B226C6F7765725269676874223A7B2278223A3331342E37333034363837352C2279223A3330322E383532393431313736343730367D2C2275707065724C656674223A7B2278223A3231352C2279223A3135352E36323532323937373934313137377D7D2C22646F636B657273223A5B7B2278223A32302E352C2279223A32302E357D2C7B2278223A3231352C2279223A3330322E383532393431313736343730367D2C7B2278223A35302C2279223A34307D5D2C22746172676574223A7B227265736F757263654964223A227369642D45383244353730432D323632382D343536342D414642442D454532443542454236363337227D7D2C7B227265736F757263654964223A227369642D37363536313743442D423830392D343537412D423443372D314233443546453045313331222C2270726F70657274696573223A7B226F766572726964656964223A22666C6F7736222C226E616D65223A22E5908CE6848F222C22646F63756D656E746174696F6E223A22222C22636F6E646974696F6E73657175656E6365666C6F77223A22247B6872417070726F7665647D222C22657865637574696F6E6C697374656E657273223A22222C2264656661756C74666C6F77223A2266616C7365227D2C227374656E63696C223A7B226964223A2253657175656E6365466C6F77227D2C226368696C64536861706573223A5B5D2C226F7574676F696E67223A5B7B227265736F757263654964223A227369642D35324332433539362D323244432D344239442D423433302D444138373544303231374237227D5D2C22626F756E6473223A7B226C6F7765725269676874223A7B2278223A3631342E353139353430303033323333332C2279223A3131302E3431373639303933363230367D2C2275707065724C656674223A7B2278223A3536352E313731383636323436373636372C2279223A3131302E3231313231353331333739347D7D2C22646F636B657273223A5B7B2278223A32302E352C2279223A32302E357D2C7B2278223A35302C2279223A34307D5D2C22746172676574223A7B227265736F757263654964223A227369642D35324332433539362D323244432D344239442D423433302D444138373544303231374237227D7D2C7B227265736F757263654964223A227369642D43343142313932322D444237322D344638322D384144342D423832353946424142363438222C2270726F70657274696573223A7B226F766572726964656964223A22666C6F7737222C226E616D65223A22E4B88DE5908CE6848F222C22646F63756D656E746174696F6E223A22222C22636F6E646974696F6E73657175656E6365666C6F77223A22247B216872417070726F7665647D222C22657865637574696F6E6C697374656E657273223A22222C2264656661756C74666C6F77223A2266616C7365222C2273686F776469616D6F6E646D61726B6572223A66616C73657D2C227374656E63696C223A7B226964223A2253657175656E6365466C6F77227D2C226368696C64536861706573223A5B5D2C226F7574676F696E67223A5B7B227265736F757263654964223A227369642D31414339444132322D374245412D344336412D393434382D424435413631413732414333227D5D2C22626F756E6473223A7B226C6F7765725269676874223A7B2278223A3534352E352C2279223A3230357D2C2275707065724C656674223A7B2278223A3338352E333335393337352C2279223A3133302E363935333132357D7D2C22646F636B657273223A5B7B2278223A32302E352C2279223A32302E357D2C7B2278223A3534352E352C2279223A3230357D2C7B2278223A35302C2279223A34307D5D2C22746172676574223A7B227265736F757263654964223A227369642D31414339444132322D374245412D344336412D393434382D424435413631413732414333227D7D2C7B227265736F757263654964223A227369642D42343246364539372D453744322D344631412D414539322D354138453935303743384646222C2270726F70657274696573223A7B226F766572726964656964223A22666C6F7732222C226E616D65223A22222C22646F63756D656E746174696F6E223A22222C22636F6E646974696F6E73657175656E6365666C6F77223A22222C22657865637574696F6E6C697374656E657273223A22222C2264656661756C74666C6F77223A2266616C7365222C2273686F776469616D6F6E646D61726B6572223A66616C73657D2C227374656E63696C223A7B226964223A2253657175656E6365466C6F77227D2C226368696C64536861706573223A5B5D2C226F7574676F696E67223A5B7B227265736F757263654964223A227369642D44393142364330392D333336362D343835352D383143322D413836433642344437424533227D5D2C22626F756E6473223A7B226C6F7765725269676874223A7B2278223A3331302E313335353739313238323332332C2279223A3131352E34303937353534373132383935377D2C2275707065724C656674223A7B2278223A3236352E38383136353433323736352C2279223A3131352E32313931353037373837313034337D7D2C22646F636B657273223A5B7B2278223A35302C2279223A34307D2C7B2278223A32302E352C2279223A32302E357D5D2C22746172676574223A7B227265736F757263654964223A227369642D44393142364330392D333336362D343835352D383143322D413836433642344437424533227D7D5D2C22626F756E6473223A7B226C6F7765725269676874223A7B2278223A313230302C2279223A313035307D2C2275707065724C656674223A7B2278223A302C2279223A307D7D2C227374656E63696C736574223A7B2275726C223A227374656E63696C736574732F62706D6E322E302F62706D6E322E302E6A736F6E222C226E616D657370616365223A22687474703A2F2F62336D6E2E6F72672F7374656E63696C7365742F62706D6E322E3023227D2C227373657874656E73696F6E73223A5B5D7D, null);
INSERT INTO `act_ge_bytearray` VALUES ('40008', '8', 'source-extra', null, 0x89504E470D0A1A0A0000000D49484452000002FD000001740806000000B0918699000000206348524D00007A26000080840000FA00000080E8000075300000EA6000003A98000017709CBA513C0000000467414D410000B18E7CFB5193000000017352474200AECE1CE900000006624B474400FF00FF00FFA0BDA793000000097048597300000EC400000EC401952B0E1B000020004944415478DAECDD077C1445FBC0F1B92424A1234D7A517C41054145414545A528367C114840308AD81069A2A228A8282A2088FA077D2D1431418A80285505A449EF0A28841E042184001192DC7F9EBDDDB0B95CFA25B94B7EDFCF67B8BBBDBDE33277BBFBCCEC33B34A010000000000000000000000000000000000000000000000000000000000000000000000000000000000000000000000000000000000000000000000000000000000000000000000000000000000000000000000000000000000000000000000000000000000000000000000000000000000000000000000000000000000000000000000000000000000000000000000000000000000000000000000000000000000000000000000000000000000000000000000000000000000000000000000000000000000000000000000000000000000000000000000000000000000000000000000000000000000000000000000000000000000000000000000000000000000000000000000000000000000000000000000000000000000000000000000000000000000000000000000000000000000000000000050D01C54010000806F733A9DA17BF7EE7D2E3E3EFE91B367CFD63F73E64C687272321593DB40D8E170868484FC131C1CBCE6C2850B235BB468F10B413F000000F29D0EF69F3E7EFCF8A88484841255AA545165CB9655A54B9756010101544E2E49C34937A4545C5C9C8A8989399F9494F4FBB973E71E69DBB6ED36827E000000E48BFDFBF7CFDAB367CF83B56AD552D5AA55939E692A250F1D3E7C584547479F733A9DE177DE79E7ECC2F4B705F2F5020000F866C0AFCB83575E79A5AA54A912017F3E903328E5CB972FF6F7DF7FDFFBC8238F6C9D3469D22E827E000000E40949E9898E8E1E20017F993265D23CFF6FFC5115B3E33B15F3FB6C757CEF2FEAECC9BD2AA4646515145286CACBA5E0E06009FC43626262DA75EDDAF587AFBFFEFAEFC2F07705F1D5C21F3080296F14A5014C601B641B843F6D6FEBD6AD1B25293DE905FC07367CA912CF9F495976F6C45F6AFFFA2F54ADEB7BA8D032D5A9C45C2A59B2A4AA53A74EB2DEEF8DD50FEF2C14FB1BBE56F83A0630E59DA23480096C836C83F0177BF6EC79E1D0A143236EB8E1068F293D47B64F57A78E6CF2F8DA5295AE54351A77A512BD64D5AA55077583BC63EBD6AD57FBFBDF427A0F7C9AE433CAE9CDAA55AB166BD0A0812A57AE9C0A0D0D25AFD15BAD7E5D8F212121464F52B56AD502751057E5F4E9D38F3DFAE8A3DB264E9CB8931A02DB20DB20F25F8F1E3DFEEF924B2EA922DB9B27C7FE5AA4922E9CF5F89CD399ACCAD7BA894AF492F3E7CFEFD2DB6489C993272FF2F7BF856E1AF874B0210398AEBEFA6A55BD7A75828C7C203343346EDCB8B80E3C262F5EBCF83E6A846D906D906D10F94F52E8E48C5A7A9C4917D27FB193B43B6FAA58B1A2E44AB52C0C7F0B413F7C92A413C81465F5EBD74F379FF1E0A6C96AD72F6FAA9D3F0F55FB377CA512E20E51715E20798CD75C734D691DE04D5EB06041436A846D906D906D10F94BC6CC480A1D0A9EFE1EAAEA9B2604FD401E90014C923F9CD900A6F8E33B5572D279E54C4E4C19C044D0E1BDA04306300506068EA536D806D906D90691BF64AC0763667C2450767D0F8562E21B7E51F0393243880C1894D3DC9E9CD8F76BAA190B5276923AF838BE770915E825356AD4281F141474C5A2458B9A531B6C836C836C83F01DC58A5F92EE7341219C2100413FFC844C09283384A4973F7C2E839E44E98184F754AE5C3946DF74A026D806D906D906E13BCAD7BA590505974CB33CB0587155BE760B2A0804FDF00F0C60F21D85690013D806D9065158C8B49C252BD6F7B8BC74E5ABA92078C4C5B9E07318C0E43BCC014C95A809B641B00DC2B7245D38976659E2BFA7A918A48B9E7EF81C0630F9D00EA2100D6002DB20DB200A83F3678E1983E6E38FFD9EB6C1FECF6EB57FDDFF8C7500827EF83D0630016C83405174EAF0061DF07FAECE9EDC9BEE3A6763F7A9E835E3D4C9FD2B8D0B750129FB67AA00FE4606309D3FF3779AD94318C004B00D028591F4DC1FDDF5A3D1939F15329396AC7FFAD8EFAAF27FDAA950234B0C451D3DFDF03B0C6002D80681A2447AEEB31AF0DBC919817D6B3FA50241D00FFFC50026806D10FE2F2222A21CB59039E9B9CF29B9781E2048EF815F91539C317FCCF198CF680D60AA72657B155C92C92E00B641F8B2D75E7BED91DDBB774F7EE38D3722860C1932911A495F8356C3A804E41A3DFDF01B0C6002D8065138BCFEFAEBE1070F1E9C78CF3DF7A8E8E8E82F5F79E595086A0520E84711273D8B07364E544776CC4C3370D0136B00D3810D5FA984D347A840806D103E64E0C0811DF6EFDF3FF9B9E79E0BE8DEBDBBEAD3A74FC0D1A3473FEFD7AF5F977CFA08F57429E5B6ACA22E75CCD240978C46A43FAD4B0DF33E191320E807BC85014C00DB200A07E9E13F7EFCF8B7BD7BF70EBCEEBAEB8C658D1B3796C03FF0E4C99393F229F09780FE55E5BAD2B1551ADA82FE26BA74767B4D2B73BDF6BA849A8F1FD665842E4DF96641D00F78010398E00B8AF28043B64178C31B6FBCF1E8810307BE961E7E2BE0B7346AD448F5EDDBD708FC7BF5EAF5503E7C9C9DBA2C712BDB94ABE77EB52EFFB8ADBFD85CE72E5D26E83257975B7419A4CB3A95F6CC01E073382D059FC7002614B46FBFFD76D4CC9933FB878787DF131919399F6D10C87EC02FB9FB92CA233DFB9EC8F2FEFDFB078E1A356A6AF7EEDD3B4E9A3469761E7FAC961E9625B8C546A1E67A09E6E358E5EAE1AFA2CB025D9A2B57AA8F3C1EA30BAD5CF82C7AFA0120033AF0183D7FFEFCFE32E030383878465858584B6A05C856C0DF35B380DF223DFE03060C28266DED471F7DF4DE3CFA485660BE4D5DCCCD1792D673D02D7097607FBE19D44BDEFF4FBAFCA9CB72F3B9077599A5CB48027E10F403809F1AAD2D5BB6ACCFF3CF3FAF64C0E173CF3D57A258B162F374E09F1F39BC32D8D0FD6CAC041E7554D6071BD631EF73561705A26FDFBEEDF7EEDD3B51527A320BF8ED81FF0B2FBC109C9C9CFC5D7878F8DD79F0B18E9BB7F166D01EADCB265DCA99CB3C09756B20581A64F01A80A01F007CDD679F7D366EFBF6ED7D060D1AE4B08295A64D9BAA1E3D7A84EAC0FF978E1D3BD6CBE38F2001FD5B2AF560C3062A7B830DE5FE238AC1862800D2C31F1B1B3BDD3E6837AB24F01F387060B1A0A0A0EF3A77EE7C9F973F5A82ED36DE0CFA63CD6519E5E64BC360895B89E19B06413F00F8A9F7DE7B6FDA860D1B9E9680FFB2CB2E4BF5DCEDB7DFAE9E7CF2C952DAEAB0B0B03A79FC51723BD8501EDFAE186C887C2617DE8A8E8E9E949380DF1EF80F183020343838785A1E04FE962AB6867246A7220E9ADB55842E91E6FAF2BABFF8B6E12F38E5EB439C4E67E8D6AD5B1FDDB871639723478E34397CF87089B8B8B8A0848404151414E42C5DBAF485F2E5CB1F2A53A6CC4ABDFA5B2FBDF4D24E6A0DF0AE77DF7D77C6BE7DFBFE3B64C81055A54A158FEBB468D1425DB870A1C2E4C993D749AA4F545454741E7EA4961E96791A6C18A12EF6604AEFA535D8708662B021F239E0970B6F6525873F33F2FA810307868E18314202FF8E53A74E9DEBE58FFBB672E5E72BB3412DA93F15D38995E456F2F9FF50AEB4A041E6E3D1BA7C62DE0708FA9171B03F73E6CCCF860D1B16FECF3FFF045D79E595AA65CB96AA66CD9A4A07F92A343454E9C0DF71FAF4E9E003070ED4DDB66D5BDD0D1B3674E9D7AFDFFE3367CE0CFBECB3CF3EA716012F1CFDDF7E7B960E561E183A74A8AA54A95286EBDE71C71D6AFFFEFD97FCF2CB2FABC3C3C31B4646461EF7F2C74934F7D11288485EF34173B9A4F5CCF2D00818AF4B98F9BA05E6722B089100E53545EE31F2983968D72B01BFC54CF5097DFFFDF7BFD5DBDA7FBD3C83D672DB7DD9C62485CEFD8CD8CBCA75A6EC5F739B8A31037F21F3FBBFA75CBDFF77F00B00413FD2B57AF5EAC775A0F17FA74E9D0A090B0B337A35020303D3AC2781BF140944E45469F7EEDD1D9B376FAE1D151535FEA9A79E1A70E2C489FBA74D9B462F039043FDFBF75F70F2E4C9D6AFBFFEBA23B380DFF2E8A38F069C3B77AEFC9A356B5677ECD8B189DE06BD19544B23A28ABA38D870A072E51DB734830E4FA721A4C7BF9CBA3850D1C26043E4396BD06EEFDEBD5302FED8D858F5CC33CFA45977ECD8B1A91AD667CF9E95F13269D6FBE4934F8CCE2F09FC5F7CF1C5E23AF09FA103FF0EB90CFCABA88B39FCEE8D67D94EC6E9D2CFAD31B0D8DCEE7AE992647B4E96C967E9C82F00BE8E9CFE02E2743A8366CF9EFDF3840913BED03BC790E1C3871BC1BCA7803F3DB253D5AF0B7CE8A1871A942E5D7ACB934F3EF904350B64DF4B2FBDF44B505050ABEC04FC96A79F7EBA58B366CDEAE86D7095972FE095D160C3840C5EC76043E4BBF406ED962B57CE08FA4B94287131F0080850E3C78F4FF5FACF3EFB4C152B562CE5F125975CA21E79E41123E0B798B3FA94D0AF9F9ECB1CFF2895F66C99453ACF6E52AE31339609CA75064DB62D396336D456C6DB1AE900413FD206FC4B972E5DB978F1E23BFAF7EFAFEEBBEFBE6C05FBEEDAB66D2B97362FAE7784639F78E2895ED43090353A480FEDDBB7EF7ABDEDDC3E78F0E0001DB8E7E87D9E7AEAA9401D90FC476FC7F3E43DF3E0A3BA0F364CEFFF486FB0E176BE6DE461C0FF684683766FBBED3655B56AD594C7C9C9C96AEFDEBD6ADDBA75C6E39D3B77AAAD5BB7CA3819E3B16E80AB3265CAA8BBEF4E3B5BA77476BDF8E28B32AB4F541E0EEECDB5B0B0B0C1E1E1E1ED5BB66C49460508FA8BB23973E62C9C3163C60DAFBDF69ABAE28A2BBCF29EB56BD7566FBEF9A604FEEFEA1DCD23D4329079C02F83E22B55AA74ADF4F0E734E0B7F4EAD52BB85EBD7AD7EAC07F491E04FE32D8708972F54E4A9A8FA740C27DB0E187BA34335F375DB9061BD6E39B471E04FCC685B7329AA5E7B9E79E4BD5DB7FEEDC39F5F9E79FABD3A74FAB8F3EFAC848EFB1C87A4F3EF964BA9D61D75C734DB015F8E7D13CFEDEF096D3E9FCAE4A952AFFE806C064F99C1D3B762C34B367AD5CB9529D3C7932CDB2F9F33D675D1D3E7C58FDF8E38F2A26C675D2516E659212CBFEFDFBD99808FA0B1FC9E19F376FDE1DBD7BF756D94D23C88CBCDF2BAFBC52AA58B1621FE91D4C036A1BF04C0EBE3AC85F53B56AD52603070E74C87899DC92D48401030684E8C05F06DA4EF7720F9FFB604309DE65361E7B9ACFCB66C06F0D3694F48451E673327B8F0C361CC7B70F1D843AA574EEDCF9646E0252DD580ECFEA957665262CE9B92F5EBC78CA3209F4DF7EFB6D15171797B24C1ADF37DD7493729F2AD753E0AFB7DD002DD2977BFCB532BA3CA21B00F37423669FAEEFAFA4BEF3E88C60BEF9E0830F8C333372D666EEDCB9EAEFBFFF56C78F1F57E7CF9F57C78E1D93B39FA9D65FB060815CD15C3DF6D86346C360C48811C6999E193366188FA55188BCC769A77C24B3F4BCF5D65BE3EEBDF75EAFF5F0BB931E7FBD030CF9E69B6FBE52AEBC44003692771F1414B4566F8397F7ECD9D321C1BAF43AF5EBD72FCDBA72255E0940EC8E1C3922837ED3ACFBFEFBEF1B336EF5EDDB37446FE777EAFF43D26BC2972C5992D3E931B332D8F019B7C680FB60C30AE673DBCDE5E1FC026071381CE5CC80F4111D901ED701E95CBD6C6A4848C89209132664346E4466D3E9B07FFFFEC9F641BB99F9EF7FFFAB962E5D6AF4F20B091AA58757FFFF178392A020D5A953A72CBD9FFE7F8BEB8676F2C89123BFD1C7BD2E79309DA7B7C9008508FDF7462424249CD1F53D4DD7F76CBD4F999B8BFD44BE93469A8CCBD8B06183F17DBEF0C20B46834EB217C4F4E9D3D5B061C352BD66CD9A3546C01F191969AC2BFBD1264D9AA852A55C6DCDD9B367B341E6037AFAF3D1AC59B3BE90693725073F2FB56BD7AE78D9B265EB92E603A40DF8838383375C77DD75759F7DF6D9941E7EE985D4C183AA55AB56AA9482FFFDEF7F2A292929D57B8C1A352AD563E99194540409F885BCE7D0A1438B57AC58B15D9D3A7526E7A2C73F2B830D37D9964D5069071BF6360B830DE1910E409D3AF09464FA8A66403A4F07A4C7CC1E698F39E9D2C37FECD8B1A9D9BDF0966C5B7296BB64C992F6FF3FE5BE0CFA7DFCF1C753A50165E6DA6BAF2DF9E28B2F3AF47B7FE3E33DFEEE4A9AF52D294047755D47FACB19806FBEF946E9869611BCCBF54CFEFAEB2FA51B8946234ECA9D77DEA9D6AE5D9BB2BEF4FCFFF9A76B72C13367CE180D3D59161F1F6FA404C963396380BC474F7FFEED584375CBB7934CCB699FA120AF3CF5D45397BCFFFEFBD2DBF7757EFFAD3280491F44B6F95BEF057C8BB77F4772F55C1D18ACD441CAA54F3CF144807BBE70D3A64DD5F2E5CB8D80E4F7DF7F3796498FA44C2D689D05F8F6DB6F53725245B56AD5946E601B0315ED641B7FEDB5D74ABCFCF2CBEDEBD6AD3B4E7FFE9E6C83F045FA77E2D0C727FB4149A2F05266401AA103D2E33A1895334813E50C806EDC3E7CE0C001635ACE9C5C69B77EFDFAC62C3CD2F36B0FF4A4E7B8468D1AC676985D8D1B372E3570E0C013FA982781F36CFDB9FD6DFAEAF2FA33CB3536C224CF5D375EFE949E705F24DF99EC03BFFCF24BE37B9480FFD0A143EAFEFBEF57975E7AA9B18EFE7DA8EFBEFB4E3A2053F69BD6850E65FF2A9D2BCF3EFBACD1CB6F2DB7CE1280A0BF50902BEDFEFDF7DF41DEBA58496624DF51EFA0EB4AA093C7570BF5440630C90E205EFFFFB3F431654A6262E2722FCF619E21C9116CD5AA9571AA3833D2E3B07EFD7A8F334578A2FF166387D6B163476320923CB69B3C79B2045DC69473420248C977740F3277EFDEADEEB9E79E74AFFA2A64A05BF7EEDD8D5CC88CD6B9E5965B945CD46DF3E6CDCAFA8D49EF89EC5CFD98F53B8A35D30E72FC3B92EDA0448912BFDD75D75D153B75EA1490DE00C1A79F7E5AE940DD3830498F9490BC53F9AE2A54A8A07EF8E187949E7F790FF9FE653A424FEF27BD95FA4016FAFAEBAF3FA21B19BBF4F73422BFEB4EFFB6E2F4DF3EA720B6C19C92D3FFF27BCEEA6F577A0AA5C7B04D9B36A902130922D9A672D60E707B5CD11E90CAB6D0BC7973959380DF225371FEF6DB6FEE1D63EAA1871ECAF17B3669D2A47CF5EAD5E30E1E3CD8B51034C4EA49EA8C0EFE7DEEB3C9AC4B72F142D9EFBDF2CA2BC631563A45641BB48E85F23BB1CED6C8F1551A7AF2F708D9AFCA6C4DD25090D7C87628DBEBA2458BD4E8D1A3091609FA0B878D1B377649EFC25B7945B7C263F48EF5617D776401EDB8A4B7C8C817D507E0D8F0F0F039724CCF4ABE686EC960A271E3C619A792F541406DD9B245D5AD5BD708E664B9ECA42A57AE6CAC2B03A07FF9E5176387253986B273B20202E98D6AD1A28571BAD222038F241094A05F765C32306DD3A64D6AC58A156AD0A041AA5BB76ECA3E3054FE6FF97FED4189D53890E95AEDE4B34A6F97455E27FFD7CD37DF9CEE3A32D59D343284FC5DD2E091CF2F81CDCF3FFF9C6EF0E34707C01CE71D0B19D4AEBFA3A5BA5157517F671956867C6F526F93264D4A09FAE580F4DE7BEF190731F95D59A4875FD6CD68D61FF96DBDFDF6DB12F8BF19111191A03FEF47F95C7D656C752783366767A7EE0AC29429538CB149E905D7320388FD37BD7AF5EA94EF49444747AB850B17AAA8A828633BF0F76D4A7A7C659FA43FCF50E54A09A9E8B67DD49069A06D8BA417C13D45A486378FF7B25FB43786B24BD243F4E74E95DA23752A79DD575D75554E8FB147F5FEB8A434707DA4A77F48565632D3AB1C6EDFE91E7D2CBACC17B74FD9DF7DF5D557466FBE6C67727C13D2C966E5E74B302FC75423C8D48D02794E1AF3D6F6278D0029B22DC9B1550602CB15CE41D05F68E81D7793962D5BE6EBFFD9AC59B3723AE8BFBDA0827EF7C04DEFDBBAEBBBDD131212CEE903D8D4BC18C0240723E961B7762A8B172F36961F3D7A54EAC3E8AD951906AC805F06247DFFFDF7464EB67164D4077EFBC1FF9F7FFE4915E80909007410271774324E49CA4159028EBE7DFB1A3B3D0928ECA7A8E560B66DDBB63479AAF23AD901CAB467D659010954E4A0670515728640824B6B1A341934257F830C9C92468A75A6414EB1CA67AD5EBD7A4A834572CCFD3DE0F7C0CA3B9681707226697A46BFA32E5DBA34D1C1EEB2F6EDDB97BCFFFEFBB35419D28329DF979CFD91FAB77AA7ACC18746245DA68CF1FB92DF5466E4E24243860C09D50DC2F77583F05FDDD8FBAC80EAEE125BDD9DD575F7AD2F0E22DCB56B977115D7F448CA8004E97BF6EC317EDF56035BB63D390B23BDF372C6C6E2EFDB94346A74409B6E10690F9CB321BD2B3A67655FBE47077E33468F1E3DE0F9E79FCF768A8FF4F24AA0E89EC32DDFDDBE7DFBD2EC3FB31AF08F1831A2B87ECF705F19CCABB7AF8C827EF9E303CCFA94F4AA587DB3581A2CBA413E5F1AE48F3FFEB8D31777C072EC9401B972AC958E2CE9B8EAD3A78F71ACB5B645FB549CD6B1CD22C762D9F664FB920E3279DDBC79F38C695B41D05F681C3E7CB884F45EE5A7CB2EBB4CA2CC263E581DC5D5C57CD1537AE7385FEFEC2678A3F7F1C61B6F34761E567A8D4C0326A70DA56742482AC0A38F3E9AEA3592C7DDB56BD6CE08CBBAD27893B306AD5BB756AFBEFAAA71BA53F2132548141F7FFCB1D17361D7B06143E38C819D04161240C88027FB59002B0FD2EA81944043722785049AF27F5B3B56D981CAC153FE56592E7FA73422ECE34664C68C2FBEF822CDCEB7104837EF587E4756C0AFBFEFE0BBEEBA2B5B919ACC1E629DF1B11A7DF62045CED8C9812FABA4C75F527D74F0FF71F7EEDD4F4D9A34696A01D75D095BDD9DD075B7D05E7705F9C164BB709FFFDB9D755127E94194B36D42CED22D5BB6CCD8666EBFFDF6340D057FDDA624954682611DD8BEA15CB336A51A8CAD3FEB41BD1F49B405E531FA7B4DF51DC6C4C41C746FD8C9949D59F9FFF57B9DD2EFB9C81E90CAF2BE7DFBAED4FBDAE9FA3630AB3DFE12D8CBFE517A826D9F37A5E172EAD429A3BEA59196D5C1BCFAB770F4830F3E9080BFAB8FCFDE9312E89BB75209D2F29C5ABC78F1C5BA5E63FD6D072CDB899CF1B1B6454F3DFDEE24EFDF9E4A2B01BF9C752B841D5404FD45595C5C5C90CC4C909F2E5CB85049EF4C13CDD3C2BEAAAC2E9DF5E7EC6C0E60FA4B720073437AFAA4674C2EFA229776B75FF4434E49DAF324B3B3A391CF2701BE0E908C86C3C489138D5EDC4F3EF9C4D889F5ECD9D398ED65DAB469A95E27C1820429EE073139ED29EBCA01DD0AFAA5B7F19D77DE49C99795F100152B5634021B495B9033132FBEF8A22BE2D53B58291298CAE790752438F9F5D75F95D5C094F792BCCB9C06277256C4965AE0CB52E51DEBCF7B587FB7E5BA75EB169ADD805F488F954CD7397CF8F034677A249D4BF259B37B312FF94E060D1A54ECBDF7DE9BA01B240FE803E66E1FA9BB34830873BB0DE694D4B5F4F2DAE76D4FCF8E1D3B8CEFC91A742DBDF7D2837CCD35D7A45ACFD7B6A9EC922BD9CA677FE9A597F2731B94DCB6791905A463C68C99A503FE87F5EDF4ACCEE23373E6CC5417E1927DA30C86970B375957E3955B19F819111191E9FBEDDAB5EBC8E8D1A343FD20E0B707FA72A1BC1FF46F77AEAFA6D865755B95EDE6DD77DF4DF39CFD3BB63710DC498341CE764B67DC830F3E98D2680041BFDF9383A9372E00941D725AD8E170C8773CC45FEA497FDECBE5B461870E1DB2FD5AD9D1485AC67FFEF31FE3B13578567AD2E534BD90D3F8F6749AEC9046849C8E1432C84FFE3FFB81CE3D38B4B46FDFDE08F0EDBD5B724A531A27D2E368EF851472DA53820A212940560F8A9C659006829DFC8DB2BEE4C8CAE038F9BB1E78E08194D77EFAE9A7D99AFECE9D043B19A516F8B06AF277CBD9989C92A938A5875E527BEC291412EC5BBDC4D925BDCAB56AD50ADDB97367171FDE06EBE5741BCC2DC9F1955E5EE9ED97DFB69586E7A951263DFBEE647B929E7A77BEB44DF9B073FABB9FA67FEBDF67352095C0BF57AF5E1DC78E1D3B5537928B6514F8CB8C2F92D6610F08A5012D674B65F0FC89132752F6B372EC9219B132BA4097A4F48C1C39B2ACFEBC3E1DF04BEA8EBE59121010609D498B2D0C3F16D93FC87724DB82749E59936648A35AC6D2B95FCBC41AE42BEB4AA7821C97A571FDE69B6F1AAFE9D2A58B71C12ED94782A0DFEFE98DDDA9037F477E06FE37DE78E3F1E9D3A797D33BF2B7F3F9CFCD4A806845C8C16E01C79EA64D9BE6680093EC7CA497EFEBAFBF4EC9CB97838C5C19D0EA399483BD5C44C9EAD9CB0E09002535400202EB4224F6A0D2D34C4156A0EF3E9E437A2925DD470E74928E24B321D8778E56BEB1346224E890DF8DDC975E3F8B042C1280C8F3B2C3740F4464DDDC0627B7DE7AAB3DB540F9E0EF28BD81704774DD97D7C14350F3E6CD73347A5E72C6E54C877BCEB43402E4FBCBC98043C967DEBF7F7F823EF0CDCCE39EFE1C37D272B30DE6D64F3FFD649C499319ADC68F1F6F8C9DF1C49E1E6035B66599341A2430D74160AA337ABEB44DF958402A11F84FFAF7F8654E03D24F3EF9E4BB4E9D3AB5FBF0C30F7FE8D3A74F707A81BF7C9FF68E11A94799935F1AD1928629FB652B175CC6CFC8FA72A6CDD3E417560EBFBEDB35323272968F56EF6B7A5B8AD6BFB3E9FEDCA39F1E7B67955CBBC43A6B2E9D59D6583AB706A2712BDB97F4FADB5F2FAF9933670E8122417FE151A64C990BB1B1B1C1194DCFE86DC58A153BA1773A0951515143F3F36FCD6000D3397D9009D09F29C40AF6F3620093CCBCF1C4134F18F7257D468275F7C02BA329FD3222A7A2A54121670B6476110934E4FF90839975C119FB694C090E1B3468605C825C027FEB12F4722BE90892337CFDF5D7A7DE2875E3C10A6AECBD9252ECBD92D268902283A83222BD2AEE75905592065100A90599FD8E8C6A56990C84939C7E1D902C3D7BF66CF13BEFBC335B17C790E043D2B6FEFDF7DF34CF49D02F79C932A34F76527CE4BB7BE79D77CEEBDFC713DF7CF3CD9482AA3BF74692AF0C22946D4AD2E7ACA051CECEC9F490F6AB974BAA9ECC94659F6ED39A0A5096C973F23E7226CEFEBBF7A56DCA57E8EFBB9BB702D26FBFFD76B16EAC3DF8D1471F7DD7BB77EF50F7C05F1A53D261629FDE58D2A5AC81F012F449878DA441CAFE53F6A7B29DC9EC3032ADB19DBFE4F0EBE3EEB0A212DF64E5582A67D9AD75C9DF27E82FF4CA952BB75F1F5CEAE567D0AF83DFBFF44D5201FFE9D2D52D018644C4C5CD5823CF063065B43391838E4CAB293DF539654D052AF9BE56602039C3328DA7F48ACB7B7FF8E18729EBCBC062212947D26B29AF153AB8321A099E7218E500E8A9575202A2AC9CFA94F404C955B6C86954F714227FE416AC663A104E07D69B3A77EE7C8B5EBE543F2C9D9DC05F728AADE0C31624A5F4FACB7372054A398D9D151224BEF9E69BD2E8EDFBF5D75F4F29C8BA336F7D6E10E1E0C1838D869445D23E24CF57A671B4D27CA4A12D457A1225E8966D43B66B21675E6420220DFB140000200049444154A8CCB663A5E3B04DA52F3232F26B2FBFDF7C1DF83F3466CC98EF060C18106A0DEE959998A401EDCE9A31CD22676425ADCC22674165EA5C6918C8FE56480FBF04FCFA6E671DF0CF27B20008FA7D5299326596EA834DBDAC4CF1E72D2B57AE9408656901FFE9A56CC17FBE0C60929E3BEB006FCFEF951E7AB3B735D39E06C93F95E0407A0EEFBAEBAE94E51228F4E8D1C3082A645E610940A407430610CAA9683945293DFF722AD3EAD91072006CDBB6AD91BB283D5CF6ABBABA934684C5DE2BE94E7A34A537CC3A252E81A87C5E6980C84053C98DB51A3BD21B9A9B8BE9F8025BB09AE5DF910E0CB68585855D3F79F2E415F1F1F115F4F71692D9FF23752503CCECDF91F4E8CB776F0D7095E0F28F3FFEC8D2F482F23D0C1D3AF4CC850B17FA17D4749D39A9BBFC346CD83063BCCCE5975F9EB24C02FDB7DE7ACB98BD4652E9E4BA18D67620DB8475B64E027819102ADBA275A11FB6A9026B48CCEFD4A9D3FDA3468DFABE6FDFBE468FBF4C6061CDD19E1149F7C9683DAB875F027EF97FA86D80A0DF67E92061B80E381F4B4A4A0AC8A70B7425ECDEBDBB81BEED55507F73410C609283B40C30B24EE5BB07F7EE3D8092BE610F342C724646023BE9D11B3264887B03CEE8B597E7A5C751F2F625E0B7DE5F520964B9FBD5146540AFAC3B76EC58B564C99274F395ED64260B9941C4536FA4043B32D0565220AC00467A4AAD1E4899AB5CA6BF93B30A32C0D15FE5F6772457A4D681FF2DD3A74F5FA9EBBF6C972E5DD24DCA96604FC6845817E63203663560C000A36759AEC560CD32624D2F28DF4D7A693ED248D0017F9C7EBF510511F0FBFA2042E94197993B24A0B637922D129C4B1DCBD55BAD7AB7C8B624C1F81B6FBC615C29D9DA6ED9A60A96A4FA48E03F66CC98EFFBF4E953ECFAEBAFCFF5014F02FED1A347079B293D04FC404E3B80A882FCD3BF7FFF3FBB76ED7A797EF40E2D5CB8708A3E38D5D601CFADF9FD77EA006BB00C60D207C61CE58B2E5AB4C829B3027893E4927A1A689BDB06467A670C723A66C09DA497D8F3970B82CC7DDEBA756B87BFFD8E3CBC5F1D5D97CBEEBAEBAE8A7A3B2CEEA9F12D67682498DCBE7D7BCA32E9C997A0DF6C4018D76090F9C685A492488FB4A781E1324BC90B2FBCA0DB06A7661F3E7CB8477E5E00CB17B7C1BC6CE867675BF3856DCA5FB6C1DCD0817F2B5DCFB3754339243781BFEDC25BFE302DA7D7F8D3365814F8E336E8093DFDF9481FFC077DA3356EDC38288F7BFB63274E9C78953EE87F50107FA72F0E60F276C02F320A34BC3550C9DF82135FFE1D993DFEB7FDF4D34FCBE2E2E22A3EF3CC33A9027F49D5917430EB624F42527AEC79FB72D137E975B6527F645DF98EE44234F6CBC84B6FF2E0C1838FC5C6C62E3C72E4488FFCBEE22D8308D9A60A9A39B8B7836E48CFD08DE690264D9A64FBA0674FE9A1871FF0C2FE922AC83F5F7CF1C5B4F8F8F8DFE50A747969E4C89133929393CFE860238A5A075207FEE7CE9DBB5107EE7BFFEFFFFE2FDEEAB197205EA69D93C19AF634129952D03D48B4E7870B190C2A1781930B0C0949117AF9E59775FBE1E83CBD0D46E477C00FF80AC9BDD7DB58077D4C4A58BF7EFDF9ECBCD63E68971C7EC03BE8E9CF67A74E9D7AE0BBEFBEDB51BF7EFDE2F6A9E8BC65EBD6AD73F4CEF55E87C37107C10690D6B469D3622222226E59BB76ED4F23468CA83F70E0C092920B9E95C18642527AD25B571A11C3860D3BA01B001B7443A207DB2008FC8DC1BDED478F1E3DAB5FBF7E324571A6A75ADC527A08F8012FA1A73F9F494FE3F9F3E77B8E1A35EAACB72F757FE8D0A115EFBEFB6E131DF00FD43BDA3FA86DC03319D01A181878CBCE9D3BD7E96DF1B4FB20D19CFAE0830F0EECDDBB777768686818013FE022A93E7A1B6BAFB78FF3EBD6AD3B93D1BABB76ED3A3272E4481919FF6851CAE10708FA0B2999A73B3E3EBEF7E0C183E36596086F901EFE175F7CB1665252D2386FCFBF0C14D2C05F06B8DEBD6DDBB695C3860D8BB3A669CCA94F3EF964EBA64D9B76070707DF5B18AFC009E436F0773A9D1D478F1EEDD8B061439CA7752487FF8D37DE08D5EBF9F2957601827E64CF942953BE3C75EA54CF37DF7C336EF6ECD967ACDCE21C88FDE0830F26BCF3CE3B372627270F993A75EABBD42E90F5C03F3030B07D7474F4E22143869CCE69E03F76ECD86D2B56AC38AB03FE0E04FC806792EA939898F8E0A851A31C6BD7AE4D15F85B39FCFA58D89D801F20E82F7474801EA577808DBFFDF6DBDF7AF5EA7554EFF4CE65E3E5098B162D8AEAD6ADDB9F7AE7594F72F8A3A2A22650AB40F603FF499326753878F0E0F4975F7E39CEBA0053567DFEF9E71B57AD5A95A4B7E556BE360F3EE06BA4C75F6F2BFF1D33668C63CD9A3527AD80BF284ECB09E43706F21630C9F1D737778585853D3C72E4C8678283831B3568D0E0588B162D4AD5AD5B37B87CF9F25564DAC073E7CE1D8D8D8D3DB563C78EDDCB972F0FDCBD7B77FDA4A4A41AFAB59FC4C4C47C4DFE30903BDF7CF3CDE35DBA745103070EECFCD65B6F95908B716525E0FFF9E79FCBEB4677D369D3A6C5538B40D602FF4E9D3A49E0FF5DF5EAD5E30E1D3A545207FCE104FC00417F5109FEA7EB9BE95DBB76ADB179F3E687376DDA748B7EDC5417491508D5A5AC2E32DAD0A9CB4FBA3C633618007831F0D70DF033AFBEFAEAA36FBEF966E98CAEF0AAB7BF553FFDF4535D7DF7267DFF38B507642FF00F0F0F9F7DF0E0C1AEBAD13C85801F20E82F72A64C997250DF8C310B80FC6F80F7D681FFF6D75F7FFD3D1DF897F114F8CF9C3973F99C39736A060404DCA31B0A34BE811C703A9D7FDA6F01E42D72FA01206DE03F3E3E3EBED7CB2FBF7C76CF9E3DA99E5BB870E1CFD3A64D6B2039FC3AE0DF446D0100FC013DFD00E0814C7D1B1616163474E8D0713D7BF60C3D7AF4A8FAF7DF7FD7CC9D3BF72AFDF43D3AF0A777120040D08F5CFB8F2E329270856D595F5DE4EA84D685B79AE97293221508C813322356787878ECF8F1E3A7262727073B9DCE860E87E35EBD7C1DB50300F027A4F714AC5B7569A7CB485D5E35EFFF571719D054CFC3F7D3D816F08B0774994635027947E60CD701FF17725F07FCCB74C0BF845A0100F81B7AFA0BD6AFE66D055D8EE8B2589752BADCA9CB8FB6F5AAEB72AD2E35CC86411D8945CCD71CD2E56E5D64BEE3DFA852204FACD1E5195D98A50700E097E8E9F76DC1E6AD04F6923F1CA5CB125D6AE9F2BEB9AC9DF93D7EA54B03AA0CF03E87C31163DEAD416D0000FC113DFD054706035EA64BB272A5EDD432837C9993BF8E19CC3FA8CB50E5EAD16FA5CB0CE53A0BB0D27CEDBFCA95F37F5E977FCC02C0FBAC0B6F855215401A32C6A5A987E5C774916BCEECA28A0082FEA26C8759840CDAB506E8DAD37BEC293E95CCE05F06EEBEA7CB515D2E351B03CA6C3890DE03E481C4C4C498C0C040B95B85DA0052DCAECB525D3EB4C51301E6FD77CC635432D50410F4E3A2AB55E633F0C88E537A4C2AEB12673614A2D5C571010F518D40DE080E0E4E484A4A92BBF4F40317459841FF0A33C8BFC95C2E1D549D946BB20AE9C47A83AA020A1E39FD05EF125D0E67613DD9695EAF4B4D5D6EA0DA80FC635E295BD0D30F5C344217EB0275E3956B4639292F9BCBA453AA15D59483E02C20C0999CCC49125FA0BF877DFA2691A01FDEF0A472A5EB6446D27B4AEAD25EB94EA98A9B952BF75F0A676D80BC9520FF74ECD8B15426EB354C67B99C25684235A210A960FEA62FF3F09C4C2E219D5444AE39101A1AFAF7E9D3A7A9081F70F2E4C96DB6C62D413F72BCB394605D7221CFDA964B60BFCB43C02FA74D879B8187CCEB7F4A97D9EA62EEFF7AAA14C853C60C3E8181811533594F1AE0ADD26934D4A31A51488C54173B9BF6B83D27BFF3CF75394035E54CB162C5969F3A758A8AF0851D7F4C8CA4542F21E8476EFC6306EB096ECB6580EE58B7653203C21CB765F2D87EA1AE8FA952204F19DB6A404040B94CD6931E2169183CEDE1B978AA1185C40BBA48DAC30A0FCFC974D212B14AFA6A305595839D4D42C2FB478E1CB9E0743AA98C82157DE2C40999286506413F00141D464F7F727272B92CAC2BD7D4907100E37429E7DE70000A915BCCDB12CAD5C32FE51AE53A432DA96EEDA9A2ECBBEDB6DBD6E8807FCBE1C387A98C02B46DDBB645FA7B38DCBA75EBD504FD405EFC2819C0E4330AD300262FB07AE92B6671FDB9CA95BEF79D2E6F293F1A04CC36C8369845EEE35BCEE82289E8D2D32F293F7296FA28DF62CE2424243C121D1D7D362E2E8ECA2800B1B1B1B34F9C3871BFDE06FB159AF88AAF15BE86014CBEA3300D60F282E3E9043AA2852EBFE832CDBC95324F978F94ABA75F82A1C9CAF3058CD806E1AFDBE016DB36219F53AE3DF387795F1A2B7295F88E7C8B39D3B66DDB3F74C0F9E0F6EDDB4F11F8E77FC0BF75EBD6460E87A3A7FE1EB61596BF8B195FE073CC014C1DCA962D4B6514307300D3EFD484524EA733561F00E4D6538FFD725DEE48E7A515CD06C3BB66E3806D10856D1BDC92CEF2597C83B9D3AA55ABC5DAC39B376F9E51BB76EDC49A356B9697FD10F24CB4A4F4480FBF04FCBAFEE716A63F8EA01F3EC71CC0F480DEB91563E756B03B3F7300D358AA4229FD5B3C65DE0E0F0B0B1B6E7F2E2A2A2ABD1F6A73F3D63A4B10CF3608B6416437F05FB06041B3E8E8E80F0F1E3C786DA54A950E56AC58B1AA6E94570908F0DD848DE3C78FAB5F7FFD55DD7AEBAD4A7F5E9FFD9C92422767D4A4812DDB9BD3E9ACAB97B52E4C3DFC04FDF059328069E9D2A53280E9FAEAD5AB532105C41CC054B7B00C60CA8EF0F0F0BEFA6F1F9DCBB791F9CBEFD665A86D5945B64114926DB0AA2EDF6661BD9E2AF54C73C80149F5919B850B1736D10DF20EBAB454AED4419FBD4AF8860D1BD4C68D1BD5BE7DFBD475D75DE7CBD52B3B39197F2267D4C616E6631E413F7C923980697DE9D2A54B942953860AC967B6014CAD8BE2DF1F1010303D292929AB417F928765F729D7E05DF7941F49EF915980B6B10DC2CFB7C123BA3CA34B7406EB487ED86EE5CAF96764B817B469D346C677F8C538ABB0B0B0A1FA66880EFCDF78E9A59786F2EDF9C0B18D2A802F620053C1061B85710053764C993245A6DB9C9EC5D537BA3D960047AE9AFD9854A7DB7392E3FC07DB200AC93628A3BDE5CAF032CE25DE2DB690C73245EDE504FC00413F9021C9634C4C4C94014C71FBF7EF3FC1454AF29C0C60FADF962D5B9AE9FB7D0ADB00A6ECD201D787E6DDCC7E783FB83D966067A0F2DC1B27CB12D9065188B6C18566502F0DDDDB74B956B966AD127211CA237CAD806F08A40AE0CB264D9AB4A76BD7AEB34E9D3AD5F8F0E1C36512121276050404384242424AF9F200C33D7BF6A84F3FFD5455AD5A55952F5FDE673FA70C603A71E2C48ABD7BF7AEDFB973678573E7CE05E9655DDBB469B3BCA8FFF674F0B5FFEAABAF6EAF7F67553359F50DBD6E7416DF56CE02C8154ACFB30DA2106C8392536E5D79F7902E7F29D71CFD0FA92CCCDCD3B061C396FA46CA52BD0D2DE1D750B8F0FDFA1E72FAE1F3FC7100D3CC9933657E6D3566CC18D5B1A34F4F535D640630E584D9DBFF5506ABC4878686AE36F7A5DF2BD72C3D564FBE0CDA95F406E9F9AF62BB0D577E328B8F3F6F837E846D1000413F60E72F039822222242131212CEC97DC9859E32654AF109132624F00DFA1F1DD047E9EF72A4BE5B219D46C16ADB777B4F066F5547B9063C86E972906D108590F4F62F321BBD3273D50C5DE6502D00413F5068E920B1B9FDF1BFFFFEDB52DFCCA766FC8F04F4616161E3F4DDC19E9E773A9D0B3C2C9680A7BD795F5228979A819004FD32734F15F316282CCA988DC126540540D00F14190E87E331FB80477DBF0741BFFF0A0C0CFC3429296990F230062A202060B18797482A8CA4EFC8EC3F92EED3D47C5CD10CFE498941612183762FB13576D3C3D921C007307B0FE065C9C9C9EE691E2D3B76EC588A9AF14FE6F49DDF79782AE6F0E1C39EA6534C3083FD687531775F1ECB6F801E7E14265B74399949394B3501BE819E7EC08BC2C3C3EF763A9D956C8BA467B7626060A05C99753A35E49F6440AFFE5E1F765BB644CB6CFA4DE9DD0F357F0741B65BA030D8431500FE839E7EC08B929393DBBAC78BE6ED83D48EFF8A8C8C5CAE83FEADF66519E4F34BCEFEBDCA35EBCF1073999C2D883083FE1AD4280080A01FF0532D5BB6941EDC27DC165B79E0ED65561F6AC97F391C8E0F527DB18181EEF9FC4DCD005F5278649E56B9226F6F5DDE359F1FAFFC78E61EC04D675D1A7A58BE42975FA81EC0F7709A19F092AA55AB36773A9D6972F7F5B2F33A602CF5EFBFFF4A8ACF2C6ACA3F99D3777E65360092CD5C7FBBFB7469AC5CD3735EAAD20ED8B5527BE402464BA851F8B9A9BA5CE6B66C8C2E1FEB1249F50004FD40A1A583FB273D2DD70162A0F9FC8304FDFECB9CBE5306EE364C4E4EFEC3C32A43952B7547F6AB07D5C58B74B1DF45512067B9E6EAB298AA0008FA81424B527B74507FB70EF03D3D6D05FD92E2D34F078FB1D4589A0653E8DEBD7B9F8B8F8F7FE4ECD9B3F5CF9C3913AA036B9FFB9CC78E1D536BD7AE558D1B37BEEA89279E70FA7ABDEADFA3332424E49FE0E0E035172E5C18D9A2450BD22E9057642C0B53130304FD40E156B972E5963AC0AA94C12AE7F4F3E5CE9D3BD742B97AC360D2C1FED3EBD6AD1B95909050A24A952A4A4AE9D2A5650E7C9FFCBC1D3A7448F7B9EDDBB7ABABAFBE3ACDF2152B56A85B6EB925DF3FAB6E38397443AA625C5C5CBB98989856CB962DFB5DFF061F69DBB6ED367E79F00209F2BBE9D24097DFCC5BBB0033CED8425501058F81BC803736A48080CC66E7314E01E8C0FF516AEBA2FDFBF7CFDAB76FDFB80A152A94B8E1861B54AD5AB554D9B2657D36E0CFCCE0C183D5E8D1A3556C6CEA9339870E1D326E376FDE9CDFBF4B55A64C1955A3460DD5B469D3E09A356B36965EFF9F7FFE99D9A4E00D328DED03BA4CD0A58219E05B255897E2BA84504D806FA0A71FF08EEE993C6F0CEA743A9DAD2415280BF3BB1789805F9707A5675C02D3C2E0BBEF5CD7F0DAB973A7EAD9B3A7713F3E3E5E3DF4D043C6FDA3478F16E8E7AB56AD9A34AA8A6FD9B265F2E2C58BBBB46AD58AB34EC80DB9F8DCABCA3535ADFC9664862AC62D0104FD40E1D4A953A756FA264B51ABA4F85C7AE9A5D23B165594EB4C527AF6ECD9936EC0FF6FFC5175ECCF85EAECC9BDBAA194AC8A97ABAD2AD76BA342CB54F7D9BF497AF35F78E10555AE5C3975EBADB7AADEBD7BA77A7EFDFAF532DFBF6AD3A64D817ECE92254BAA6BAEB9A6F4C68D1B272F58B0E056527DE005D28921B3930D52AEDE7D66EF017C10E93D402EE940BE6936D76F5094EB4B06ED1E3F7E7C94A4F2A417F01FD8F0A58A3FBE5325279D57CEE44475F6C45F6AFFFA2F5442DC219FFEDBEEB9E71E356EDC38D5AC593395909090B2BC42850A6AE5CA95EAA69B6E327AFEA50150D0817F9D3A7592030303C7B205C38B86EB525A97ABA80AC0F7D0D30FE4D2D4A953E5E24BEFDA978585850D55AE53DE6F4445450DA5962E92597A64D0AEA49A787262DFAF2AF1FC9934CBA501707CEF1255A371579FFCBB24B097F49D1F7FFC514D9B364D3DF6D863C6721D58CB1CFFAA5DBB76C6D9807EFDFAA9E1C38717F8E7AD51A346F903070E5CB168D1A2E6AD5BB75ECD2F1339209317EC715BF6992ECFEAB283EA0108FA011461322DA7CCD093CEF4A6EA5C06BDF97216C05749602FBDFB92B274DB6DB7A90D1B3618CBE56F9581BD0B172E54CB962D539F7FFEB9AA58B1A24F7CE6CA952BC7E886884C4744D08F9CF82D9DE5FF47D500BE87F41E00F94AE6E197197AD2E34CBA90FE8B9DC93EFDB7EDD9B3C718C41B1414A46262628CB26FDF3EA3412053760E1D3A54FDF6DB6F3EF37975E3430649B4E457090004FD00E05572E12D9987BF309281BC3250F7AFBFFE523B76EC301A00324D676262A251A4D7DF9EEB5FD0F4F75055B9AEA40A0028E448EF0190AFE44ABBFE3A0F7F66AA57AFAEFAF6EDABBA75EB66F4EADBC920DF79F3E6A9DAB56BFBCCE735BF078E03005004D0D30FC0A7142B7E49BACF0585F8F6190249E5B9F9E69BD5F5D75F9FE6B9F1E3C7F3E502000A0C3D3C007C4AF95A37ABF367FE4E33834F60B1E2AA7CED163EFDD91B376E6C144F7CA9871F0050F4D0D30FC0A794AA74A52A59B1BEC7E5A52B5F4D05010040D00FA03048BA702ECDB2C47F4F5331000010F403F077E7CF1C33AEBC1B7FECF734CF9DF967B7DABFEE7FC63A000080A01F801F3A7578830EF83F57674FEE4D779DB3B1FB54F49A71EAE4FE95CAE9E373F60300E04B18C80BA04049CFFDD15D3F1A3DF959919C74DE58FFF4B1DF55E5FFB453A1C654F300002023F4F4032850D2739FD580DF4ECE08EC5BFB2915080000413F005F273DF739E54C4EA4020100C802D27B0014A806AD8651090000E4317AFA01000000827E0000000004FD0000000008FA0100000010F40300000020E80700000040D00F00000080A01F00000020E80700000040D00F00000080A01F00000000413F00000000827E0000000004FD0080FCD5A953A75661616183A9090020E807800275FEFC79F5D75F7F19F79393938DE22E2E2E2ECDB2CF3FFF5C1D3E7C38E5F1C89123D5DF7FFF9DE9FFB77AF56A356BD6AC749F8F898951F1F1F16996BFF4D24B3E5F972D5BB60C92403F3C3C7CBC0EF64F0704042CD28BDFE2570600FE21882A005058050707AB2FBFFC523DF4D043AA4993264A07ABEA89279E503FFEF8A36AD6AC99AA50A1821A3D7AB45AB06081B1FEB265CB549D3A75D46FBFFDA66EBFFD763571E244D5BC7973B57DFB7655A2440923609F3D7BB6EADAB5ABC7FF2F3636565DB87021DDCF53B16245D5BE7D7B3577EE5CB57CF9F29406C0FAF5EBD5FCF9F3556262A25AB162851A3E7CB8CF04FA55AB566DEE743A9FD10FDBEA5241DFE787050004FD00E05BFAF6ED6BF4DA070505A9EAD5ABABBBEFBE5B7DFFFDF7C66D404080AA51A346CABA975E7AA9DAB2658B3A76EC98DAB973A71194CBD9822A55AAA84D9B36A9B7DE7A4BBDF6DA6BEA9F7FFE311A0CE2D1471F55E1E1E1C6FD75EBD6A973E7CEA9D2A54B1B8FA5413179F26455B97265D70E577F0609FA45D3A64D556868A8717FCA9429C6E7918680FC1F054DFF3D77EBE0FE5E5D1ED7A504BF220020E807009F76E2C409D5B871E394C7927E73E8D021A337BF6EDDBAA9D6DDBB77AF1198D7AE5D5BB569D3468D1B374EEDDAB5CBE8F5BFF1C61B8D06428B162D52BD4652862460B79C3E7D3AE5B104F356C06F91B30D96193366A892254BAA23478E183DFDE2F8F1E34623233F4544448426242434D7777BEAD25607FA468BC6E170F0030200827E00F05D92832F39F61F7DF491FAEAABAF8C805D7AF0A5775F7AD8A507DF0AB42D920E74F6EC59B564C912A354AB564DB56EDDDA788D34023EFCF0438FFF8FF53EEE3DFD92C36F91B10572F660C89021C69986458B16A94A952A19CFD91B25EFBDF79E1A3C7870CA9984BCB467CF1E357DFA74A503FE73397D0FDD8819CAAF0D3934842A0008FA012057A487FD81071E3072F0AD141E09B225475F964B0340526D7AF4E891F29A3BEFBC530D1B364C5D79E595468FFFEFBFFFAE3A76ECA83EFBEC3323E89F3061821A346850AADE7BB99F514FBFE5F2CB2F374A6464A4D193DFAD5B37357EFC78630C81342C84A416BDFEFAEBEA924B2EC9973A9A366D9A3A75EA14811B0010F4034021DAE1E9405E72F26560EFC71F7F6C9C01B0488FFD860D1B54FFFEFDD5D75F7FAD6EBBED36A3E75F7AF1BB74E962AC23B3F8BCFAEAAB46DEBD37527024C5E8F1C71F4F793C75EAD47C0BF8853468C68C19E329F04FD245727BB232C3DB1BFCB2904B13A80280A01F00BC42526FAEBBEE3A63B0ACF4C4CB19002BBD46583DF60B172E54975D76993193CF9A356B24F5C508FE85340424A7DF7A2CECF9F8EEE93DE94DF329E300B66EDD6A9C1590FFC372F2E4C97CAD13F93B1F7EF8613923515C7FEE560E874366E89191C6356CAB259AC1BFC706405454D4507E5D0040D00F00054A026CE99D9780BF61C38646D0BF7FFFFE74D797349E3E7DFAA8B7DF7EDBC8FBFFF5D75F8D5B99BDE7C1071F4C15F08B49932619B9FF167B7A8FBC97BB3367CEA877DE7947BDFCF2CBC6149DF679FBE571419830614282BE992BA565CB96FDAA54A9D2DEE974B6D58D80BBDD1A00E7CDE09F63070010F40380EF90B9F19F79E619F5CD37DFA80E1D3A180D00C9F1FFE4934FD27D8D04E2A54A9532EECBFCFE12C45B81BCF4DEDB73FAED01BF3B1900EC4E06F34A4A8DA41AC9605DFB7800C9B12F684B962C9196C774B3C840DD96FAA6832EF241EBF18B0200827E00F03923468C30A6E2BCF7DE7B8DC7D6A05EC9DF97997D24A8B7C845BB245097293B2565475277E4625B56FA8E0CFEFDE38F3F8CB3009EA477D55FBBB56BD71A17FAB2938684CC0C24EFEF6BA2A2A296485B40EE77EEDC59A6F5ECE1E10C000080A01F000A96FB7CFC422E8E2557DCB56BD7AE9D716BEF7DCF8E56AD5AA549FF71670FF83FFDF453E356CE1CA4D790F02553A74E5DAD6F56F38B0200FF1340150080776416F0BB93141F000008FA0100000010F40300000020E80700000008FA0100000010F40300000020E80700000040D00F00000080A01F00000000413F00000000827E0000000004FD00000000413F00000000827E0000000004FD0000000008FA0100000010F40300000020E80700000040D00F00000010F40300000020E80700000040D00F00000080A01F00000000413F00000000827E007EB8D309087026272753113E407F0FFBF44D2235010004FD00E055A1A1A17F9F3E7D9A8AF001274F9EDCA66F3651130040D00F005E55AC58B1E5A74E9DA2227C404C4C4C9CBE59424D0000413F0078554242C2FB478E1CB9E0743AA98C82157DE2C489C6FA760655010004FD00E055B7DD76DB1A1DF06F397CF830955180B66DDBB6487F0F875BB76EBD9ADA0000827E00F0BA84848447A2A3A3CFC6C5C551190520363676F6891327EE4F4E4EEE476D0000413F00E489B66DDBFEA103CE07B76FDF7E8AC03FFF03FEAD5BB73672381C3DF5F7B08D1A0100827E00C833AD5AB55A9C9898F8F0E6CD9BE3F6EFDF7F821CFF3C17BD6DDBB6FF6DD9B2A599BEDF47D7FF5CAA040008FA01205F02FFA4A4A466D1D1D1EB56AD5A756CF7EEDD1B4F9E3C19E3EBF3F81F3F7E5C7DF7DD77C6AD2F9379F8FFF9E79F1FB66FDF1EF9EBAFBF9E3D71E2445DBDAC35013F00143D415401808224A93E72B370E1C226478E1CE9A04B4BFDB89C2EA1BEFA99376CD8A0366EDCA8F6EDDBA7AEBBEE3A5FAEDEEABA1CD3E5775DC63268170008FA01A040B569D3462E12E517178A0A0B0B1BAA6F86E8C0FF8D975E7A6928DF1E00C0D791DE0300000010F40300000020E80700000040D00F00000080A01F00000000413F00000000827E0000000004FD00000000413F00000000827E0000000004FD00000000F7E8860C000017DD4944415408FA0100000010F40300000020E80700000040D00F00000010F40300000020E80700000040D00F00000080A01F00000000413F00000000EF09A20A00207D9D3B777ED9E1700C4FE7E92161616143EC0BA2A2A21CD41A00C0D7D0D30F00195B928D750F525D0000827E00F03353A74E5D9DD560DEE974CEA7C6000004FD00E09FBEC8CA4A0E87630A55050020E807003FE4743AA76761B5E3313131CBA92D00802F62202F006462EAD4A9DBC2C2C224CDA779060D83594B962C49A4B60014354C78E01FE8E90780AC9991E1CE342060065504A048069301019BA805827E002814020303A3F44D523A4F1F3C72E4C8626A094051141919299318C4677175663923E80700DF3565CA1439502DF2F49CCCDA436A0F80A24CEF077FC8E27ACC7246D00F00BECDE170A497C2F313B503A08807FD9F67B2CA79733FCA2C6704FD00E0DB12131325C5E78CDBE2E3C9C9C973A91D00455989122596EB80FE7406AB042B663923E807007F306DDA34C9599DE7B678BEB91C008AAC09132624389DCE0519ADC32C6704FD00E0371C0EC7176E8F99B507005C3E4927D8372641609633827E00F01B2121214B327A0C004595A4EEE800FF9CFB7287C311A898E58CA01F00FC899CC2D637BBCC03D91EFD38965A0100A5247547EF17233D3DC72C6704FD00E08F8C53D84141415F521500902AB8FFCE6D51B279CB2C6704FD00E03F3A75EAD42A383878C43DF7DC233DFDAF77EFDEFD416A05005C8E1E3D2AF3F09F748B3599E58CA01F801F9069D6DAE8F2B62E97A6B31F699FCE6B43756990C17BDFA4CB7F3378BEAA2EA53C2C1F5950017F6868E8DC3E7DFA04EB605FF5EFDF3F584E6577EEDCF9BE7CFC18F57471FFFF1ED6A579165EFB4406DF9532EB3AC86D99ACDF3493F76DA2CBD3E6672BE5F6FD376513028A0E3385E717B7C5CC7246D00FC007DD6406F97798C1F5ABE6BE628C4ADD7B63350882CCF525C0EB6A2E7FCE0C4CE5B55765F07F5DA24BB10C9E3FA6CB74F3FEADBAB433CB0DE6ED03BABC9FCF017FC875D75D672C6BDCB8B11A306040F1E0E0E069F918F8CBFF13E321583FEEB6AC9C2E2DDDCA2DBAD4B13DBE5B97FF99DF9D9083B5E4E356311B112DCD654F99F7237479CB16D0CB3AC375E9A1CB3A33E87FD5F6FED260E8C5260514391FD91F30CB996F08A20A00D848605D56B9723083CC80EFBC19F4DF60068DF166A0276E335F335397D774F947B9CE06C8BA1FEBE2E974EE14B32873BDE2BA58177419A04B175D8EDA82D099E6FDB5BA2498F7BBE9F2A3F97FBF92D795121E1E7E77B162C5664B0FBF15F05B1A356A24817FE8A851A3A6E9F51E8A8C8CCCEB4BCC0799017639B30110647E2F15CDC0FF765D9ED125D66C1C24D85E6B2D8BB62D7BDB762C90756798EF1D6DAE3B4E970F75F9439725B6D7C9BAABCDE0BF8EF99924D0DF695B4F963760B3028A96D0D0D0D5090917773DCC72E61B02A902C0FB1A366CD8D20C80966EDBB6CD9F7676FB95EB8AB3DBCC20AF822EBB75910BAEC83CCBCBCCFB963DCAD5DB2E817923E5EA7597D73FA4CBAC74FE8F8EBABC6BBE6F495D4E98EBCAE37B7499E8B6FE4EB3E11164BE6F1D73BDBFE558A24B9CD910C9D3805F5279AEBDF65A8FEB54A95245D5AB572F68D5AA551DAEBCF2CACDDBB76FDF95471FA7952ECBCD005FAE1720BDEE6BCCEFE94733D89E6D369694D90878DAAC1F09E49B9BDF8F1C8D6B988DA748B37E25382F65BE7F53F337F0B8D9D85AA9CBCD66D9660BE89B98A5B672F5EAEFD5E57AF3B7D2D06C1406BB35160014425DBB76AD71D55557756FD4A8D1C0C4C4C437CD7D8E4317A77E1C76F5D557B7D4CFD56CDCB8F1FEAD5BB7C6516304FD00417FC16BAD4B07E54ABBB9D10C308B9BC1BA9C01B002DA9ABADCAF5C293FCD7491B999252AAE6C3EFE4D17E9167F5EB97A81ADB99B9F3583D12B94ABA7BFA61918CAE3B6B6A0BF9E19647E6D06B23260D69A1E531A0B7F99F71F3303DF73DEAE0849E909090999A303FE1049E5C9C8A5975E2A817F800EFCDBEBEF7F83FEDEFFF4F2C791EF414E99CB59907EBAF4341B4CCA0CBCA3CD836C29B321649186C11BE6F3F2FDAC36837009F4DB98756B351024D56791D90090F792D49C23E677515EB9CE20CC331B1109E67BDE69AEF396D990D86E361CE477B2C37CDFC3EC1580C2293C3CBCBD0EE63F4A4E4E1EE97038A413E82A737FE1305791DB72FA39D9AFB4713A9DFDE518A95F93A4F7935BA8C1FC434E3F0077566A4FB019F85BF7E5F6946DBD03CA95A6233DCE757419AFCB67CAD5E32CBDC9FBCC46437FE54AFBB1FC6DAE23457A9137DA1EDB73D5256896F4A0DFCDA072A2F9FF8885E6AD44E243DCDEDF6B01BF95C39F59C06FB9E69A6B025F7CF1C562FAE03653CE1078F9231D371B5E924EF3B65957D2B07CC27CDE6A68D6C9C5FFF19AD96888378BA4F56C52AEDE7D793CC8F61D49D02F671424B5E8725DFA9ACBE5F385999F4B1A23F7A98B6306001412616161757499275374EAD22A9BDB794BFD9AC9FAF5BF76ECD8B11EB5993FC8E907E0C97A33082F6D06D4721545492109715BAF8DB91F914053825CE9B9FF2A0F3F970C32FEDCF6385CA51D5CECD580DF3D873F0B817FF04B2FBD74FEBDF7DEFBB673E7CE5DA64E9DEACD69EAA4273DDA0CC01F361B4631EA627A5339953A875FD91A041280CB80DBDAE67756D16C98D9494AD7736603AE85D90090F5D699AFFFDA6DFD86E6E7D96EAEB7C4F6FFD5311F2F6173020A17BD6F9386FD47E6766F080C0C94B3DCAA59B36672D653952B574E952E5D5A9D3D7B56C5C6C6AAE8E868B566CD1AB561C30675E1C205EB652DF4EB368687873F131919F935354BD00F207F49907FA572CD8E23E92032C8567AFA65A69DB56EEBFEAC5C3DBCD16691949E332AF5405177D5CCF7562AED40DECAE9BC46CE4A5E6336429AD9965FE2ED3F3EA341BBD909FC5F78E1850B23478EFCC6CB81FFAB66602EE32AE69A81B904FA569EBD3404DCAF782969400775795497285D962A57FACEC76EEB95335F5FDD7C8F2A6683A28EAD51E1FEDED2D09B613646469A8D00190F50DF0C0642CDF77B8DCD0A283401FF7D0E8763B215434AB02FD72D69D3A68DAA54A9529AF54B942861946AD5AAA99B6FBED96800FCF0C30F6ADEBC792A294986FFA852D2EBAFF7BDA13AF0FF9C1ACE3BE4F40379C08F73FA83CC407C9519F0C93CF9928FBD41B906F97633037D8B4CD129036D258753527DBE51AE419C92377EC80C4A57B8FD1F8BCCF7F33490577A7A9C6EEB4BB07A85195CCACC3E92031A62969B54DADEE75C07FC190DDACDAAAA55AB06D7AB57EF820CEEBDEAAAABB67A6970EF34E59AFF5A52A4A4E7BD8C1958CB006B19EFF01FF3397BA34BEA77B4592418DF657E9792AF2F6774AC3303727B992ED205B7CE6C00CC321B08D1E6FFB7C90CE64F988FF79BBF9972E67371E6ED05B321F7B94A3B5F3700FF0DF8C374C03FD50AF825901F3C78B06AD1A2852A59B26496DE233434543A46D40D37DCA0FEF8E30F1517973204E981468D1AFD459E7FDE21A71F805DA219584ADA88A47E1C338BDC971E66E969BEC55C37D82C2B6CFB1209246B29578FBFA8E4E1FF3894C1FF9FEC6199049D13CCCF2667217EB495A3DEFAC325A5C70AF8B39AC39F19FD3EA5060E1C981C101030C50B39FE926AF39619BC4B9EBC95677FB5BA98CF5FDFED35128CCBF4AAD6949B166994FDA0CBAFE67B56B1DAAB66F06F4DD9196B6B0C5A6406A07AE6FBAD73FBFFAC3C7FE5B63E6795013F2739FC7A5FF6B1B53DD7AF5F5F0D1D3A54D5AC593347EF27AF93D7CBB4C716A7D3394EEF2B99E6378FB0230660A96006F4896E81A604F6563A8E74E5C83CF032B0567A726510AFF4B6D751AED96024C01B617B7DC32C743C64D6F9203DCA67DD96C9B500FAA5D3A8C851C06F5D69D70AF8E514F433CF3C9366DDB163C7A63A852DF9AA3D7AF448B3DE279F7CA2CA972FAF9A3469525607FE47478C1831551FCC3AE7621EFF78B381657FBDF4BA4B6FFD12F371155BA06E5D60EB6D953A3DC7BA2F33ECDC6106F8D6E05C2B8897141DEB0C4AACF93AF93F226C8D06EB0C410DF33D1B98F7655D39FB70DC6C885431EFFFC92606F82F87C3F13F1D94CB71C2E8E11F30608091B39F1B92F6D3B76F5F23F83F70E08071CCD1FF87CC22762B359E07DF215500E4498FC850E59A55E68DA8A8A8A145E4CF96E0DDBDA73ED86C0CA427B3E73D7554247AF34367346857724EA74C9962E59D1AA7A525EDE7F9E79F4F5967E2C489EAD75F7F5567CE9C4959A75DBB76AA63C78EA9DE6BDDBA75473FF8E083E2C9C9C95DBD98E39FDDFAF07AFDE5D17B02F021322DA7CCD223F725877FF8F0E139EEE1F74402FE418306A5EC6B7503A31B037BF3E6200D00DEE0293527B380FE7C36FF0FAF06979272A383F41FD29BA54706A6952D5B36E5B15C6172FBF6ED6AC78E1D2907AA952B57A604FC42F25AEFBFFFFE34EFD5B469D34BFBF7EF7F4C1FCCBE9681705EFA13120BB2FEF2F03D0178515858D86009DC5BB66C99D30C8F5ED61D19B4EBCD805FC8FBDD77DFC5DDA26E603CC5B746D00F005E0BF88B152B364B72F8D39BA5477AB4E4D4B3F4DE5B64D0D9175F7C61DCFFECB3CF547CFCC58B014B0321222222D5FA6E81FFE503060C382E817F1ECCE30F00E9794B7AEA2FBDF4D2E3BA012033E5DCDDB163C7525979A15C6957BFB6A5B54F94A03F2FDC7DF7DD4AEF93AD872D640C015F1B413F00E48A6DD06EA617DEBAE28A2B8C12107071772981FEB871E3544C4C8C4A4E4E4E692054AD5A5502FB0CDF4F02FF7EFDFAC98C48DEECF107804C391C0E3975F9880EE2E7E97DD65E1D587F250D80888888742FAC959898D85E996340657F296395F282CCEBEFD601F330DF18413F00E42AE0771FB49B99679F7DD618706691DEFEE5CB97A7EAE597E77BF6EC99A5F7BBF1C61BAFECD5ABD75E2FA7FA004076C8440011D20048484838663600D2A400E9FDD4EDB67D579E7E20B7F7BF9DAFC8BB98BD0740910AF8434242BECFEE9576A5074A06E7CE9933C7C8EB17560FBF90192C6EB9E51663468BACD2EB370D0808583B76EC5809FC1FF1F2957B01203B4A990D80882A55AA1CD7C1BF5C857DA2DE5F2ED1FBBC26D64A975D76599E7E883A75EAD81F36E16B21E807FCC990B0B0306AC107381C8EBDC58A15FB2CA757DA7DE08107D4CF3FFF9C12F4DB050707CB456BB2FD9E37DD74D30DBAF1B0E2A38F3E9279FCBFD7075CA6B50450D02AEA7D911CB8C2CCFD5D4A0F877480E425B7F7AFC85741D00FF85DE04F15143C7D105377DD7597CA49C02F2467FFB1C71E53A3468D4AD5CB2FB9FE1D3A744877F06E666ED1A64F9F7E2C2626A62BDF12001F94920A9EDB79F933634FA354AEEB7D80A01FF07913A802DFD2B265CBAA4B972E7D52F2F8737AC55D87C361341EDC1B13F64640766DDDBA551D3B76AC947EEF29F4F403C82339EE7CD2FBA664BD6F3202FFD3A74FE769E02F173BB449E06B23E8077C5E545454B4BE194A4DF8D477A2264C98103D66CC98777AF7EE9DED1E7FB9688C4CD1E929E89F3A75AA91D39FDDDE7E09F8DF7FFFFDB38989899DC9E9079057C2C2C2D20DFAF53ECCE9901E8D8B8F63F5C3C5D211111212323F212161AB5E5C4F9E932B95E765D02FEF6F739C6FCEBB98BD07409111111131FCA69B6EEAF7F1C71F3B376FDE9CADD74E9B36CD98B52765E7699BC2F3DCB97346A3223BE4FF9780FFC2850B04FC000A8C19F0CB5464D375E958BC78F1BA7A7FD631323272D6840913A4B77D93B5EE9E3D7BF2F4B3444747DB1F6EE2DB21E807801C7BEAA9A7C6346FDEBCFF871F7EE8DCB06143965E23BD4F3FFEF8634A1A8F3DE017898989EA975F7E91349D2CBD9F1C38478D1A154FC00FA00049A03F4102FDD0D0D04A12E8EB325D07FAA9BADB9D4EE752EBFE9A356BF2F403B9BDFF52BE22827E00C875E0DFA851A3E7A4C73F2B81FF881123940ED0531E57AF5E5DDD7EFBEDAA72E5CA29CBCE9F3F6F0CF2CD8CA4F40C1932E45FDD50E846C00F203F49EA8E2EB31C0EC7433AD0AFA983FCC7CC403FDDFCF9A0A0A059FA2651EECB19CA13274EE4C96793CE15B7FDF174BE31EF0AA40A0014450B162C581B111111F3FDF7DFB7AB59B3A643AEA6EBC9B66DDBD40F3FFC9092CB2FF9AC212121EA85175E50BFFDF69BD11890805FC82034691048492FE097949EA4A4A42E72EA9C6F01407E68D8B061920EF4BFD2817E8F299ADEAFFDB169D3A62C0D94D5FBADB8468D1ADDA6EF5E26FB4139D379CD35D778FD33CE9A354BEDD8B1C37AB85C374646F3CD11F4038057CC9F3F7FFDFDF7DFBFE7E79F7F7EB0468D1A019E02FFD75E7B2DD5DCFC152A54503D7AF45055AA5451F5EAD553AB56AD3272FA85A4FF48607FCF3DF718537CDA490FD98811238C1C7E7D309B43ED03C82F3AC85FA6CB161DE827E6E4F53AE83FAD6F8C8BCEFCF5D75FEA861B6E5065CB96F5DAE73B70E0801A376E5C4AE78A6EA0BC2A9F976F8EA01F00BC66D9B2655BDAB66DBB5B07FEEDEBD6AD1B20C1BC4506EFDA07FC4AA3A066CD9AC685BA841CF4248FFFCC99332A3E3EDE5826B3FC48EFBF3E48A6BC4E1A0212F0EBE73AE880FF476A1D809F351AFE68D8B0614B7DB78E04E6DBB76F5737DF7CB371D633B7E40CE9FBEFBF6F9FB967794C4CCCC0E8E8E8646ADEBBC8E90750E4BDFBEEBB91E5CA957B78CC983149564EA91C8066CE9C996A8ACE23478EA8F0F0F054AFEDD4A993D207A894C7D2DBFFFDF7DFA7E4BD9AB3F49C93803F3232723EB50DC04F3DA6CC69340F1F3E6C8C619279FB731BF0EBFDAED1D36F8A77381C3D972C599248757B9F832A000097BE7DFBB63F79F2E4B4E79F7F3E28A757EEB593807FF4E8D16713121298A50780DFEBDCB973980ECA272BF33A4FD5AA5593FDA6710634BB24D0FFE8A38FEC01BFA4F5748B8C8CFC9A9ACE1BA4F7008069F5EAD57FDC70C30DEB57AD5AD5A956AD5A81E90DEECD0A33A5E7DCF9F3E709F801140ADBB76FDFD6B0614389D2EFD325407AFA7FFEF967635C93DE6766E9028572165506ED4A0EBFFD625C4EA773505454D4FF51CB79879E7E0070D3B367CF0774B03EBD5FBF7EC51A376E9CEDD74B0FFFC89123CF92D203A030921E7F7D33CEE17094B396C9E405B2BFBCF1C61BD565975DA6CA952B67CC7626293C12DCCB85B7D6AF5F6F4CCB699F1C41B9AE17D05B07FC13A859827E00C877E1E1E177070707CF79FEF9E78B6527D5C7362D27013F80422B2C2CAC8E0EFAFFE7743A5BE5E26D964B0EBFDE57FE418DE63DD27B00C0836DDBB6FD59BF7EFD55EBD7AF0FAB5DBB7696527DAC80DF9C9693597A0014E67D64AC2E931B366CB85D07EEE5F5A25A2AEB13C42CD765484C4CCC80B973E7FE4D6DE60F7AFA0120039D3A756A151A1A3AB74F9F3E2119F5F8EFD9B3C7B8D26E5252521817DE0250D474EDDAB5467272F2C34EA7F316FDB0A92E32FFB124F94B2E8FCCFAB34997A5BA4C8F8A8A8AA6C608FA01C0E748AA4F5050D09C01030678CCF1971CFE0F3EF8E0CC850B171E21E00700F822D27B00201392EAD3A04183556BD6ACE954BB76ED207BAA8F75E1ADF3E7CF8771A55D0000413F00F8B1EDDBB7EFD181FF6F6BD7AE7D5807FE01D5AA550BB0E7F0332D278022A6B372CDBC73CA7C2C73F7BFABCBA24C5E27131C7CA38B932A24E807005F0EFCD7E8C0BFD3E9D3A703274F9E7C8E801F4011F58C2E91B6C7C9BA3CA88B4C6210AC4B9272E5F437361F97334B5B5D56D81EBFA8CB46E5CAFD07413F00F84EE07FF5D557AFFFF3CF3FBB399DCE0798A5074011D44497CDBA94D6E5265DFEA34B3D5D5AEB2257DC92B3003B7489D3E5882E17946B30AF9C157840972FCCFBD2289843C00F00F059111111E5A805004590F4DA3F66DE8ED1E552DB731FA7F39A9F74696796A5B6FBDFAAAC4FF3895C0AA20A0020FB264C98104B2D002882A477BE9A2E837499A1CB3FCAD5B37F5A97B3BAB457AE3300936DAF91B9F8ADB3A2DD6CF71B29575A1008FA010000E0432465E74BE5CAD5FF55B97AFCE799CBAD60BE92DB6B2A2B57CFBEBC462EE225670A8E2A576A10F20939FD000000C88ED9CAD57B2F17E08AD6E5255D8AEB728572F5DEDFA75C693C16C9E75FAB4B17E59AF1E7775D66EAB24091CF0F000000F8A420DB6D435D9EB53D574AB95278EC2425E8535D2A28D78C3F7226E05D7339F2093DFD000000C82A09DC5FD1E5065D427459ADCBDDCA95E6739972CDE223BDFE5BCCF525C0EF6506F9277479589749BAEC51AE81BC92EEB35BB9CE0000000000F011D7B83D7ECC765F7AFAEFB035106E755B77A2ED7E09455E3F00000050E83045270000000000000000000000000000000000000000000000000000000000000000000000000000000000000000000000000000000000000000000000000000000000000000000000000000000000000000000000000000000000000000000000000000000000000000000000000000000000000000000000000000000000000000000000000000000000000000000000000000000000000000000000000000F8FFF6E0800000000040C8FFD70D09000000000000000000000000000000C04567ED5257FCD77A2F0000000049454E44AE426082, null);
INSERT INTO `act_ge_bytearray` VALUES ('47502', '1', 'C:/ruoyi/uploadPath/processDefiniton/2020/02/26/cd440d35efdf301ee9bdcf72ab02bc74.bpmn', '47501', 0x3C3F786D6C2076657273696F6E3D22312E302220656E636F64696E673D225554462D38223F3E0D0A3C646566696E6974696F6E7320786D6C6E733D22687474703A2F2F7777772E6F6D672E6F72672F737065632F42504D4E2F32303130303532342F4D4F44454C2220786D6C6E733A7873693D22687474703A2F2F7777772E77332E6F72672F323030312F584D4C536368656D612D696E7374616E63652220786D6C6E733A7873643D22687474703A2F2F7777772E77332E6F72672F323030312F584D4C536368656D612220786D6C6E733A61637469766974693D22687474703A2F2F61637469766974692E6F72672F62706D6E2220786D6C6E733A62706D6E64693D22687474703A2F2F7777772E6F6D672E6F72672F737065632F42504D4E2F32303130303532342F44492220786D6C6E733A6F6D6764633D22687474703A2F2F7777772E6F6D672E6F72672F737065632F44442F32303130303532342F44432220786D6C6E733A6F6D6764693D22687474703A2F2F7777772E6F6D672E6F72672F737065632F44442F32303130303532342F44492220747970654C616E67756167653D22687474703A2F2F7777772E77332E6F72672F323030312F584D4C536368656D61222065787072657373696F6E4C616E67756167653D22687474703A2F2F7777772E77332E6F72672F313939392F585061746822207461726765744E616D6573706163653D22687474703A2F2F7777772E6B6166656974752E6D652F61637469766974692F6C65617665223E0D0A20203C70726F636573732069643D226C6561766522206E616D653D22E8AFB7E58187E6B581E7A88B2DE699AEE9809AE8A1A8E58D952220697345786563757461626C653D2274727565223E0D0A202020203C646F63756D656E746174696F6E3EE8AFB7E58187E6B581E7A88BE6BC94E7A4BA3C2F646F63756D656E746174696F6E3E0D0A202020203C73746172744576656E742069643D2273746172746576656E743122206E616D653D225374617274222061637469766974693A696E69746961746F723D226170706C79557365724964223E3C2F73746172744576656E743E0D0A202020203C757365725461736B2069643D22646570744C656164657256657269667922206E616D653D22E983A8E997A8E9A286E5AFBCE5AEA1E689B9222061637469766974693A63616E64696461746547726F7570733D22646570744C6561646572223E3C2F757365725461736B3E0D0A202020203C6578636C7573697665476174657761792069643D226578636C7573697665676174657761793522206E616D653D224578636C75736976652047617465776179223E3C2F6578636C7573697665476174657761793E0D0A202020203C757365725461736B2069643D226D6F646966794170706C7922206E616D653D22E8B083E695B4E794B3E8AFB7222061637469766974693A61737369676E65653D22247B6170706C795573657249647D223E3C2F757365725461736B3E0D0A202020203C757365725461736B2069643D22687256657269667922206E616D653D22E4BABAE4BA8BE5AEA1E689B9222061637469766974693A63616E64696461746547726F7570733D226872223E3C2F757365725461736B3E0D0A202020203C6578636C7573697665476174657761792069643D226578636C7573697665676174657761793622206E616D653D224578636C75736976652047617465776179223E3C2F6578636C7573697665476174657761793E0D0A202020203C757365725461736B2069643D227265706F72744261636B22206E616D653D22E99480E58187222061637469766974693A61737369676E65653D22247B6170706C795573657249647D223E0D0A2020202020203C657874656E73696F6E456C656D656E74733E0D0A20202020202020203C61637469766974693A7461736B4C697374656E6572206576656E743D22636F6D706C657465222064656C656761746545787072657373696F6E3D22247B7265706F72744261636B456E6450726F636573736F727D223E3C2F61637469766974693A7461736B4C697374656E65723E0D0A2020202020203C2F657874656E73696F6E456C656D656E74733E0D0A202020203C2F757365725461736B3E0D0A202020203C656E644576656E742069643D22656E646576656E743122206E616D653D22456E64223E3C2F656E644576656E743E0D0A202020203C6578636C7573697665476174657761792069643D226578636C7573697665676174657761793722206E616D653D224578636C75736976652047617465776179223E3C2F6578636C7573697665476174657761793E0D0A202020203C73657175656E6365466C6F772069643D22666C6F77322220736F757263655265663D2273746172746576656E743122207461726765745265663D22646570744C6561646572566572696679223E3C2F73657175656E6365466C6F773E0D0A202020203C73657175656E6365466C6F772069643D22666C6F77332220736F757263655265663D22646570744C656164657256657269667922207461726765745265663D226578636C75736976656761746577617935223E3C2F73657175656E6365466C6F773E0D0A202020203C73657175656E6365466C6F772069643D22666C6F773422206E616D653D22E4B88DE5908CE6848F2220736F757263655265663D226578636C7573697665676174657761793522207461726765745265663D226D6F646966794170706C79223E0D0A2020202020203C636F6E646974696F6E45787072657373696F6E207873693A747970653D2274466F726D616C45787072657373696F6E223E3C215B43444154415B247B21646570744C6561646572417070726F7665647D5D5D3E3C2F636F6E646974696F6E45787072657373696F6E3E0D0A202020203C2F73657175656E6365466C6F773E0D0A202020203C73657175656E6365466C6F772069643D22666C6F773522206E616D653D22E5908CE6848F2220736F757263655265663D226578636C7573697665676174657761793522207461726765745265663D226872566572696679223E0D0A2020202020203C636F6E646974696F6E45787072657373696F6E207873693A747970653D2274466F726D616C45787072657373696F6E223E3C215B43444154415B247B646570744C6561646572417070726F7665647D5D5D3E3C2F636F6E646974696F6E45787072657373696F6E3E0D0A202020203C2F73657175656E6365466C6F773E0D0A202020203C73657175656E6365466C6F772069643D22666C6F77362220736F757263655265663D22687256657269667922207461726765745265663D226578636C75736976656761746577617936223E3C2F73657175656E6365466C6F773E0D0A202020203C73657175656E6365466C6F772069643D22666C6F773722206E616D653D22E5908CE6848F2220736F757263655265663D226578636C7573697665676174657761793622207461726765745265663D227265706F72744261636B223E0D0A2020202020203C636F6E646974696F6E45787072657373696F6E207873693A747970653D2274466F726D616C45787072657373696F6E223E3C215B43444154415B247B6872417070726F7665647D5D5D3E3C2F636F6E646974696F6E45787072657373696F6E3E0D0A202020203C2F73657175656E6365466C6F773E0D0A202020203C73657175656E6365466C6F772069643D22666C6F77382220736F757263655265663D227265706F72744261636B22207461726765745265663D22656E646576656E7431223E3C2F73657175656E6365466C6F773E0D0A202020203C73657175656E6365466C6F772069643D22666C6F773922206E616D653D22E4B88DE5908CE6848F2220736F757263655265663D226578636C7573697665676174657761793622207461726765745265663D226D6F646966794170706C79223E0D0A2020202020203C636F6E646974696F6E45787072657373696F6E207873693A747970653D2274466F726D616C45787072657373696F6E223E3C215B43444154415B247B216872417070726F7665647D5D5D3E3C2F636F6E646974696F6E45787072657373696F6E3E0D0A202020203C2F73657175656E6365466C6F773E0D0A202020203C73657175656E6365466C6F772069643D22666C6F77313022206E616D653D22E9878DE696B0E794B3E8AFB72220736F757263655265663D226578636C7573697665676174657761793722207461726765745265663D22646570744C6561646572566572696679223E0D0A2020202020203C636F6E646974696F6E45787072657373696F6E207873693A747970653D2274466F726D616C45787072657373696F6E223E3C215B43444154415B247B72654170706C797D5D5D3E3C2F636F6E646974696F6E45787072657373696F6E3E0D0A202020203C2F73657175656E6365466C6F773E0D0A202020203C73657175656E6365466C6F772069643D22666C6F7731312220736F757263655265663D226D6F646966794170706C7922207461726765745265663D226578636C75736976656761746577617937223E3C2F73657175656E6365466C6F773E0D0A202020203C73657175656E6365466C6F772069643D22666C6F77313222206E616D653D22E7BB93E69D9FE6B581E7A88B2220736F757263655265663D226578636C7573697665676174657761793722207461726765745265663D22656E646576656E7431223E0D0A2020202020203C636F6E646974696F6E45787072657373696F6E207873693A747970653D2274466F726D616C45787072657373696F6E223E3C215B43444154415B247B2172654170706C797D5D5D3E3C2F636F6E646974696F6E45787072657373696F6E3E0D0A202020203C2F73657175656E6365466C6F773E0D0A20203C2F70726F636573733E0D0A20203C62706D6E64693A42504D4E4469616772616D2069643D2242504D4E4469616772616D5F6C65617665223E0D0A202020203C62706D6E64693A42504D4E506C616E652062706D6E456C656D656E743D226C65617665222069643D2242504D4E506C616E655F6C65617665223E0D0A2020202020203C62706D6E64693A42504D4E53686170652062706D6E456C656D656E743D2273746172746576656E7431222069643D2242504D4E53686170655F73746172746576656E7431223E0D0A20202020202020203C6F6D6764633A426F756E6473206865696768743D2233352E30222077696474683D2233352E302220783D22302E302220793D2234362E30223E3C2F6F6D6764633A426F756E64733E0D0A2020202020203C2F62706D6E64693A42504D4E53686170653E0D0A2020202020203C62706D6E64693A42504D4E53686170652062706D6E456C656D656E743D22646570744C6561646572566572696679222069643D2242504D4E53686170655F646570744C6561646572566572696679223E0D0A20202020202020203C6F6D6764633A426F756E6473206865696768743D2235352E30222077696474683D223130352E302220783D2238302E302220793D2233362E30223E3C2F6F6D6764633A426F756E64733E0D0A2020202020203C2F62706D6E64693A42504D4E53686170653E0D0A2020202020203C62706D6E64693A42504D4E53686170652062706D6E456C656D656E743D226578636C75736976656761746577617935222069643D2242504D4E53686170655F6578636C75736976656761746577617935223E0D0A20202020202020203C6F6D6764633A426F756E6473206865696768743D2234302E30222077696474683D2234302E302220783D223234302E302220793D2234332E30223E3C2F6F6D6764633A426F756E64733E0D0A2020202020203C2F62706D6E64693A42504D4E53686170653E0D0A2020202020203C62706D6E64693A42504D4E53686170652062706D6E456C656D656E743D226D6F646966794170706C79222069643D2242504D4E53686170655F6D6F646966794170706C79223E0D0A20202020202020203C6F6D6764633A426F756E6473206865696768743D2235352E30222077696474683D223130352E302220783D223230382E302220793D223131342E30223E3C2F6F6D6764633A426F756E64733E0D0A2020202020203C2F62706D6E64693A42504D4E53686170653E0D0A2020202020203C62706D6E64693A42504D4E53686170652062706D6E456C656D656E743D226872566572696679222069643D2242504D4E53686170655F6872566572696679223E0D0A20202020202020203C6F6D6764633A426F756E6473206865696768743D2235352E30222077696474683D223130352E302220783D223334382E302220793D2233362E30223E3C2F6F6D6764633A426F756E64733E0D0A2020202020203C2F62706D6E64693A42504D4E53686170653E0D0A2020202020203C62706D6E64693A42504D4E53686170652062706D6E456C656D656E743D226578636C75736976656761746577617936222069643D2242504D4E53686170655F6578636C75736976656761746577617936223E0D0A20202020202020203C6F6D6764633A426F756E6473206865696768743D2234302E30222077696474683D2234302E302220783D223438352E302220793D2234332E30223E3C2F6F6D6764633A426F756E64733E0D0A2020202020203C2F62706D6E64693A42504D4E53686170653E0D0A2020202020203C62706D6E64693A42504D4E53686170652062706D6E456C656D656E743D227265706F72744261636B222069643D2242504D4E53686170655F7265706F72744261636B223E0D0A20202020202020203C6F6D6764633A426F756E6473206865696768743D2235352E30222077696474683D223130352E302220783D223538302E302220793D2233362E30223E3C2F6F6D6764633A426F756E64733E0D0A2020202020203C2F62706D6E64693A42504D4E53686170653E0D0A2020202020203C62706D6E64693A42504D4E53686170652062706D6E456C656D656E743D22656E646576656E7431222069643D2242504D4E53686170655F656E646576656E7431223E0D0A20202020202020203C6F6D6764633A426F756E6473206865696768743D2233352E30222077696474683D2233352E302220783D223631352E302220793D223139352E30223E3C2F6F6D6764633A426F756E64733E0D0A2020202020203C2F62706D6E64693A42504D4E53686170653E0D0A2020202020203C62706D6E64693A42504D4E53686170652062706D6E456C656D656E743D226578636C75736976656761746577617937222069643D2242504D4E53686170655F6578636C75736976656761746577617937223E0D0A20202020202020203C6F6D6764633A426F756E6473206865696768743D2234302E30222077696474683D2234302E302220783D223234302E302220793D223139322E30223E3C2F6F6D6764633A426F756E64733E0D0A2020202020203C2F62706D6E64693A42504D4E53686170653E0D0A2020202020203C62706D6E64693A42504D4E456467652062706D6E456C656D656E743D22666C6F7732222069643D2242504D4E456467655F666C6F7732223E0D0A20202020202020203C6F6D6764693A776179706F696E7420783D2233352E302220793D2236332E30223E3C2F6F6D6764693A776179706F696E743E0D0A20202020202020203C6F6D6764693A776179706F696E7420783D2238302E302220793D2236332E30223E3C2F6F6D6764693A776179706F696E743E0D0A2020202020203C2F62706D6E64693A42504D4E456467653E0D0A2020202020203C62706D6E64693A42504D4E456467652062706D6E456C656D656E743D22666C6F7733222069643D2242504D4E456467655F666C6F7733223E0D0A20202020202020203C6F6D6764693A776179706F696E7420783D223138352E302220793D2236332E30223E3C2F6F6D6764693A776179706F696E743E0D0A20202020202020203C6F6D6764693A776179706F696E7420783D223234302E302220793D2236332E30223E3C2F6F6D6764693A776179706F696E743E0D0A2020202020203C2F62706D6E64693A42504D4E456467653E0D0A2020202020203C62706D6E64693A42504D4E456467652062706D6E456C656D656E743D22666C6F7734222069643D2242504D4E456467655F666C6F7734223E0D0A20202020202020203C6F6D6764693A776179706F696E7420783D223236302E302220793D2238332E30223E3C2F6F6D6764693A776179706F696E743E0D0A20202020202020203C6F6D6764693A776179706F696E7420783D223236302E302220793D223131342E30223E3C2F6F6D6764693A776179706F696E743E0D0A20202020202020203C62706D6E64693A42504D4E4C6162656C3E0D0A202020202020202020203C6F6D6764633A426F756E6473206865696768743D2231312E30222077696474683D2233332E302220783D223237302E302220793D2238332E30223E3C2F6F6D6764633A426F756E64733E0D0A20202020202020203C2F62706D6E64693A42504D4E4C6162656C3E0D0A2020202020203C2F62706D6E64693A42504D4E456467653E0D0A2020202020203C62706D6E64693A42504D4E456467652062706D6E456C656D656E743D22666C6F7735222069643D2242504D4E456467655F666C6F7735223E0D0A20202020202020203C6F6D6764693A776179706F696E7420783D223238302E302220793D2236332E30223E3C2F6F6D6764693A776179706F696E743E0D0A20202020202020203C6F6D6764693A776179706F696E7420783D223334382E302220793D2236332E30223E3C2F6F6D6764693A776179706F696E743E0D0A20202020202020203C62706D6E64693A42504D4E4C6162656C3E0D0A202020202020202020203C6F6D6764633A426F756E6473206865696768743D2231312E30222077696474683D2232322E302220783D223330302E302220793D2234362E30223E3C2F6F6D6764633A426F756E64733E0D0A20202020202020203C2F62706D6E64693A42504D4E4C6162656C3E0D0A2020202020203C2F62706D6E64693A42504D4E456467653E0D0A2020202020203C62706D6E64693A42504D4E456467652062706D6E456C656D656E743D22666C6F7736222069643D2242504D4E456467655F666C6F7736223E0D0A20202020202020203C6F6D6764693A776179706F696E7420783D223435332E302220793D2236332E30223E3C2F6F6D6764693A776179706F696E743E0D0A20202020202020203C6F6D6764693A776179706F696E7420783D223438352E302220793D2236332E30223E3C2F6F6D6764693A776179706F696E743E0D0A2020202020203C2F62706D6E64693A42504D4E456467653E0D0A2020202020203C62706D6E64693A42504D4E456467652062706D6E456C656D656E743D22666C6F7737222069643D2242504D4E456467655F666C6F7737223E0D0A20202020202020203C6F6D6764693A776179706F696E7420783D223532352E302220793D2236332E30223E3C2F6F6D6764693A776179706F696E743E0D0A20202020202020203C6F6D6764693A776179706F696E7420783D223538302E302220793D2236332E30223E3C2F6F6D6764693A776179706F696E743E0D0A20202020202020203C62706D6E64693A42504D4E4C6162656C3E0D0A202020202020202020203C6F6D6764633A426F756E6473206865696768743D2231312E30222077696474683D2232322E302220783D223533392E302220793D2234362E30223E3C2F6F6D6764633A426F756E64733E0D0A20202020202020203C2F62706D6E64693A42504D4E4C6162656C3E0D0A2020202020203C2F62706D6E64693A42504D4E456467653E0D0A2020202020203C62706D6E64693A42504D4E456467652062706D6E456C656D656E743D22666C6F7738222069643D2242504D4E456467655F666C6F7738223E0D0A20202020202020203C6F6D6764693A776179706F696E7420783D223633322E302220793D2239312E30223E3C2F6F6D6764693A776179706F696E743E0D0A20202020202020203C6F6D6764693A776179706F696E7420783D223633322E302220793D223139352E30223E3C2F6F6D6764693A776179706F696E743E0D0A2020202020203C2F62706D6E64693A42504D4E456467653E0D0A2020202020203C62706D6E64693A42504D4E456467652062706D6E456C656D656E743D22666C6F7739222069643D2242504D4E456467655F666C6F7739223E0D0A20202020202020203C6F6D6764693A776179706F696E7420783D223530352E302220793D2238332E30223E3C2F6F6D6764693A776179706F696E743E0D0A20202020202020203C6F6D6764693A776179706F696E7420783D223530342E302220793D223134312E30223E3C2F6F6D6764693A776179706F696E743E0D0A20202020202020203C6F6D6764693A776179706F696E7420783D223331332E302220793D223134312E30223E3C2F6F6D6764693A776179706F696E743E0D0A20202020202020203C62706D6E64693A42504D4E4C6162656C3E0D0A202020202020202020203C6F6D6764633A426F756E6473206865696768743D2231312E30222077696474683D2233332E302220783D223531352E302220793D2238332E30223E3C2F6F6D6764633A426F756E64733E0D0A20202020202020203C2F62706D6E64693A42504D4E4C6162656C3E0D0A2020202020203C2F62706D6E64693A42504D4E456467653E0D0A2020202020203C62706D6E64693A42504D4E456467652062706D6E456C656D656E743D22666C6F773130222069643D2242504D4E456467655F666C6F773130223E0D0A20202020202020203C6F6D6764693A776179706F696E7420783D223234302E302220793D223231322E30223E3C2F6F6D6764693A776179706F696E743E0D0A20202020202020203C6F6D6764693A776179706F696E7420783D223133322E302220793D223231322E30223E3C2F6F6D6764693A776179706F696E743E0D0A20202020202020203C6F6D6764693A776179706F696E7420783D223133322E302220793D2239312E30223E3C2F6F6D6764693A776179706F696E743E0D0A20202020202020203C62706D6E64693A42504D4E4C6162656C3E0D0A202020202020202020203C6F6D6764633A426F756E6473206865696768743D2231312E30222077696474683D2234342E302220783D223134322E302220793D223139322E30223E3C2F6F6D6764633A426F756E64733E0D0A20202020202020203C2F62706D6E64693A42504D4E4C6162656C3E0D0A2020202020203C2F62706D6E64693A42504D4E456467653E0D0A2020202020203C62706D6E64693A42504D4E456467652062706D6E456C656D656E743D22666C6F773131222069643D2242504D4E456467655F666C6F773131223E0D0A20202020202020203C6F6D6764693A776179706F696E7420783D223236302E302220793D223136392E30223E3C2F6F6D6764693A776179706F696E743E0D0A20202020202020203C6F6D6764693A776179706F696E7420783D223236302E302220793D223139322E30223E3C2F6F6D6764693A776179706F696E743E0D0A2020202020203C2F62706D6E64693A42504D4E456467653E0D0A2020202020203C62706D6E64693A42504D4E456467652062706D6E456C656D656E743D22666C6F773132222069643D2242504D4E456467655F666C6F773132223E0D0A20202020202020203C6F6D6764693A776179706F696E7420783D223238302E302220793D223231322E30223E3C2F6F6D6764693A776179706F696E743E0D0A20202020202020203C6F6D6764693A776179706F696E7420783D223631352E302220793D223231322E30223E3C2F6F6D6764693A776179706F696E743E0D0A20202020202020203C62706D6E64693A42504D4E4C6162656C3E0D0A202020202020202020203C6F6D6764633A426F756E6473206865696768743D2231312E30222077696474683D2234342E302220783D223432392E302220793D223231392E30223E3C2F6F6D6764633A426F756E64733E0D0A20202020202020203C2F62706D6E64693A42504D4E4C6162656C3E0D0A2020202020203C2F62706D6E64693A42504D4E456467653E0D0A202020203C2F62706D6E64693A42504D4E506C616E653E0D0A20203C2F62706D6E64693A42504D4E4469616772616D3E0D0A3C2F646566696E6974696F6E733E, '0');
INSERT INTO `act_ge_bytearray` VALUES ('47503', '1', 'C:/ruoyi/uploadPath/processDefiniton/2020/02/26/cd440d35efdf301ee9bdcf72ab02bc74.leave.png', '47501', 0x89504E470D0A1A0A0000000D49484452000002B7000000F208060000005797ED8100001A0A4944415478DAEDDD5F6C1CF5810770ABEA038FE85ED03DA1BEA0D33D54EA035275770FA9EEE5D497AB92B2935DC7C21509A226A8B91E09A1750A4908694524AA148810BD5670EDE5DAE872A1A8116DFED4C24D134189202525256A5A20FFB0EB02491CE2607B6E7E3E2FDA385EAF37FB6F66E7F3917E4AEAB581CECCF7F7FB7A7676A6A70700000000000000000000000000000000000000000000000000000000000000000000000000000000000000000000000000000000000000000000000000000000000000000000000000000000000000000000000000000000000000000000000080A689E3F8A653A74EBD7BF8F0E1F8C08103F1BE7DFB8C148CFDFBF7C72FBDF4D2743276384A315F18E60BE4533E59A41084E1E1E1786464249E9898305234464747E3A1A1A1E92418DB1CA9982F0CF305F2299F2C42F80D4F10D21D88E437BF09472AE60BC37C817CCA278B10DEBA70D0A57B84B7351CA9982F0CF305F2299F2C42D8D00E386100F385F902F934E4335761B8F4C1B9F8D42B3F8C8FEFDF3433C2DFC3D71CACC280F9C27C61BE403E0DF9CC54182EBE7F267EE3171BE2D77FBEF69A11BE165E73C00A438ADC6A13982FCC17322D9FF2299FC2B0E078F7F8CFAE0B42799C3EFE82035618D2623019F1EC9F982FCC17322D9FF2299FC230FF78F357DFA91A86F09A03561852605D32A6937174F6CF8D3689F9C27C21D3F2299FF2290CF38E37F63D5C350CE13507AC30A46411DC5871B667CA6268BE305FC8B47CCA67D7E7F39BDFFCE6AD4F3DF5D4AF376FDE3C3E38383835303010F7F6F6C6CB972F9F1977DF7D77BC6EDDBAE94D9B365D4EBEEFF7DFFAD6B7BE200CC260B1CAD42258EBEB982FCC17322D9FF299FD7C3EF2C823DF78F8E1872FAF58B122DEB06143BC67CF9EF8D8B16333373B9E9C9C8CCBC6C6C6E213274EC42FBEF862BC6DDBB6B8AFAF2F94DDC9E467FE73C9922537E5350CE1D394D5C2105E73C05AAC3A64B0C662577EDDF57AE60BF3854CCBA77C76473ED7AC59F38F0F3EF8E0E5952B57C6BB76ED9A29AFF5B87AF56A7CE8D0A199423C30303095FC731EC963184E1E7AA26A18C26B0E588B550717C15A8B5CEACEF6ACD97E309E6F2CF675F385D1A5F345EA339DF6ECCA670EF29914D25D77DD7557FCECB3CFC6E3E3E371A35E79E59578D5AA55F157BFFAD573C562F1963C95DBB133C7E2377EF9D0F56F61245F0BAF39602D561D7ADB72B045DFDFF20572A1AFD57ADD7C6174E17C91894CA73DBBF2D9E5F95CBF7EFDEFEFBDF7DEF8D5575F8D9BE9C2850BF1934F3E19F7F7F74F2E5BB6ECB37929B761FCE9B7CF5D1786F03507ABC5AA438BE0C6162F9ECAADF9C27C21D35D576EE533A3F90CC576F5EAD533D7D3B6CACE9D3BE3152B564C7FF9CB5FFEE75C94DB2B57E293BFD971FD5B18C9D7C26B0E588B55CA17C1545DA2D0F5E5D67C61BEE8D24C7745B995CFECE5335C8A10CED8B6B2D8963DFFFCF3A1E066FE0C6EAD30842796BC75E87B55AFD109AF79AA89C5AA0D069BB4880DF674B8E07673B9355F982FBA39D3592FB7F299C17C860F8F856B6C5F7BEDB5B85D7EFCE31F4FF6F6F69ECBF29D14AA8621F90DEEDCC983F1EF5EFC46D5209447F89EF0BD7EEB536E5BBC0836EBEDC78E9EC1EDCA726BBE305FE420D3992DB7F299DD7CAE5FBFFEA3F0E1B176FBDAD7BE361545D14FBBA9DCD6FAEDCE6F7D16AB0EBC6D595E043F958C6766FFACC7DC9FEBD835B8DD76B704F385F9222F99CEE2DD12E433C3F90CF7B10DB7FB6AC65D11EA75E6CC99B8542A4D2705F7B66E29B78BF9ED6EA1DFFA1CC0CA6D8BCEC68445EC0F3DFFFFACF93FD4B11856FBB954DD45C17C61E460BE9069F994CFC50A0F68D8BD7B77DC29DFFEF6B7AF2C5FBEFC70B784E14683501E0E60E5B6456F333E33BB98C5752C86958B60793C3DCFDBA39E7A64BE305FC8B47CCA673AF2191EA91B9E3C56EF031A9A7CF6762A29B7D359BCF676B1B70E312C566D546D719A6F515B68315CECF77BACA7F9C27C21D3F269A4279F3B76EC381C9E20D669F7DC73CF44B1581C100643B9EDE9497ED91BBBC13CD4FAA0C96217B77A17CD5CBF9DB9D8FD65BEC8EF7C21D3F269B4319F9B376F1E7FE185173A5E6E1F7FFCF10B69BA3441182C561D3EFEE2D9311645D1CA3ADFB6ACB518D55AE4EA5D042BFFFD53793C83BBD8FD65BEC875B99569F934DA95CFC1C1C1A963C78E75BCDC1E3972E4725226DF170643B9BDE6F82B8FD11ABF6CD5FB3662B5C5EED337B808D67AFB342FE576C1FD65BE506E655A3E8D36E4736060A02D0F6DA8E5FCF9F393C9C136250C86723BEFF1F7C92F5BF31C87377A7DDC7C8BE144038B60A3FF3DDD546EE7DD5FE60BE556A6E5D368433E7B7B7BE3C9C9C9380DC2C1260C8672BBE0F1F7C92F5BB3EF28347A5665BEC5B09145B0EBAED76BE6FE325F28B7322D9F461BF219766C5A64A4DC0A43C6C622F66526C7D2A54BCB0BD6D1060FF74FCF73766762F6EB8D38DAADDBFE4687F9C27C21D3F269E4F0CCAD3018CEDC2EF8CBD5A5E497AA8D15B7CD6BF4319CCEF2B4717F992F9CB99569F9347274CDEDE8E868DAAFB94D5D18AA4C5E99795DB9ADEBF89BBB00BA3E2F83FB2BCD8B675EE68314955B9996CFD4E4B71B1FE2307DFCF8F154DC2D2139E03E1486FA0EE685BE96F6D795DB451D7F17935FFAB62EE20127F59E55F1C9EA0EECAFB497DB3CCC072928B7322D9FA9CB6F57DEE776EFDEBD69B9CFEDCBC2A0DC2AB733C7DF4267751A3DBBD2AA7B62F6F5E4F73EB78BDA5FCA6DAECBAD4CCBA772DBAE7C3EF9E493AF6CD9B2A5E3E576F5EAD5579212B94618945BE5B621B5CEB2B4FA69465B7B506E955B99964FE5B693F9BCFFFEFB3F7BE79D77C6E3E3E39DBCC7ED54526CE3FEFEFE9B8541B9556E1B56ED6C4FAB9F43AFD82AB7CAAD4CCBA7729B8E7C3EF0C003578786863A566E9F78E289F1288A4E088372ABDC36F56CCFDCB7139FB981B725E75B0C9FAEE3AC12CAAD722BD3F2A9DCB63F9FEBD7AFFFDEFDF7DFDF915B828533C6A55269BAB7B7F77661506E95DB96BC9D3938CFA256CF074AAAFD5CAE6EF7A5DC2AB7322D9FCA6DC6F239303030353C3CDCF672BB79F3E68F962F5FFEBA30B8159872DB96B7333F357B96A6DE5B01CDFDB9C11EC5B6EBCA6D8F5B816561BE9069E5D6ADC0166BD5AA550F26237EFFFDF7DB566C8F1E3D7AB5542A5D2D168BB70883A1DCB66D316CC5DBA3982FCC17322D9F46FAF279CF3DF79CFEEE77BFDB96CB13CE9E3D3B733942A15058270C86C52A338B61EE1ED060BE305FC8B47C1A19CE67B8EDD557BEF2958F9F7BEEB99616DBF044B4FEFEFEF044B2FF1506C362D5368DBEEDE85204F385F942A6E5D3C85E3EA328BA6DC58A15D3BB77EF6ED919DB506C972F5F7E58180C8B55C716C37ACFD2F8F098F9C27C21D3F26964379FE1CE0549C19DFCC10F7E30D5826B6CA7BBE18CAD3058AC72748982B72DCD17E60B99964F23FBF90C677093927B2EDC45E1EDB7DF6EF8765FE1AE08E1C36359BFC656182C56392BB87D3D1ED060BE305FC8B47C1ADD94CFA4E4FE3429A5538F3CF2C89553A74E4DD5FBE4B1A79E7A6A3C9CAD4DFE39C7B37C57046110862E54EB7ABBF227A82D82E60BF3854CCBA7D15DF90CA574F9F2E543C998BCFBEEBB271E7BECB18B070F1E1C7FE79D77AEB9ADC2D8D8D8D49123472E3FFEF8E31756AF5E7D253C52373C792CAB0F68100661C8F1195C6F5B9A2FCC17322D9F463EF29994D595B3457734191F27232E8FA4CC4E257F5E4CC6CBC9DFD7F4F7F7DF2C0C86C52A738BA145D07C61BE9069F934E453180C61E88AC5F0A845D07C61BE9069F934E453180C61E80683E11D981EB706325F982F645A3E0DF914064318BAC1EC4288F9C27CD105C28399645A3EE513611006E57691D66C3F18CF379AF5BAF9C2305F34E68E3BEEF81B99964FF944188441B9AD63215CE86B8DBE6EBE30CC178D59BA74E9DF26999E9669F9944F844118945B0BA1F9C27C91797D7D7D9F516EE5533EA9DB8103071C70C2A0DC2AB7E60BF345EAF4F6F6FE7D92E92999964FF9A42EC3C3C3532323230EBA948ED3A74FBF9D8461C291AADC9A2F8CBCCD17499E3F171EBE24D3F2299FD4E5E0C1838F0E0D0D4DBFF7DE7B0EBE140661FFFEFD1F27639B2355B9355F18799B2F56AC58F10F51147D2CD3F2299FD42DD9D81B93DF262E85D3E5591E3B77EE9C79D25CD6FF7F548C0941686DB975B784FCCE175D38BA6EBE28140A5F48327D55A6F39BCF2E5AD3ADE7DC70B1391F8210EE8D686B28B740B6954AA52F168B456FE39AD3219FA2285A1942303B3CCDC64408645CA150F85292E98F6C09733AE43500672BCAED255BC44408645B6F6F6F94B86C4B98D3218F077F5F45B19D19C984B8D196311102D9552814EE74B2C29C6E2B90D783FFFCDC721B2644D7DE9A08814CE779551445176C09733AE4EDC0EF9BA7D8CE8C62B1B8D516321102D99414DBFB924C7F604B98D3216F07FE68B5729B8C8BB6908910C8A662B1F8EF49A6FF6A4B98D3214F077DDF02C5D6B5B7264220C30A85C28349C1FD8B2D614E873C1DF4E76B955B1F4630110299CDF3C3C978CF9630A7832060FF03DD90E7479371CE9630A7832060FF03991745D1B624D3EFDA12E6741004EC7FA01BCAEDF624D36FDB12E6741004F2B2AF5D730D5DAC542AED480AEE295BC29A0E82405EF6B5BB6540172B140AFF512C16DFB225ACE92008E4697F2F789F634FA9834CE7FBB964BC694B58D34110C8D3FEF6843AE852A552E9BFA328FA9D2D614D0741206FFB7CBE6B6F2F396B0B99CFF6FF24E3355BC29A0E8240DEF6799F6B6DA1FB148BC59F25597EC596B0A6832090C7FD7ED6595BE8BA5CEF4DC6615BC29A0E8240EE4451B4B2A2DC0EDA22D015B9DE97E4F9D7B684351D0481BCEEFB996B6F9DB585AEC9F450327E654B58D34110C8EBBEEFB3FFA1AB32FDEB70F6D696B0A68320B068711CDF74EAD4A9770F1F3E1C1F387020DEB76F9F9182B17FFFFEF8A5975E9A4EC60E4729799514DB23C562F1E7B684351D0481450BC5767878381E1919892726268C148DD1D1D1786868683A29BADB1CA9E451526C7F5B28149EB725ACE920082C5A3863ABD8A6BBE0EEDBB76FC2914A4EE7F3D7C2BD6E6D096B3A08028B162E455022D33DC2650A8E54723A9FBF1145D14E5BC29A0E82C0A285E2A4402AB790D2F9FCCD643C674B58D34110687AB9BDF4C1B9F8D42B3F8C8FEFDF3433C2DFC3D7944FE5165A389F9F4CC6F76D096B3A08024D2DB717DF3F13BFF18B0DF1EB3F5F7BCD085F0BAF29A0CA2DB4421445A74AA5923B8658D341106C85E696DB778FFFECBA625B1EA78FBFA0802AB7D0AAF9FCEDA4E06EB725ACE9200834B5DCBEF9ABEF542DB7E1350554B98556488AEDE952A9F4982D614D0741A0A9E5F68D7D0F572DB7E1350554B98516CDE7E792F1A82D614D074140B9556E21F3A2281A29954A0FD912D67410049A5A6EC3DD11AA95DBF09A02AADC422B148BC5BF140A85076D096B3A08024D2DB7270F3D51B5DC86D71450E5165A546EFF9A94DB7FB325ACE9200834B5DC8E9D3916BFF1CB87AEBF2421F95A784D01556EA145F3F907C9B8D796B0A68320D0D4721BC69F7EFBDC75E5367C4DF9546EA155A228BA90CCE9AB6C096B3A0802CD2DB757AEC4277FB3E3FA4B1292AF85D71450E5165A349F5F4A469F2D614D0741A069E5363C81ECAD43DFAB7ACD6D78CD53CA945B6885288A2EF7F6F646B684351D0481C6CBED952BF1B99307E3DFBDF88DAAC5B63CC2F784EF751657B9852697DB2BA552E95F6D096B3A08020D95DB5A676B9DC5556EA11D8AC5E2C41D77DCF12FB684351D048186CAED62CED62E74165721556EA149F3F9D542A1F0055BC29A0E824043E5F6468B6D7928A4CA2D34693EFF388AA2CFDB12D67410041A2AB786720B2999CF2793F1395BC29A0E8280729BA3721B6E95948CB38E66BA4DB1589C5AB66CD9DFD912D674100494DB1C94DBD9527B3E1CF38E7BBA743E9FEEEBEBFB8C2D614D074140B9EDE2723BB7D42AB77473B92D168BB7D812D674100494DB2E2CB75114AD0C971FCC2DB5CA2DDD3C9FF7F7F7DF6C4B58D34110506EBB68ECDCB9339EEF4CAD724B1EE6F3254B96DC644B58D34110506EBB68D42AB586D1CDC32C6D4DB715100441506EBBF4B28442A1B02E39BE2F2A0180351D04810C96DBE43F6FDED1AED753FC81B2C1647CA8DC02D674100432566E17FA5AAB5F4FFBADC066CFE47EA8DC02D674100494DBCC97DB8A633E9CC9BDE86806ACE92008CAAD729BF9720B604D074140B9556E01ACE92008CAAD72ABDC0258D34110945BE556B905B0A68320E4BBDCF6B81598720B58D34110E886726B28B78035DD5640100441B9556E01ACE92008CAADA1DC0258D34110945B43B905B0A6832028B786720B604D0741506E955B006B3A0802CAAD720B604D0741506E0DE516C09A0E82A0DC1ACA2D80351D0441B935945BC09A6E4D0741506E955B006B3A0882726B28B700D6741004E5D6506E01ACE92008CAADA1DC0258D34110945BE516C09A0E82C0BC0E1C38A0402AB700D6741084EE303C3C3C353232A244A6749C3E7DFAEDA4DC4E3852016B3A08028B70F0E0C147878686A6DF7BEF3D653285C576FFFEFD1F27639B2315B0A68320B0484979DAB86FDFBE4BE1EDEFAC8FB0FFBBE1FFC7EC98506C016B3A088220D8FF0098D34110B0FF0130A7832060FF03604E0741C0FE07C09C0E8280FD0F604E0741C0FE07C09C0E8280FD0F80391D0401FB1F00733A0802F63F8039DD9C0E8260FFDB0A00E6741004EC7F00CCE92008D8FF0098D34110687C5F9F0FFBBBC6B8644B0158D34110C8C2BEEEAB556EA328DA684B0158D34110C8CAFE1E5DA0DC5E5CB264C94DB61280351D0481ACECEFAA676F8BC5E2565B082033F3B94BCD40B9658109F192B3B600999ACB5D6A06CA2DD5264413204026E773979A8172CBEC7E3FEBAC2D40E6E772979A81724B1045D1CA8A4970D01601C8EC3AEE5233506EA99C104D8000999ECB5D6A06CA2DE50971E9D2A5F63F40F6E773979A81724B225C8E10CFFE094046B9D40C945B7A7AD625633A194767FFF4161640B6D773979A41BDE576CDF683F17CA35DAFD3F4625B2EB4E1B7FC29051720FDA228BA2D19DB93F5FBE562B1F87EF2E7E49CBB244C85DB8025DF7322F9FBB3C9F8275B0DE5768172BBD0D75AFD3A2D29B6B5BE0E400A140A857573AEADAD675C4CC6F79DD545B9556EBBCD608D025B7EDDF55A00E959A7C3DD102EDD60A99D3B26C2D95C5B15E556B9EDA6625BABB83A830B909E35FAF0DC82DADBDB1B6FDDBA35DEB56B577CFCF8F1F8DCB973F1471F7D140757AF5E8D474646E2B7DE7A2BDEBD7BF7CCF7F5F5F5CD577247937FCEEDB630CAAD729B55EB7AEA3B235BEFF703D044C562F196D9EB693F29A4FDFDFDF18F7EF4A399F25A8FF1F1F178CF9E3DF19A356BE6DE0B773AF977ACB1B5516E95DBAC16DB8D37F8730A2E409B8B6DB2367F585944376CD8307386B611939393F1DEBD7B67CEFC56FCB3A79392BBCD5627D7E5D6DD1272516C9BF5F300D45F6EAF39631B2E3F08C5B459CE9C3913AF5DBBD613CD506EC99C5A1F1E6BF73F0780DA6BF235D7D81E3972246E85708D6EB81EB7F20C6EA954FAA23D80724BDA8B6DB32E29700617A0F5EB71DFDC33B6AD143E7CB665CB966BEE8F1BEEA16B4FA0DC923673AF95FD54329E99FDB31E737FCE35B8002D9414CBCB95D7D836F352846A2E5CB810AF5AB5AAF2F284A3F604CA2D692CB61B2B0AEA1F9211CFFEB9D8825BEDE7145C8016987D40C327774568F4C363F578F5D557AFB93CC113CD506E496BB10D9E992DA8711D05B7B2D896C7D315AFBB0617A0F96BF1F972C10CB7FB6AB76DDBB65516DC97ED11945B3AAD5AE19CAFA82E547017FBFDAEC1056892709D6BE5031AEABD8F6D33FCF18F7FBCE6FEB777DD75D7ADF60CCA2D9D2EB6830D16D67A8BB04B14006AAFB163C56271A046B9DD5E2E96E10E069D52F99087E4BF79ABBD87724B272CB660D62AAEF516DBCA7FFF548F33B80055D7D8D9319694D89555BEE7E576DD2161213FF9C94F7CB00CE5965414DBC516CB6A05F6D337586CCB5C830B50BBDC96C7E8DC33B9950F6D3871E244C7CA6DB8A76E6519B7F7506E4973B15DA8E04E34506C1BFDEF01C85BB9FDA43C964B6EF2F7C9F2D7DB799784B9DE79E79D6BEE796BEFA1DCD22E8D9E299DAFE036526CE7165CD7E002D42EB79F9CC9ADFCDFE1C9619D121EEA50F9DF62EFD1CDC133523692DDD6E8B550E15284B9676C2766BFDE88A3F68F6118C68D8F4E536E814E9EB9BDD133A4CEDC0274FE04D2A5288A362E59B2E426676E015C730B90D572FB49A9ADF81ED7DC02F4D47FA6D4DD12003A576E2F867BC75696DA32774B00B8BEE0D62A96ADBACF6D5F8FFBDC022C546EAF3B533BCFF7BC9E86FBDC867F7745B97DDDDE033AA5D699D3563FA1CC536C001A502A9576A4E109656BD7AEAD7C88C3367B06E8A46A6770EB2DAC8BFD7EC516A0497A7B7B6F2F97CAE4EFF1850B173A7ABDED6CB9BDCD9E013A2D9CC19D7B89C0333DF55F6A305FC17D7ACEBFC735B6004D5479DDEDEEDDBBDB5E6E77ECD851596E4FDA23409A0A6EE587CC2A8B6A3D1F12ABF6736EF705D0029597260C0C0CB4F5966067CE9C9939635C71F638B2478034997B894228A64FF7D47F7BAFB93FD7E8FD75E186ADD97E309E6FB4EB7568B5D9FBDD7E542E987BF6EC695BB9DDB46953E559DBB3F606908582DBA8F92E7980B696DB85BED6EAD7A11D2ACFDE8633A97FFEF39F5B5E6CF7EEDD7BCDB5B68542E14BF604D0ED05D7031A506EA14D928279BE5C34BFFEF5AFC7E3E3E32D2BB6870E1DBAE6728464FC973D00A45DA39712B81401E516DA68D9B2659F4D4AE654B9706ED9B265E6B1B8AD28B6FDFDFD3E440664BAE0D67BE6D587C7506EA103A2285A998CE972F10CD7C48E8D8D35F5528439676C478BC5E22DB63C9025F55E5AE05204945BE5960E0A8FEAADBC16369C650D8FC76DF4AE080F3DF4D035D7D82AB6401E0A6E5F8F073490C272EB6E09E44DA150589794CFE9CA321A9E6076E2C489BA1FD010EE633BE76CEDCCA5088A2D9075B5AEA12DDF1541B105488152A9F4C5A4844ECE29A5F17DF7DD17EFDCB9331E1E1E9EB9AB42F9BADCF06728B3E12CEFAE5DBBE2071E78606EA1F5E131A0EB543B83EB520480140A675793327A78EE59DC1B1C67DDEE0BC843C1556C0152AEB7B7F7F6A49C0E577ED8AC8E71D293C780BC14DCA38A2D4076F4F7F7DF3C7B3DEECBE10361732F5B28168BE1566263C9783D29C2DB93719BAD06E445B8C636EE71BB2F0000BAC4AD3601000000000000000000000000000000000000000000009057FF07B2CB81E8B4042AEE0000000049454E44AE426082, '1');
INSERT INTO `act_ge_bytearray` VALUES ('47506', '1', '.bpmn20.xml', '47505', 0x3C3F786D6C2076657273696F6E3D22312E302220656E636F64696E673D225554462D38223F3E0A3C646566696E6974696F6E7320786D6C6E733D22687474703A2F2F7777772E6F6D672E6F72672F737065632F42504D4E2F32303130303532342F4D4F44454C2220786D6C6E733A7873693D22687474703A2F2F7777772E77332E6F72672F323030312F584D4C536368656D612D696E7374616E63652220786D6C6E733A7873643D22687474703A2F2F7777772E77332E6F72672F323030312F584D4C536368656D612220786D6C6E733A61637469766974693D22687474703A2F2F61637469766974692E6F72672F62706D6E2220786D6C6E733A62706D6E64693D22687474703A2F2F7777772E6F6D672E6F72672F737065632F42504D4E2F32303130303532342F44492220786D6C6E733A6F6D6764633D22687474703A2F2F7777772E6F6D672E6F72672F737065632F44442F32303130303532342F44432220786D6C6E733A6F6D6764693D22687474703A2F2F7777772E6F6D672E6F72672F737065632F44442F32303130303532342F44492220747970654C616E67756167653D22687474703A2F2F7777772E77332E6F72672F323030312F584D4C536368656D61222065787072657373696F6E4C616E67756167653D22687474703A2F2F7777772E77332E6F72672F313939392F585061746822207461726765744E616D6573706163653D22687474703A2F2F7777772E7869616E6C75746563682E636F6D2F61637469766974692F6C65617665223E0A20203C70726F636573732069643D226C6561766522206E616D653D22E8AFB7E58187E6B581E7A88B2DE699AEE9809AE8A1A8E58D952220697345786563757461626C653D2274727565223E0A202020203C646F63756D656E746174696F6E3EE8AFB7E58187E6B581E7A88BE6BC94E7A4BA3C2F646F63756D656E746174696F6E3E0A202020203C73746172744576656E742069643D2273746172744576656E7422206E616D653D22E5BC80E5A78B222061637469766974693A696E69746961746F723D226170706C79557365724964223E3C2F73746172744576656E743E0A202020203C757365725461736B2069643D22646570744C656164657256657269667922206E616D653D22E983A8E997A8E9A286E5AFBCE5AEA1E689B9222061637469766974693A63616E64696461746547726F7570733D22646570744C6561646572223E3C2F757365725461736B3E0A202020203C6578636C7573697665476174657761792069643D227369642D44393142364330392D333336362D343835352D383143322D413836433642344437424533223E3C2F6578636C7573697665476174657761793E0A202020203C757365725461736B2069643D22687256657269667922206E616D653D22E4BABAE4BA8BE5AEA1E689B9222061637469766974693A63616E64696461746547726F7570733D226872223E3C2F757365725461736B3E0A202020203C757365725461736B2069643D226D6F646966794170706C7922206E616D653D22E8B083E695B4E794B3E8AFB7222061637469766974693A61737369676E65653D226170706C79557365724964223E0A2020202020203C657874656E73696F6E456C656D656E74733E0A20202020202020203C6D6F64656C65723A696E69746961746F722D63616E2D636F6D706C65746520786D6C6E733A6D6F64656C65723D22687474703A2F2F61637469766974692E636F6D2F6D6F64656C6572223E3C215B43444154415B66616C73655D5D3E3C2F6D6F64656C65723A696E69746961746F722D63616E2D636F6D706C6574653E0A2020202020203C2F657874656E73696F6E456C656D656E74733E0A202020203C2F757365725461736B3E0A202020203C73657175656E6365466C6F772069643D22666C6F773322206E616D653D22E5908CE6848F2220736F757263655265663D227369642D44393142364330392D333336362D343835352D383143322D41383643364234443742453322207461726765745265663D226872566572696679223E0A2020202020203C636F6E646974696F6E45787072657373696F6E207873693A747970653D2274466F726D616C45787072657373696F6E223E3C215B43444154415B247B646570744C6561646572417070726F7665647D5D5D3E3C2F636F6E646974696F6E45787072657373696F6E3E0A202020203C2F73657175656E6365466C6F773E0A202020203C73657175656E6365466C6F772069643D22666C6F773422206E616D653D22E4B88DE5908CE6848F2220736F757263655265663D227369642D44393142364330392D333336362D343835352D383143322D41383643364234443742453322207461726765745265663D226D6F646966794170706C79223E0A2020202020203C636F6E646974696F6E45787072657373696F6E207873693A747970653D2274466F726D616C45787072657373696F6E223E3C215B43444154415B247B21646570744C6561646572417070726F7665647D5D5D3E3C2F636F6E646974696F6E45787072657373696F6E3E0A202020203C2F73657175656E6365466C6F773E0A202020203C6578636C7573697665476174657761792069643D227369642D41333937314131452D424636452D343239382D394437322D303732313638394135444646223E3C2F6578636C7573697665476174657761793E0A202020203C757365725461736B2069643D227265706F72744261636B22206E616D653D22E99480E58187222061637469766974693A61737369676E65653D226170706C79557365724964223E0A2020202020203C657874656E73696F6E456C656D656E74733E0A20202020202020203C61637469766974693A7461736B4C697374656E6572206576656E743D22636F6D706C657465222064656C656761746545787072657373696F6E3D22247B7265706F72744261636B456E6450726F636573736F727D223E3C2F61637469766974693A7461736B4C697374656E65723E0A20202020202020203C6D6F64656C65723A696E69746961746F722D63616E2D636F6D706C65746520786D6C6E733A6D6F64656C65723D22687474703A2F2F61637469766974692E636F6D2F6D6F64656C6572223E3C215B43444154415B66616C73655D5D3E3C2F6D6F64656C65723A696E69746961746F722D63616E2D636F6D706C6574653E0A2020202020203C2F657874656E73696F6E456C656D656E74733E0A202020203C2F757365725461736B3E0A202020203C73657175656E6365466C6F772069643D22666C6F77312220736F757263655265663D2273746172744576656E7422207461726765745265663D22646570744C6561646572566572696679223E3C2F73657175656E6365466C6F773E0A202020203C73657175656E6365466C6F772069643D22666C6F77352220736F757263655265663D22687256657269667922207461726765745265663D227369642D41333937314131452D424636452D343239382D394437322D303732313638394135444646223E3C2F73657175656E6365466C6F773E0A202020203C656E644576656E742069643D22656E644576656E7422206E616D653D22E7BB93E69D9F223E3C2F656E644576656E743E0A202020203C6578636C7573697665476174657761792069643D227369642D38433835434641452D333137372D343737332D414538322D313936454539413742393644223E3C2F6578636C7573697665476174657761793E0A202020203C73657175656E6365466C6F772069643D22666C6F77382220736F757263655265663D227265706F72744261636B22207461726765745265663D22656E644576656E74223E3C2F73657175656E6365466C6F773E0A202020203C73657175656E6365466C6F772069643D22666C6F77392220736F757263655265663D226D6F646966794170706C7922207461726765745265663D227369642D38433835434641452D333137372D343737332D414538322D313936454539413742393644223E3C2F73657175656E6365466C6F773E0A202020203C73657175656E6365466C6F772069643D22666C6F77313122206E616D653D22E7BB93E69D9FE6B581E7A88B2220736F757263655265663D227369642D38433835434641452D333137372D343737332D414538322D31393645453941374239364422207461726765745265663D22656E644576656E74223E0A2020202020203C636F6E646974696F6E45787072657373696F6E207873693A747970653D2274466F726D616C45787072657373696F6E223E3C215B43444154415B247B2172654170706C797D5D5D3E3C2F636F6E646974696F6E45787072657373696F6E3E0A202020203C2F73657175656E6365466C6F773E0A202020203C73657175656E6365466C6F772069643D22666C6F77313022206E616D653D22E9878DE696B0E794B3E8AFB72220736F757263655265663D227369642D38433835434641452D333137372D343737332D414538322D31393645453941374239364422207461726765745265663D22646570744C6561646572566572696679223E0A2020202020203C636F6E646974696F6E45787072657373696F6E207873693A747970653D2274466F726D616C45787072657373696F6E223E3C215B43444154415B247B72654170706C797D5D5D3E3C2F636F6E646974696F6E45787072657373696F6E3E0A202020203C2F73657175656E6365466C6F773E0A202020203C73657175656E6365466C6F772069643D22666C6F773622206E616D653D22E5908CE6848F2220736F757263655265663D227369642D41333937314131452D424636452D343239382D394437322D30373231363839413544464622207461726765745265663D227265706F72744261636B223E0A2020202020203C636F6E646974696F6E45787072657373696F6E207873693A747970653D2274466F726D616C45787072657373696F6E223E3C215B43444154415B247B6872417070726F7665647D5D5D3E3C2F636F6E646974696F6E45787072657373696F6E3E0A202020203C2F73657175656E6365466C6F773E0A202020203C73657175656E6365466C6F772069643D22666C6F773722206E616D653D22E4B88DE5908CE6848F2220736F757263655265663D227369642D41333937314131452D424636452D343239382D394437322D30373231363839413544464622207461726765745265663D226D6F646966794170706C79223E0A2020202020203C636F6E646974696F6E45787072657373696F6E207873693A747970653D2274466F726D616C45787072657373696F6E223E3C215B43444154415B247B216872417070726F7665647D5D5D3E3C2F636F6E646974696F6E45787072657373696F6E3E0A202020203C2F73657175656E6365466C6F773E0A202020203C73657175656E6365466C6F772069643D22666C6F77322220736F757263655265663D22646570744C656164657256657269667922207461726765745265663D227369642D44393142364330392D333336362D343835352D383143322D413836433642344437424533223E3C2F73657175656E6365466C6F773E0A20203C2F70726F636573733E0A20203C62706D6E64693A42504D4E4469616772616D2069643D2242504D4E4469616772616D5F6C65617665223E0A202020203C62706D6E64693A42504D4E506C616E652062706D6E456C656D656E743D226C65617665222069643D2242504D4E506C616E655F6C65617665223E0A2020202020203C62706D6E64693A42504D4E53686170652062706D6E456C656D656E743D2273746172744576656E74222069643D2242504D4E53686170655F73746172744576656E74223E0A20202020202020203C6F6D6764633A426F756E6473206865696768743D2233302E30222077696474683D2233302E302220783D2239302E302220793D223130302E30223E3C2F6F6D6764633A426F756E64733E0A2020202020203C2F62706D6E64693A42504D4E53686170653E0A2020202020203C62706D6E64693A42504D4E53686170652062706D6E456C656D656E743D22646570744C6561646572566572696679222069643D2242504D4E53686170655F646570744C6561646572566572696679223E0A20202020202020203C6F6D6764633A426F756E6473206865696768743D2238302E30222077696474683D223130302E302220783D223136352E302220793D2237352E30223E3C2F6F6D6764633A426F756E64733E0A2020202020203C2F62706D6E64693A42504D4E53686170653E0A2020202020203C62706D6E64693A42504D4E53686170652062706D6E456C656D656E743D227369642D44393142364330392D333336362D343835352D383143322D413836433642344437424533222069643D2242504D4E53686170655F7369642D44393142364330392D333336362D343835352D383143322D413836433642344437424533223E0A20202020202020203C6F6D6764633A426F756E6473206865696768743D2234302E30222077696474683D2234302E302220783D223331302E353838323335323934313137362220793D2239352E30223E3C2F6F6D6764633A426F756E64733E0A2020202020203C2F62706D6E64693A42504D4E53686170653E0A2020202020203C62706D6E64693A42504D4E53686170652062706D6E456C656D656E743D226872566572696679222069643D2242504D4E53686170655F6872566572696679223E0A20202020202020203C6F6D6764633A426F756E6473206865696768743D2238302E30222077696474683D223130302E302220783D223339302E302220793D2237352E30223E3C2F6F6D6764633A426F756E64733E0A2020202020203C2F62706D6E64693A42504D4E53686170653E0A2020202020203C62706D6E64693A42504D4E53686170652062706D6E456C656D656E743D226D6F646966794170706C79222069643D2242504D4E53686170655F6D6F646966794170706C79223E0A20202020202020203C6F6D6764633A426F756E6473206865696768743D2238302E30222077696474683D223130302E302220783D223238352E302220793D223136352E30223E3C2F6F6D6764633A426F756E64733E0A2020202020203C2F62706D6E64693A42504D4E53686170653E0A2020202020203C62706D6E64693A42504D4E53686170652062706D6E456C656D656E743D227369642D41333937314131452D424636452D343239382D394437322D303732313638394135444646222069643D2242504D4E53686170655F7369642D41333937314131452D424636452D343239382D394437322D303732313638394135444646223E0A20202020202020203C6F6D6764633A426F756E6473206865696768743D2234302E30222077696474683D2234302E302220783D223532352E302220793D2239302E30223E3C2F6F6D6764633A426F756E64733E0A2020202020203C2F62706D6E64693A42504D4E53686170653E0A2020202020203C62706D6E64693A42504D4E53686170652062706D6E456C656D656E743D227265706F72744261636B222069643D2242504D4E53686170655F7265706F72744261636B223E0A20202020202020203C6F6D6764633A426F756E6473206865696768743D2238302E30222077696474683D223130302E302220783D223631352E302220793D2237302E30223E3C2F6F6D6764633A426F756E64733E0A2020202020203C2F62706D6E64693A42504D4E53686170653E0A2020202020203C62706D6E64693A42504D4E53686170652062706D6E456C656D656E743D22656E644576656E74222069643D2242504D4E53686170655F656E644576656E74223E0A20202020202020203C6F6D6764633A426F756E6473206865696768743D2232382E30222077696474683D2232382E302220783D223635312E302220793D223238382E33353239343131373634373036223E3C2F6F6D6764633A426F756E64733E0A2020202020203C2F62706D6E64693A42504D4E53686170653E0A2020202020203C62706D6E64693A42504D4E53686170652062706D6E456C656D656E743D227369642D38433835434641452D333137372D343737332D414538322D313936454539413742393644222069643D2242504D4E53686170655F7369642D38433835434641452D333137372D343737332D414538322D313936454539413742393644223E0A20202020202020203C6F6D6764633A426F756E6473206865696768743D2234302E30222077696474683D2234302E302220783D223331352E302220793D223238322E33353239343131373634373036223E3C2F6F6D6764633A426F756E64733E0A2020202020203C2F62706D6E64693A42504D4E53686170653E0A2020202020203C62706D6E64693A42504D4E456467652062706D6E456C656D656E743D22666C6F7731222069643D2242504D4E456467655F666C6F7731223E0A20202020202020203C6F6D6764693A776179706F696E7420783D223132302E302220793D223131352E30223E3C2F6F6D6764693A776179706F696E743E0A20202020202020203C6F6D6764693A776179706F696E7420783D223136352E302220793D223131352E30223E3C2F6F6D6764693A776179706F696E743E0A2020202020203C2F62706D6E64693A42504D4E456467653E0A2020202020203C62706D6E64693A42504D4E456467652062706D6E456C656D656E743D22666C6F7732222069643D2242504D4E456467655F666C6F7732223E0A20202020202020203C6F6D6764693A776179706F696E7420783D223236352E302220793D223131352E3231353335333433323938373039223E3C2F6F6D6764693A776179706F696E743E0A20202020202020203C6F6D6764693A776179706F696E7420783D223331312E303031373231323939323036372220793D223131352E3431333438363030353038393036223E3C2F6F6D6764693A776179706F696E743E0A2020202020203C2F62706D6E64693A42504D4E456467653E0A2020202020203C62706D6E64693A42504D4E456467652062706D6E456C656D656E743D22666C6F7733222069643D2242504D4E456467655F666C6F7733223E0A20202020202020203C6F6D6764693A776179706F696E7420783D223335302E3137353836343136303039372220793D223131352E3431323337313133343032303632223E3C2F6F6D6764693A776179706F696E743E0A20202020202020203C6F6D6764693A776179706F696E7420783D223339302E302220793D223131352E3232393534333631333238363532223E3C2F6F6D6764693A776179706F696E743E0A2020202020203C2F62706D6E64693A42504D4E456467653E0A2020202020203C62706D6E64693A42504D4E456467652062706D6E456C656D656E743D22666C6F7734222069643D2242504D4E456467655F666C6F7734223E0A20202020202020203C6F6D6764693A776179706F696E7420783D223333312E383833383930323035393536342220793D223133332E37303433343530383831363132223E3C2F6F6D6764693A776179706F696E743E0A20202020202020203C6F6D6764693A776179706F696E7420783D223333332E3235313732353237313131342220793D223136352E30223E3C2F6F6D6764693A776179706F696E743E0A2020202020203C2F62706D6E64693A42504D4E456467653E0A2020202020203C62706D6E64693A42504D4E456467652062706D6E456C656D656E743D22666C6F7735222069643D2242504D4E456467655F666C6F7735223E0A20202020202020203C6F6D6764693A776179706F696E7420783D223439302E302220793D223131322E3836373239383537383139393035223E3C2F6F6D6764693A776179706F696E743E0A20202020202020203C6F6D6764693A776179706F696E7420783D223532362E333138313831383138313831392220793D223131312E3331383138313831383138313831223E3C2F6F6D6764693A776179706F696E743E0A2020202020203C2F62706D6E64693A42504D4E456467653E0A2020202020203C62706D6E64693A42504D4E456467652062706D6E456C656D656E743D22666C6F7736222069643D2242504D4E456467655F666C6F7736223E0A20202020202020203C6F6D6764693A776179706F696E7420783D223536342E353739383331393332373733312220793D223131302E34323031363830363732323639223E3C2F6F6D6764693A776179706F696E743E0A20202020202020203C6F6D6764693A776179706F696E7420783D223631352E302220793D223131302E32303932303530323039323035223E3C2F6F6D6764693A776179706F696E743E0A2020202020203C2F62706D6E64693A42504D4E456467653E0A2020202020203C62706D6E64693A42504D4E456467652062706D6E456C656D656E743D22666C6F773130222069643D2242504D4E456467655F666C6F773130223E0A20202020202020203C6F6D6764693A776179706F696E7420783D223331352E352220793D223330322E38353239343131373634373036223E3C2F6F6D6764693A776179706F696E743E0A20202020202020203C6F6D6764693A776179706F696E7420783D223231352E302220793D223330322E38353239343131373634373036223E3C2F6F6D6764693A776179706F696E743E0A20202020202020203C6F6D6764693A776179706F696E7420783D223231352E302220793D223135352E30223E3C2F6F6D6764693A776179706F696E743E0A2020202020203C2F62706D6E64693A42504D4E456467653E0A2020202020203C62706D6E64693A42504D4E456467652062706D6E456C656D656E743D22666C6F7737222069643D2242504D4E456467655F666C6F7737223E0A20202020202020203C6F6D6764693A776179706F696E7420783D223534352E352220793D223132392E35223E3C2F6F6D6764693A776179706F696E743E0A20202020202020203C6F6D6764693A776179706F696E7420783D223534352E352220793D223230352E30223E3C2F6F6D6764693A776179706F696E743E0A20202020202020203C6F6D6764693A776179706F696E7420783D223338352E302220793D223230352E30223E3C2F6F6D6764693A776179706F696E743E0A2020202020203C2F62706D6E64693A42504D4E456467653E0A2020202020203C62706D6E64693A42504D4E456467652062706D6E456C656D656E743D22666C6F7738222069643D2242504D4E456467655F666C6F7738223E0A20202020202020203C6F6D6764693A776179706F696E7420783D223636352E302220793D223135302E30223E3C2F6F6D6764693A776179706F696E743E0A20202020202020203C6F6D6764693A776179706F696E7420783D223636352E302220793D223238382E33353239343131373634373036223E3C2F6F6D6764693A776179706F696E743E0A2020202020203C2F62706D6E64693A42504D4E456467653E0A2020202020203C62706D6E64693A42504D4E456467652062706D6E456C656D656E743D22666C6F773131222069643D2242504D4E456467655F666C6F773131223E0A20202020202020203C6F6D6764693A776179706F696E7420783D223335342E353238383735333739393339322220793D223330322E38323430363537393635333134223E3C2F6F6D6764693A776179706F696E743E0A20202020202020203C6F6D6764693A776179706F696E7420783D223635312E303030303136313138353638322220793D223330322E33373431383534363135373134223E3C2F6F6D6764693A776179706F696E743E0A2020202020203C2F62706D6E64693A42504D4E456467653E0A2020202020203C62706D6E64693A42504D4E456467652062706D6E456C656D656E743D22666C6F7739222069643D2242504D4E456467655F666C6F7739223E0A20202020202020203C6F6D6764693A776179706F696E7420783D223333352E323034333838333337383431392220793D223234352E30223E3C2F6F6D6764693A776179706F696E743E0A20202020202020203C6F6D6764693A776179706F696E7420783D223333352E33393732383039363637363733372220793D223238322E373530323232313433323338223E3C2F6F6D6764693A776179706F696E743E0A2020202020203C2F62706D6E64693A42504D4E456467653E0A202020203C2F62706D6E64693A42504D4E506C616E653E0A20203C2F62706D6E64693A42504D4E4469616772616D3E0A3C2F646566696E6974696F6E733E, '0');
INSERT INTO `act_ge_bytearray` VALUES ('47507', '1', '.leave.png', '47505', 0x89504E470D0A1A0A0000000D49484452000002D50000014C08060000000432407D00001BCE4944415478DAEDDD5D8CD467BD07F04953132EBD3B17E782BBE3DDB9EBD5690C27DE9CF4E4E4686D7698D9AE6E0A4843B44A0D3D46A9405F8462B5091A092951DB904334515B89867617BAE996D6A8A0C536A69043ADCBEB721029082CCBEEFF3CCF9E191C869DF7979DFFCCE7933C6EDDD90532CFFC7ECF779F7DFEFFC964000000000000000000000000000000000000000000000000000000000000000000000000000000000000000000000000000000000000000000000000000000000000000000000000000000000000000000000000000000000000000000000000000000000000000000000000000000000000000000000000000000000000000000000000000000000000000000000000000000000000000000000000000000000000000000000000000000000000000000000000000000000000000000000000000000000000007A5E9224CB4E9C3831F5D65B6F25070E1C48C6C6C68C2E8FF1F1F1E4F5D75F9F0F63A7572400400AC5403D3939994C4F4F27333333C6128DF3E7CF27131313F321603FEB550900903271875AA0EE9D603D363636E35509009032F1C88740DB3B231E07F1AA0400489918E28459A11A5AE6020D1768A006D5A01A14AA6B87BD2B7F3D939CF8CD0F9277C79F5818F1BFE3E70461A11A16B840C3051AA841430D0AD5D55F1F972F9E4ADE79E5F1E4ED5F6CB86DC4CFC5C7D490500D2ED07081066AD0508342758DD7C6D4BB3FBF235017C7C977F7A91FA11A5CA0A199A0060D352854D77A5DFCF1B5672A86EAF898DA5183E0020DCD043568A8413558E375F1CED8E68AA13A3EA676D420B8404333410D1A6A500D0AD56A10BAD14C5CA0A199A006D520835C83F107D94AA13A3EA676D420B8404333410D1A6A500DD6785D1C3FF4DD8A35181F533B6A105CA0A199A0060D35A8066BBC2E2E9C3A9ABCF3EAA63B7F5B143E171F533B6A109C25D34C5083861A548375BC36DEFFED8B77D45FFC9CBA51836041D74C5083861A5483F584EAEBD793E36FEEBCF3E847F85C7C4CEDA84170818666821A34D4A01AAC71A1F0B143DFA95883F131170CAB4170818666821A34D4A01AACB03B7DE6F8C1E40FFBBF5AB1FE8A237E4DFC5ABBD66A10CDC4051A9A096AD050836AB0CEDD69BBD66A109A5AD05DA0A199A006D5605F58AEE2EAABC17A76A7ABED5AAB25358866E2020DCD0435A806FBD3C63092C2476AD460B381BA38D4921A443371818666821A5483FDE7B130E6C33852F8B845E535FEDB22430D4273CDC4051A9A096A500DF653A0DE52B2633D27580BD56A10BAD04C5CA0A199A006D5605F06EA5A9F5783861A84763613176868264B6CB91A54836AB0651B6B04E7E2E31BAD8342B51A840E3513176868264B1C0406EA622A35A8063B18A86BD5911D6BA15A0D8266A299F4A181BC984A0DAAC10ED5D1C60E7DBD1A34D42068269A490A82C0C05D4CA506D56007EBA853415C0D1A6A103413CD24454160207E35AD06D5E01207EA81AA3735A8064133D14CFAD5C05F4CA506D56017EAA8DB7F8E1A34AC83832449928F1E3D7A74CF8B2FBEF8D76DDBB6CD3FF2C823C9E8E868B272E5CAE4C1071F4CD6AD5B977CED6B5F9B7DE699674E6CDFBEFDDF34134333E9581018E88BA9D4A01AEC521DD9B156836A90F687E99FFCE427FFF3E4934F265FFAD297925DBB7625BFFAD5AF9253A74E25D7AE5D4BA2F8717A7A3A397CF870F2C20B2F245FFCE21793F5EBD7CF7EEE739FFBA1666268266D5DB807FE622A35A806DB58477785F17CE16323CABF6FA0CE58AB413548134278FEC1534F3D956CD8B0612130DFBC7933A9D7EF7FFFFBE42B5FF94AB276EDDA99071E78E0139A89A199747D27AC2F177A35A806DB54473110BF97F9FF5B52BED740B0AEF47D0313ACD5A01AA4B1DDE9652FBFFCF2C5871F7E38D9B76F5F4361BADCFEFDFB9355AB5625FDB26BAD9968262909D4EDFA7E3568F4430D2E5607CF178271D240B02E0DD4C5B1ABE4F1813863AD06D5200D04EAD75E7BEDCA17BEF085E4D8B163493BFCE94F7F4A62405FBD7AF58F34134333A99B8BA9D4A01AEC5C1D2D1690AB05EB7ABFBEEFCF58AB4135489DE20E750CD4F18C743BC53F6FCD9A35F3F97C7EA7666268267507011753A94135D8B93AAA3728371AC053791464E5CA951772B9DC3A35A806698378863AEE28B76B877AB11DEB91919118ACEFB3A01B9A49CD00EC622A35A8068310F4EE1D1E1ECEB6584799268375A381BAF4EF4FD51B32C5BB7915C6856C36BB5A0DAA419A14EFF2F1C4134F2C9CA1EEA45FFEF297F3A1395EB6A01B9A495D3BCA2EA65283035F834343439F2C84BDD321EC3DBB62C58A656DFECD4CA5E07C779381BA7CA73C15C1BA245417C7F9C576AED5A075901A7EFAD39FBE1FEFF271E3C68DA4D3D6AD5B3797D663209A8966D2C5409DC9B8984A0DAAC1859DEAB2B03713C67F87CFFF431B0275B5BA99692150B7FAEFE985507D6BE7BA345CAB41EB203576A9E37DA8E36DF3BAE1EDB7DF4ED2BA5BAD9968261DE2622A35A8062B08EBC53D8B85BD6C363B1F3E8E97DCB6B5D51F1817AB9F560275264DBF21AA12AA6FED5CC763216AD03A4815F19D12E3C589ADDC3AAF510F3DF4D05CDC7DE8A166E2020DCDA46BAFA30A817AA02FA652836AB095C0F7A94F7DEA4CE1357FA4C5BFEAEE4576A8670A9F6FC5913A426B2A861AB40E52457CEBF1DDBB7727DDF4DC73CF5D0DC5B9AF077F4277818666D2F1D75113C1B6EF2FA65283835D839B376FBEFB339FF9CC3FC65DE97C3EFF9FE175B0267CFCEAD0D0D0B7C30F5B2FD413F63EFEF18F271FF9C847E2BFE7713BD56DFDC1E54AA8C92DC5B3EC6AD03A4815DBB66D9B8F6F3DDE4D6FBEF9E66C28D4B33DDC4C5CA0A19974EC75D4E4118CBEBE984A0DA6B706AB85E1F0F1E5F0B989300E87F15E1853E1F3FF1B3E5E0EE37A1837C3982F39CE71B3F0F9CBE1FFC7D7C054E1FB2A86E9F075BF0E7FFFBFC47F477889FC57C699EA76D5E06D613AAD3558E187A4BA1FB70ED290471E79243973E64C5743F5D9B367E762F34CC14FE82ED0D04CDAFE3ACAB8984A0DF6C1B87EFD7A120274AD301CC3F46B61BC14C60F63D88EA13BFE3622FCF77FC4305E08C377D5787DCC2E12A68FC4EF6FC3CEB0BB7FDC5E8397C3FC6DAD7497953486EA6A9FABF5B87590868C8E8E26D7AE5DEB6AA88E7F5F2CDE148421176868266D7D1D2D5FBEFC67191753A9C13E19AFBEFA6A576A3084BC1B25AF85A9789BBD36FDA0D8A9A3552399F4DDA77AD19D69A1DA3A48838BD952708186D1EA48DBEBE7FEFBEF5F68D61FFBD8C75A6D821DBB982AFE596AD0E8B5053D84EA8B3158C7D0D7C0B7D5DA29EEF445C05BFB313308D54235557CF6B39FEDFA4EF5D5AB57E752B253ED020DCDA4DDAFA356DF827CD076AAD5A01ACCC4DF52D4F1A62F8DEC5877FA76955BFB353308D5D641AAF8FCE73FDFF533D5A74F9F9EE9F133D53D718146A6C50B2C96FA71A1BAE2AF539DA94E490DF67A8D5AD0EBDEB12E3F8AE18D95846AA19AF67BFCF1C76F74FBEE1FAFBCF2CA748FDEFDA3A72ED068B5192CF5E3031CAAABBE8E9ADC191E94BB7FA4EA22A97EAFB13E5AD0CB7F43545A4F8DD44BA5EF4BC56DF3846AA19A0EFBE637BFF95EB7EF53BD79F3E6E91EBB4F754F5EA02154A72E54D7F53A6A6287B8EF2FA64AEB45524275AA16F4F27ABBABB0D3DCE86F76CABFAFD5235D42B55BEA09D5FDE2EB5FFFFABFC62320DD7C47C57C3E7FA397DE51B1579B89503D10CDC4C554295ED085EAD4D560BB8F3A6DCCA4EC2E1F8316AA5DD740D7AD5FBFFEC6E1C387BB75F4E3FD952B575ED24C846ACDA4E642EF622AA15AA8EEDD609D9A377611AA856ABA68D5AA55DFFEF297BFDC8DDDEAF97C3E7F358C9D9A8950AD99D4DCF1723195502D5477F637441B97E8FB856AC33AD8CFD6AE5D7B6DDFBE7D1D4DD4F1FC76DCA56EF2D64842B550DDEFCDC4C55442B550DDFD7A6BF407CC81B92851A816AA69523CE3FCD0430F25C78E1DEB48A03E7AF4E899F077CCE5F3F9FB3413B7D4D34C6A2ED82EA64A49A8CEB8A55E3FD55BBBBF5EA836D4E0A07AF0C107BFB776EDDA647A7ABAAD817A6A6AEA5208D4B3693DF6A19968263DBED0D7B323D7171753A94135B884F53692E9F3377651836A90F607EBEFAF59B366BE5D3BD6851DEAD96C36BB5F33313493AE07EBBEDA5953836AB0436AFD26A7F883E940076A35A806694208C03B42B89E7FE9A597E65BB87871FE5BDFFAD6F178E463E5CA95BB3513433369FB42DFE9EF5783C620D560A51F4007FEC8871A5483B4289EB1CEE7F37F79F8E187E77EF7BBDF3594A6C3247F1042F9957851629ACF506B269A490F056B1753A94135D8FD602D50AB4135485B77AD9F8DE17A7474746EDBB66DD7DF78E38D9B274F9EBC79EDDAB585007DF5EAD5B9D3A74FCF8C8F8F9FDBBC79F3F9F0B5B3314CC7DDE9B4DEE54333D14C52B283D6AEAF5783861ABCB37E8E08D46A500DD211C3C3C3F7E472B99F85B03C15460CCE49C9B819C6D9F8D6E3697CA744CD4433E9A360DDD71753A94135D8ADDF10C5B52D33A0B7CD53836A103413CDA4DF0DFCC5546A500D764B2154A306D52068269AC980ED580FC4D94F35A806856A356808D568268666D2A9603D301753A941352854AB41C33A88666268269D08D60B175365B3D9440D1A6A50A856836A1034134333695C3C43BD7031550C00A3A3A31F5583861A14AAD5A01A04CDC4D04C1AB73CFE4F369B9D5FB56AD5723568A841A15A0DAA41D04C0CCDA449F19D4B3FFDE94FFFB31A34D4A050AD06D52068268666D27C0098EDE77BC4AB41352854AB41C33A8866626826DD08003361FCBB1A34D4A050AD06D52068268666D27C00B89A0BD4A0A106856A35A80641333134932665B3D90F430858A3060D352854AB4135089A89A199342997CBFD65686868BD1A34D4A050AD06D52068268666D2FC4EF5743E9FDFA4060D352854AB4135089A89A199341F004E8560BD5D0D1A6A50A856836A1034134333693E00BC1FC677D5A0A106856A35A8064133313493E603C07BB95CEEFB6AD0508342B51A5483A099189A4993B2D9ECD110027EA4060D35285477D2810307BCF6D52058D03593BE0ED5BFC9E5723F5783861A14AA3B697272726E7A7ADAEBBF07C6C993273F083538E3558905DDB0A0B73700BC1182F5981A34D4A050DD49070F1EFCC6C4C4C4FCB973E7D4C01207EAF1F1F1D9309EF5AAC4826E58D0DB1B00C6C3985483861A14AA3B2D04B92D61EEAFC4F94FEB88F39BE67F7FDCA116A8B1A01B16F40E88473FE211103568A841A11AF30B3DCF051A16F41E5E207E142F565483861A14BA30BFD0F35CA0E1028D1E5E207E186FABA7060D352874617EA1E7B940C3051ABD2A9BCD7E2F97CBBD1FFF7BD5AA55CBC37FDF1B3EF74F6AD050834217E6177A52DA2FD0D8BB77AF0B34526E7878F89E109A6F84799C0DC1793ECE6785B15B0D1A6A50E8C2FC029D692467633359B162C532CF467A85307DA24A984E62E836C72074617E81CE04B1D525C16BA36724BDE26E75B5501DE6FAC79E2510BA30BF40679AC8E992E075C53392FA1F928E5408D573A3A3A31FF50C81D085F905DADF404616D9CDDCE29949AF7841620CD08B84EA5F7B7640E8C2FC029D69206717095F579CBB4DB778CC6391F3D4F77A6640E8C2FC02ED6F1E23552E68DBEA194AAFF8435108D6574BE6F403CF0A085D985FA033CDE37C958BDA2E7B86D22D84EA1DC5F91C1A1AFAA46704842ECC2FD0FEC63152ED2E11CE56F7CD3C5FB64880D085F9053AD738CED60AD5EE04927E4343439B2C122074617E01CD64C92549B2ECC48913536FBDF55672E0C001EF9AB704637C7C3C79FDF5D7E7C3D8E915893E89F9053493148A817A727232999E9E4E6666668C251AE7CF9F4F262626E607F9ADE8D12731BF8066925A71875AA0EE9D603D363636E355893E89F90534939489473E04DADE19F138885725FA24E617D04C522686386156A8067DD2FC0268265D08D557FE7A2639F19B1F24EF8E3FB130E27FC7CF09C24235FA24E617D04C84EA3A42F5E58BA792775E793C79FB171B6E1BF173F1316158A8469FC4FC029A89505D23E84DBDFBF33B0275719C7C779F302C54A34F627E01CD44A8AE15F4FEF8DA331543757C4C1816AAD12731BF80662254D7087AEF8C6DAE18AAE363C2B0508D3E89F9053413A15AA816AA419F34BF009A49674375BCDB47A5501D1F1386856AF449CC2FA09908D53582DEF143DFAD18AAE363C2B0508D3E89F9053413A1BA46D0BB70EA68F2CEAB9BEE3CFA113E171F1386856AF449CC2FA09908D57584BDF77FFBE21DA13A7E4E1016AAD12731BF80662254D713AAAF5F4F8EBFB9F3CEA31FE173F1316158A8469FC4FC029A89505DE3DD148F1DFA4EC533D5F131EFAA2854A34F627E01CD44A8AEB03B7DE6F8C1E40FFBBF5A31501747FC9AF8B576AD856AF449CC2FA09908D575EE4EDBB516AAD12731BF8066428D505DCFEE74B55D6BE158A8469FC4FC029AC9C087EA6603757108C74235FA24E617D04C063E541B4235FA24E617403311AA856AD02731BF806622540BD5A04F627E01CD44A836846AF449CC2FA09908D586508D3E89F905D04C846AA11AF449CC2FA09908D54235E893985F403311AA0DA11A7D12F30B682642B52154A34F627E013413A15AA8067D12F30B682642B5500DFA24E617D04C846A43A8469FC4FC029A89506D08D5E893985F00CD44A816AA419F34BFE617D04C846AA1BAF03A1E09E3B4572EFA24E617D04C846AA3C1505D08D367E3EBD86B197D12F30B682642B5D140A82E0FD34235FA24E617D04C846AA3CE509DCD6657C7631EE5615AA8469FC4FC029A89506DD4187BF7EE4D16DB9916AAD12731BF806622541B758E5A61DA303A3D7445EB2080662254F7CDF18FA1A1A1C7C26BF6B2E003580701CD44A86E78847FD2A2A35B8FF7E0858A1BC3B8245403D641403311AA1B0AD5D53ED7E9C77BF5967A859DEB4B4235601D043413A15AA86EFDCD5FE2CEF565AF5CC03A08682642B550ED6DCA01EB20A09908D542B5500D580701CD04A15AA806AC83009A89502D5403580701CD44A8764B3DA11AB00E029A89506D08D5807510D04C10AA856AC03A08A09908D54235807510D04C846A43A806AC83806622541B4235601D043413A15A9815AA01EB20806622540BD500D641403311AA0DA11AB00E029A89506D08D5807510D04C846A43A806AC83009A89502D5403580701CD44A816AA856AC03A08682642B5215403D641403311AA0DA11AB00E02682642B5500D601D043413A15AA806B00E029A89506D08D5807510D04C846A43A806AC83009A89502D5403580701CD44A816AA01AC83806622541B4235601D043413A1DA10AA01EB20806622540BD500D641403311AA856A00EB20A09908D586500D580701CD44A836846AC03A08A09908D54235807510D04C3AE8C08103C2AC500D5807013493564C4E4ECE4D4F4F0BB43D304E9E3CF94108D5335E95807510D04C52E6E0C183DF989898983F77EE9C60BBC4817A7C7C7C368C67BD2A01EB20A099A45008725BC6C6C6AEC4A307691D717ED3FCEF8F3BD40235601D043413CC2F803E096826985F007D12403331BF00E893806682F905D02701CD04F30BA04F029A09E617409F04D04CCC2F00FA24A099607E01F4494033C1FC02E893806682F905D027013413F30B803E096826985F007D12D04C30BF00FA24A099607E01F44900CDC4FC02A04F029A09E617409F043413CC2F803E096826985F007D12403331BF00FAA43E096826985F007D12D04C30BF00FA24A099607E01F4494033D14CCC2F803E09A099607E01F4494033C1FC02E893806682F905D02701CD84FE98CBB3713E6B8C2B9E2900EB20A09950792E476A85EA6C36BBC53305601D043413AACFE7F92AA1FAF28A152B96799600AC83806642F5F9ACB85B9DCBE5B67A8600AC838066427D73BAD8D9EA2B76A901AC83806642FD733AE22C35807510D04C687D5E4FDBA506B8A337BA4B12205453BF6C36BBBA6481D8E8190170972440A8A6B9B95DD891B14B0D705B6F74972440A8A6A1B91DB9FFFEFBCD2F40596F74972440A8A611F1D84752F808C0DFD73E774902846AEAF25818F3611C297C744610E0EF6B9FBB240142357507EAE2021177AAE7046B80DBD63F774902846AEA0ED4B53E0F3090DC250910AAA964638DE05C7CDCE2019071972440A8A6F9C06CC71A1858C3C3C3F764B3D91F87B56F2A97CBDD283B573D5B3812B22F7E9D670B10AA07CF6399C676A01BFD7A80548BB7CA0BEBDD853ADE4DB1F4F67A17F3F9FC4ECF1E20540F56A0DED2E4F709D6403F87E97B6BBCD94B3DE3D2030F3CF009CF2620540BD49DFA7E809E95CD667784356EAE34200F0F0F275BB76E4D0E1E3C98FCF9CF7F4E3EFCF0C324FADBDFFE969C3A752A3974E850F2DC73CF25232323E5C17ADEAE352054F7A75A172576FBCF01E8A540BDA53C4CEFD9B327999E9E4EEA71F1E2C585AF8FDF577624E405CF2E2054F75FA06ED7D10D3BD6403F05EA1D21FCDE0AC28F3EFAE8C2AE7433E2F76DD8B0E1B6606DC71A10AAFB43F959E8BBC278BEF0B111E5DFE78C35907A8533D4F3C500BC69D3A65B473C9A158F863CFDF4D3E54741EEF36C034275FA03F5969260FC5E1849E163BDC1BAD2F709D640DAD7B40BA53BD4AD06EAD2605DB6637DC9B30D08D5FD11A8A3E70BC1386920589706EAE2D855F2B833D6402A156E9B77EB0C75B3473EAA1D05293D63ED18082054A74FA5A0BB5840AE16ACEBFD7A67AC8134AE67B776A9E345869DB077EF5EBBD580509DF240BDB1C5A0DC6800771404E899B09CCBE5D655FB9AF80E88C58B13E36EF2850B173A12AAE35D414A6FB717CF709B2140A8EE7DF506DB5A81B9D1405DFAF7CF65EC58034BBC4E15C6856C36BB7AB1AF29BCF5F8C2D76DDFBE3DE9A4781FEB927FD33E330408D5E908D4F506DA4AC1F9EE2603759133D640AF84EAE2385FBE731D3E37557C7C6262A2A3A13ABE414CC9BFE5AC190284EAFE09D4D582F54C0B81BAD57F0F402742F5AD9DEB62B80E1F6F143FDFEE0B14CBC5775E2CF937DC34438050DD9B5ADD195E2C58B712A8CB83B533D640AF84EA5B3BD7A5FFBF5DB7D1AB767BBDD2BFCF0C01F5362BA3CB234CCB9116A7351EF928DFA19E297CBE1547CC8F6118BD3EBA41A80648CF4E75B33BC276AA8141D9FCB992CD66B7AC58B16259E9BB28DAA906A03CC03A530D08D555C274F16B9CA906A05690AD7767D8DD3F807E0FD597E3BB269686E992AF71F70F006A06EB5A81B653F7A91EC9B84F35B0F4A1FA8E9DE972EE530D402DB5768A3BFD8E8A5B4D01D0EBE23B2A1683AE775404205323E06E693128D7FBF50235903AF1BED5C5B0BB67CF9E8E84EABD7BF796EE525FF2AC03A44FDCB12E3F8AF17CA6F1231D8B05EB5D657F8F33D440EAC4F3D6A5BBD5EDBE6031FE79F1CF2DFE1DF97C7EA7671D20BDC1BAF4E2C5D280DCC8C58795BECF6DF380B407EB8BC5D0FBE8A38FB6EDF67AF1367A1B366CB86D97BADA196F007A5FF95190188877651ABF4D5EF9F7B57A7F6C805E08D5F786C03B570CBF9B366D6A3958C740FDF4D34F9706EAF97C3E7F9F671BA0FF8275AB163B5A02904AD96C7647E97DADE38E75B34741E2F795ED503BF60120587725A0032CB9107E779706E178163A5EBC18EFDE51EF5D3EE24589A567A8E308817DBF6717A0FFB47A64C3910FA06FC51DEB30E6CBC375BC8F757C8398B80B5D3C1A128F78C4774A8C6FECB263C78E647474B4FC5D1CE39FB3DBB30AD0FFC1BAD19D661725027DAF70C6FAC2226F75DEC8B8E40C35C06068F40887231FC040C966B3CF3611AE2FC5DD6977F90010AC173392F1C62EC0808AEFBC98CBE57E16C2F25418B36521FA661867E35B8F7BA74480C156EB8C74F12E1F02350000545169C7DA910F00006821580BD40000D042B03E2250030040F3E219EA24E3B6790000D092E59E020000000000000000000000000000000000000000000000186CFF0771866F1FE055F91E0000000049454E44AE426082, '1');
INSERT INTO `act_ge_bytearray` VALUES ('55002', '1', '.bpmn20.xml', '55001', 0x3C3F786D6C2076657273696F6E3D22312E302220656E636F64696E673D225554462D38223F3E0A3C646566696E6974696F6E7320786D6C6E733D22687474703A2F2F7777772E6F6D672E6F72672F737065632F42504D4E2F32303130303532342F4D4F44454C2220786D6C6E733A7873693D22687474703A2F2F7777772E77332E6F72672F323030312F584D4C536368656D612D696E7374616E63652220786D6C6E733A7873643D22687474703A2F2F7777772E77332E6F72672F323030312F584D4C536368656D612220786D6C6E733A61637469766974693D22687474703A2F2F61637469766974692E6F72672F62706D6E2220786D6C6E733A62706D6E64693D22687474703A2F2F7777772E6F6D672E6F72672F737065632F42504D4E2F32303130303532342F44492220786D6C6E733A6F6D6764633D22687474703A2F2F7777772E6F6D672E6F72672F737065632F44442F32303130303532342F44432220786D6C6E733A6F6D6764693D22687474703A2F2F7777772E6F6D672E6F72672F737065632F44442F32303130303532342F44492220747970654C616E67756167653D22687474703A2F2F7777772E77332E6F72672F323030312F584D4C536368656D61222065787072657373696F6E4C616E67756167653D22687474703A2F2F7777772E77332E6F72672F313939392F585061746822207461726765744E616D6573706163653D22687474703A2F2F7777772E7869616E6C75746563682E636F6D2F61637469766974692F6C65617665223E0A20203C70726F636573732069643D226C6561766522206E616D653D22E8AFB7E58187E6B581E7A88B2DE699AEE9809AE8A1A8E58D952220697345786563757461626C653D2274727565223E0A202020203C646F63756D656E746174696F6E3EE8AFB7E58187E6B581E7A88BE6BC94E7A4BA3C2F646F63756D656E746174696F6E3E0A202020203C73746172744576656E742069643D2273746172744576656E7422206E616D653D22E5BC80E5A78B222061637469766974693A696E69746961746F723D226170706C79557365724964223E3C2F73746172744576656E743E0A202020203C757365725461736B2069643D22646570744C656164657256657269667922206E616D653D22E983A8E997A8E9A286E5AFBCE5AEA1E689B9222061637469766974693A63616E64696461746547726F7570733D22646570744C6561646572223E3C2F757365725461736B3E0A202020203C6578636C7573697665476174657761792069643D227369642D44393142364330392D333336362D343835352D383143322D413836433642344437424533223E3C2F6578636C7573697665476174657761793E0A202020203C757365725461736B2069643D22687256657269667922206E616D653D22E4BABAE4BA8BE5AEA1E689B9222061637469766974693A63616E64696461746547726F7570733D226872223E3C2F757365725461736B3E0A202020203C757365725461736B2069643D226D6F646966794170706C7922206E616D653D22E8B083E695B4E794B3E8AFB7222061637469766974693A61737369676E65653D22247B6170706C795573657249647D223E0A2020202020203C657874656E73696F6E456C656D656E74733E0A20202020202020203C6D6F64656C65723A696E69746961746F722D63616E2D636F6D706C65746520786D6C6E733A6D6F64656C65723D22687474703A2F2F61637469766974692E636F6D2F6D6F64656C6572223E3C215B43444154415B66616C73655D5D3E3C2F6D6F64656C65723A696E69746961746F722D63616E2D636F6D706C6574653E0A2020202020203C2F657874656E73696F6E456C656D656E74733E0A202020203C2F757365725461736B3E0A202020203C73657175656E6365466C6F772069643D22666C6F773322206E616D653D22E5908CE6848F2220736F757263655265663D227369642D44393142364330392D333336362D343835352D383143322D41383643364234443742453322207461726765745265663D226872566572696679223E0A2020202020203C636F6E646974696F6E45787072657373696F6E207873693A747970653D2274466F726D616C45787072657373696F6E223E3C215B43444154415B247B646570744C6561646572417070726F7665647D5D5D3E3C2F636F6E646974696F6E45787072657373696F6E3E0A202020203C2F73657175656E6365466C6F773E0A202020203C73657175656E6365466C6F772069643D22666C6F773422206E616D653D22E4B88DE5908CE6848F2220736F757263655265663D227369642D44393142364330392D333336362D343835352D383143322D41383643364234443742453322207461726765745265663D226D6F646966794170706C79223E0A2020202020203C636F6E646974696F6E45787072657373696F6E207873693A747970653D2274466F726D616C45787072657373696F6E223E3C215B43444154415B247B21646570744C6561646572417070726F7665647D5D5D3E3C2F636F6E646974696F6E45787072657373696F6E3E0A202020203C2F73657175656E6365466C6F773E0A202020203C6578636C7573697665476174657761792069643D227369642D41333937314131452D424636452D343239382D394437322D303732313638394135444646223E3C2F6578636C7573697665476174657761793E0A202020203C757365725461736B2069643D227265706F72744261636B22206E616D653D22E99480E58187222061637469766974693A61737369676E65653D22247B6170706C795573657249647D223E0A2020202020203C657874656E73696F6E456C656D656E74733E0A20202020202020203C61637469766974693A7461736B4C697374656E6572206576656E743D22636F6D706C657465222064656C656761746545787072657373696F6E3D22247B7265706F72744261636B456E6450726F636573736F727D223E3C2F61637469766974693A7461736B4C697374656E65723E0A20202020202020203C6D6F64656C65723A696E69746961746F722D63616E2D636F6D706C65746520786D6C6E733A6D6F64656C65723D22687474703A2F2F61637469766974692E636F6D2F6D6F64656C6572223E3C215B43444154415B66616C73655D5D3E3C2F6D6F64656C65723A696E69746961746F722D63616E2D636F6D706C6574653E0A2020202020203C2F657874656E73696F6E456C656D656E74733E0A202020203C2F757365725461736B3E0A202020203C73657175656E6365466C6F772069643D22666C6F77312220736F757263655265663D2273746172744576656E7422207461726765745265663D22646570744C6561646572566572696679223E3C2F73657175656E6365466C6F773E0A202020203C73657175656E6365466C6F772069643D22666C6F77352220736F757263655265663D22687256657269667922207461726765745265663D227369642D41333937314131452D424636452D343239382D394437322D303732313638394135444646223E3C2F73657175656E6365466C6F773E0A202020203C656E644576656E742069643D22656E644576656E7422206E616D653D22E7BB93E69D9F223E3C2F656E644576656E743E0A202020203C6578636C7573697665476174657761792069643D227369642D38433835434641452D333137372D343737332D414538322D313936454539413742393644223E3C2F6578636C7573697665476174657761793E0A202020203C73657175656E6365466C6F772069643D22666C6F77382220736F757263655265663D227265706F72744261636B22207461726765745265663D22656E644576656E74223E3C2F73657175656E6365466C6F773E0A202020203C73657175656E6365466C6F772069643D22666C6F77392220736F757263655265663D226D6F646966794170706C7922207461726765745265663D227369642D38433835434641452D333137372D343737332D414538322D313936454539413742393644223E3C2F73657175656E6365466C6F773E0A202020203C73657175656E6365466C6F772069643D22666C6F77313122206E616D653D22E7BB93E69D9FE6B581E7A88B2220736F757263655265663D227369642D38433835434641452D333137372D343737332D414538322D31393645453941374239364422207461726765745265663D22656E644576656E74223E0A2020202020203C636F6E646974696F6E45787072657373696F6E207873693A747970653D2274466F726D616C45787072657373696F6E223E3C215B43444154415B247B2172654170706C797D5D5D3E3C2F636F6E646974696F6E45787072657373696F6E3E0A202020203C2F73657175656E6365466C6F773E0A202020203C73657175656E6365466C6F772069643D22666C6F77313022206E616D653D22E9878DE696B0E794B3E8AFB72220736F757263655265663D227369642D38433835434641452D333137372D343737332D414538322D31393645453941374239364422207461726765745265663D22646570744C6561646572566572696679223E0A2020202020203C636F6E646974696F6E45787072657373696F6E207873693A747970653D2274466F726D616C45787072657373696F6E223E3C215B43444154415B247B72654170706C797D5D5D3E3C2F636F6E646974696F6E45787072657373696F6E3E0A202020203C2F73657175656E6365466C6F773E0A202020203C73657175656E6365466C6F772069643D22666C6F773622206E616D653D22E5908CE6848F2220736F757263655265663D227369642D41333937314131452D424636452D343239382D394437322D30373231363839413544464622207461726765745265663D227265706F72744261636B223E0A2020202020203C636F6E646974696F6E45787072657373696F6E207873693A747970653D2274466F726D616C45787072657373696F6E223E3C215B43444154415B247B6872417070726F7665647D5D5D3E3C2F636F6E646974696F6E45787072657373696F6E3E0A202020203C2F73657175656E6365466C6F773E0A202020203C73657175656E6365466C6F772069643D22666C6F773722206E616D653D22E4B88DE5908CE6848F2220736F757263655265663D227369642D41333937314131452D424636452D343239382D394437322D30373231363839413544464622207461726765745265663D226D6F646966794170706C79223E0A2020202020203C636F6E646974696F6E45787072657373696F6E207873693A747970653D2274466F726D616C45787072657373696F6E223E3C215B43444154415B247B216872417070726F7665647D5D5D3E3C2F636F6E646974696F6E45787072657373696F6E3E0A202020203C2F73657175656E6365466C6F773E0A202020203C73657175656E6365466C6F772069643D22666C6F77322220736F757263655265663D22646570744C656164657256657269667922207461726765745265663D227369642D44393142364330392D333336362D343835352D383143322D413836433642344437424533223E3C2F73657175656E6365466C6F773E0A20203C2F70726F636573733E0A20203C62706D6E64693A42504D4E4469616772616D2069643D2242504D4E4469616772616D5F6C65617665223E0A202020203C62706D6E64693A42504D4E506C616E652062706D6E456C656D656E743D226C65617665222069643D2242504D4E506C616E655F6C65617665223E0A2020202020203C62706D6E64693A42504D4E53686170652062706D6E456C656D656E743D2273746172744576656E74222069643D2242504D4E53686170655F73746172744576656E74223E0A20202020202020203C6F6D6764633A426F756E6473206865696768743D2233302E30222077696474683D2233302E302220783D2239302E302220793D223130302E30223E3C2F6F6D6764633A426F756E64733E0A2020202020203C2F62706D6E64693A42504D4E53686170653E0A2020202020203C62706D6E64693A42504D4E53686170652062706D6E456C656D656E743D22646570744C6561646572566572696679222069643D2242504D4E53686170655F646570744C6561646572566572696679223E0A20202020202020203C6F6D6764633A426F756E6473206865696768743D2238302E30222077696474683D223130302E302220783D223136352E302220793D2237352E30223E3C2F6F6D6764633A426F756E64733E0A2020202020203C2F62706D6E64693A42504D4E53686170653E0A2020202020203C62706D6E64693A42504D4E53686170652062706D6E456C656D656E743D227369642D44393142364330392D333336362D343835352D383143322D413836433642344437424533222069643D2242504D4E53686170655F7369642D44393142364330392D333336362D343835352D383143322D413836433642344437424533223E0A20202020202020203C6F6D6764633A426F756E6473206865696768743D2234302E30222077696474683D2234302E302220783D223331302E353838323335323934313137362220793D2239352E30223E3C2F6F6D6764633A426F756E64733E0A2020202020203C2F62706D6E64693A42504D4E53686170653E0A2020202020203C62706D6E64693A42504D4E53686170652062706D6E456C656D656E743D226872566572696679222069643D2242504D4E53686170655F6872566572696679223E0A20202020202020203C6F6D6764633A426F756E6473206865696768743D2238302E30222077696474683D223130302E302220783D223339302E302220793D2237352E30223E3C2F6F6D6764633A426F756E64733E0A2020202020203C2F62706D6E64693A42504D4E53686170653E0A2020202020203C62706D6E64693A42504D4E53686170652062706D6E456C656D656E743D226D6F646966794170706C79222069643D2242504D4E53686170655F6D6F646966794170706C79223E0A20202020202020203C6F6D6764633A426F756E6473206865696768743D2238302E30222077696474683D223130302E302220783D223238352E302220793D223136352E30223E3C2F6F6D6764633A426F756E64733E0A2020202020203C2F62706D6E64693A42504D4E53686170653E0A2020202020203C62706D6E64693A42504D4E53686170652062706D6E456C656D656E743D227369642D41333937314131452D424636452D343239382D394437322D303732313638394135444646222069643D2242504D4E53686170655F7369642D41333937314131452D424636452D343239382D394437322D303732313638394135444646223E0A20202020202020203C6F6D6764633A426F756E6473206865696768743D2234302E30222077696474683D2234302E302220783D223532352E302220793D2239302E30223E3C2F6F6D6764633A426F756E64733E0A2020202020203C2F62706D6E64693A42504D4E53686170653E0A2020202020203C62706D6E64693A42504D4E53686170652062706D6E456C656D656E743D227265706F72744261636B222069643D2242504D4E53686170655F7265706F72744261636B223E0A20202020202020203C6F6D6764633A426F756E6473206865696768743D2238302E30222077696474683D223130302E302220783D223631352E302220793D2237302E30223E3C2F6F6D6764633A426F756E64733E0A2020202020203C2F62706D6E64693A42504D4E53686170653E0A2020202020203C62706D6E64693A42504D4E53686170652062706D6E456C656D656E743D22656E644576656E74222069643D2242504D4E53686170655F656E644576656E74223E0A20202020202020203C6F6D6764633A426F756E6473206865696768743D2232382E30222077696474683D2232382E302220783D223635312E302220793D223238382E33353239343131373634373036223E3C2F6F6D6764633A426F756E64733E0A2020202020203C2F62706D6E64693A42504D4E53686170653E0A2020202020203C62706D6E64693A42504D4E53686170652062706D6E456C656D656E743D227369642D38433835434641452D333137372D343737332D414538322D313936454539413742393644222069643D2242504D4E53686170655F7369642D38433835434641452D333137372D343737332D414538322D313936454539413742393644223E0A20202020202020203C6F6D6764633A426F756E6473206865696768743D2234302E30222077696474683D2234302E302220783D223331352E302220793D223238322E33353239343131373634373036223E3C2F6F6D6764633A426F756E64733E0A2020202020203C2F62706D6E64693A42504D4E53686170653E0A2020202020203C62706D6E64693A42504D4E456467652062706D6E456C656D656E743D22666C6F7731222069643D2242504D4E456467655F666C6F7731223E0A20202020202020203C6F6D6764693A776179706F696E7420783D223132302E302220793D223131352E30223E3C2F6F6D6764693A776179706F696E743E0A20202020202020203C6F6D6764693A776179706F696E7420783D223136352E302220793D223131352E30223E3C2F6F6D6764693A776179706F696E743E0A2020202020203C2F62706D6E64693A42504D4E456467653E0A2020202020203C62706D6E64693A42504D4E456467652062706D6E456C656D656E743D22666C6F7732222069643D2242504D4E456467655F666C6F7732223E0A20202020202020203C6F6D6764693A776179706F696E7420783D223236352E302220793D223131352E3231353335333433323938373039223E3C2F6F6D6764693A776179706F696E743E0A20202020202020203C6F6D6764693A776179706F696E7420783D223331312E303031373231323939323036372220793D223131352E3431333438363030353038393036223E3C2F6F6D6764693A776179706F696E743E0A2020202020203C2F62706D6E64693A42504D4E456467653E0A2020202020203C62706D6E64693A42504D4E456467652062706D6E456C656D656E743D22666C6F7733222069643D2242504D4E456467655F666C6F7733223E0A20202020202020203C6F6D6764693A776179706F696E7420783D223335302E3137353836343136303039372220793D223131352E3431323337313133343032303632223E3C2F6F6D6764693A776179706F696E743E0A20202020202020203C6F6D6764693A776179706F696E7420783D223339302E302220793D223131352E3232393534333631333238363532223E3C2F6F6D6764693A776179706F696E743E0A2020202020203C2F62706D6E64693A42504D4E456467653E0A2020202020203C62706D6E64693A42504D4E456467652062706D6E456C656D656E743D22666C6F7734222069643D2242504D4E456467655F666C6F7734223E0A20202020202020203C6F6D6764693A776179706F696E7420783D223333312E383833383930323035393536342220793D223133332E37303433343530383831363132223E3C2F6F6D6764693A776179706F696E743E0A20202020202020203C6F6D6764693A776179706F696E7420783D223333332E3235313732353237313131342220793D223136352E30223E3C2F6F6D6764693A776179706F696E743E0A2020202020203C2F62706D6E64693A42504D4E456467653E0A2020202020203C62706D6E64693A42504D4E456467652062706D6E456C656D656E743D22666C6F7735222069643D2242504D4E456467655F666C6F7735223E0A20202020202020203C6F6D6764693A776179706F696E7420783D223439302E302220793D223131322E3836373239383537383139393035223E3C2F6F6D6764693A776179706F696E743E0A20202020202020203C6F6D6764693A776179706F696E7420783D223532362E333138313831383138313831392220793D223131312E3331383138313831383138313831223E3C2F6F6D6764693A776179706F696E743E0A2020202020203C2F62706D6E64693A42504D4E456467653E0A2020202020203C62706D6E64693A42504D4E456467652062706D6E456C656D656E743D22666C6F7736222069643D2242504D4E456467655F666C6F7736223E0A20202020202020203C6F6D6764693A776179706F696E7420783D223536342E353739383331393332373733312220793D223131302E34323031363830363732323639223E3C2F6F6D6764693A776179706F696E743E0A20202020202020203C6F6D6764693A776179706F696E7420783D223631352E302220793D223131302E32303932303530323039323035223E3C2F6F6D6764693A776179706F696E743E0A2020202020203C2F62706D6E64693A42504D4E456467653E0A2020202020203C62706D6E64693A42504D4E456467652062706D6E456C656D656E743D22666C6F773130222069643D2242504D4E456467655F666C6F773130223E0A20202020202020203C6F6D6764693A776179706F696E7420783D223331352E352220793D223330322E38353239343131373634373036223E3C2F6F6D6764693A776179706F696E743E0A20202020202020203C6F6D6764693A776179706F696E7420783D223231352E302220793D223330322E38353239343131373634373036223E3C2F6F6D6764693A776179706F696E743E0A20202020202020203C6F6D6764693A776179706F696E7420783D223231352E302220793D223135352E30223E3C2F6F6D6764693A776179706F696E743E0A2020202020203C2F62706D6E64693A42504D4E456467653E0A2020202020203C62706D6E64693A42504D4E456467652062706D6E456C656D656E743D22666C6F7737222069643D2242504D4E456467655F666C6F7737223E0A20202020202020203C6F6D6764693A776179706F696E7420783D223534352E352220793D223132392E35223E3C2F6F6D6764693A776179706F696E743E0A20202020202020203C6F6D6764693A776179706F696E7420783D223534352E352220793D223230352E30223E3C2F6F6D6764693A776179706F696E743E0A20202020202020203C6F6D6764693A776179706F696E7420783D223338352E302220793D223230352E30223E3C2F6F6D6764693A776179706F696E743E0A2020202020203C2F62706D6E64693A42504D4E456467653E0A2020202020203C62706D6E64693A42504D4E456467652062706D6E456C656D656E743D22666C6F7738222069643D2242504D4E456467655F666C6F7738223E0A20202020202020203C6F6D6764693A776179706F696E7420783D223636352E302220793D223135302E30223E3C2F6F6D6764693A776179706F696E743E0A20202020202020203C6F6D6764693A776179706F696E7420783D223636352E302220793D223238382E33353239343131373634373036223E3C2F6F6D6764693A776179706F696E743E0A2020202020203C2F62706D6E64693A42504D4E456467653E0A2020202020203C62706D6E64693A42504D4E456467652062706D6E456C656D656E743D22666C6F773131222069643D2242504D4E456467655F666C6F773131223E0A20202020202020203C6F6D6764693A776179706F696E7420783D223335342E353238383735333739393339322220793D223330322E38323430363537393635333134223E3C2F6F6D6764693A776179706F696E743E0A20202020202020203C6F6D6764693A776179706F696E7420783D223635312E303030303136313138353638322220793D223330322E33373431383534363135373134223E3C2F6F6D6764693A776179706F696E743E0A2020202020203C2F62706D6E64693A42504D4E456467653E0A2020202020203C62706D6E64693A42504D4E456467652062706D6E456C656D656E743D22666C6F7739222069643D2242504D4E456467655F666C6F7739223E0A20202020202020203C6F6D6764693A776179706F696E7420783D223333352E323034333838333337383431392220793D223234352E30223E3C2F6F6D6764693A776179706F696E743E0A20202020202020203C6F6D6764693A776179706F696E7420783D223333352E33393732383039363637363733372220793D223238322E373530323232313433323338223E3C2F6F6D6764693A776179706F696E743E0A2020202020203C2F62706D6E64693A42504D4E456467653E0A202020203C2F62706D6E64693A42504D4E506C616E653E0A20203C2F62706D6E64693A42504D4E4469616772616D3E0A3C2F646566696E6974696F6E733E, '0');
INSERT INTO `act_ge_bytearray` VALUES ('55003', '1', '.leave.png', '55001', 0x89504E470D0A1A0A0000000D49484452000002D50000014C08060000000432407D00001BCE4944415478DAEDDD5D8CD467BD07F04953132EBD3B17E782BBE3DDB9EBD5690C27DE9CF4E4E4686D7698D9AE6E0A4843B44A0D3D46A9405F8462B5091A092951DB904334515B89867617BAE996D6A8A0C536A69043ADCBEB721029082CCBEEFF3CCF9E191C869DF7979DFFCCE7933C6EDDD90532CFFC7ECF779F7DFEFFC964000000000000000000000000000000000000000000000000000000000000000000000000000000000000000000000000000000000000000000000000000000000000000000000000000000000000000000000000000000000000000000000000000000000000000000000000000000000000000000000000000000000000000000000000000000000000000000000000000000000000000000000000000000000000000000000000000000000000000000000000000000000000000000000000000000000000007A5E9224CB4E9C3831F5D65B6F25070E1C48C6C6C68C2E8FF1F1F1E4F5D75F9F0F63A7572400400AC5403D3939994C4F4F27333333C6128DF3E7CF27131313F321603FEB550900903271875AA0EE9D603D363636E35509009032F1C88740DB3B231E07F1AA0400489918E28459A11A5AE6020D1768A006D5A01A14AA6B87BD2B7F3D939CF8CD0F9277C79F5818F1BFE3E70461A11A16B840C3051AA841430D0AD5D55F1F972F9E4ADE79E5F1E4ED5F6CB86DC4CFC5C7D490500D2ED07081066AD0508342758DD7C6D4BB3FBF235017C7C977F7A91FA11A5CA0A199A0060D352854D77A5DFCF1B5672A86EAF898DA5183E0020DCD043568A8413558E375F1CED8E68AA13A3EA676D420B8404333410D1A6A500D0AD56A10BAD14C5CA0A199A006D520835C83F107D94AA13A3EA676D420B8404333410D1A6A500DD6785D1C3FF4DD8A35181F533B6A105CA0A199A0060D35A8066BBC2E2E9C3A9ABCF3EAA63B7F5B143E171F533B6A109C25D34C5083861A548375BC36DEFFED8B77D45FFC9CBA51836041D74C5083861A5483F584EAEBD793E36FEEBCF3E847F85C7C4CEDA84170818666821A34D4A01AAC71A1F0B143DFA95883F131170CAB4170818666821A34D4A01AACB03B7DE6F8C1E40FFBBF5AB1FE8A237E4DFC5ABBD66A10CDC4051A9A096AD050836AB0CEDD69BBD66A109A5AD05DA0A199A006D5605F58AEE2EAABC17A76A7ABED5AAB25358866E2020DCD0435A806FBD3C63092C2476AD460B381BA38D4921A443371818666821A5483FDE7B130E6C33852F8B845E535FEDB22430D4273CDC4051A9A096A500DF653A0DE52B2633D27580BD56A10BAD04C5CA0A199A006D5605F06EA5A9F5783861A84763613176868264B6CB91A54836AB0651B6B04E7E2E31BAD8342B51A840E3513176868264B1C0406EA622A35A8063B18A86BD5911D6BA15A0D8266A299F4A181BC984A0DAAC10ED5D1C60E7DBD1A34D42068269A490A82C0C05D4CA506D56007EBA853415C0D1A6A103413CD24454160207E35AD06D5E01207EA81AA3735A8064133D14CFAD5C05F4CA506D56017EAA8DB7F8E1A34AC83832449928F1E3D7A74CF8B2FBEF8D76DDBB6CD3FF2C823C9E8E868B272E5CAE4C1071F4CD6AD5B977CED6B5F9B7DE699674E6CDFBEFDDF34134333E9581018E88BA9D4A01AEC521DD9B156836A90F687E99FFCE427FFF3E4934F265FFAD297925DBB7625BFFAD5AF9253A74E25D7AE5D4BA2F8717A7A3A397CF870F2C20B2F245FFCE21793F5EBD7CF7EEE739FFBA1666268266D5DB807FE622A35A806DB58477785F17CE16323CABF6FA0CE58AB413548134278FEC1534F3D956CD8B0612130DFBC7933A9D7EF7FFFFBE42B5FF94AB276EDDA99071E78E0139A89A199747D27AC2F177A35A806DB54473110BF97F9FF5B52BED740B0AEF47D0313ACD5A01AA4B1DDE9652FBFFCF2C5871F7E38D9B76F5F4361BADCFEFDFB9355AB5625FDB26BAD9968262909D4EDFA7E3568F4430D2E5607CF178271D240B02E0DD4C5B1ABE4F1813863AD06D5200D04EAD75E7BEDCA17BEF085E4D8B163493BFCE94F7F4A62405FBD7AF58F34134333A99B8BA9D4A01AEC5C1D2D1690AB05EB7ABFBEEFCF58AB4135489DE20E750CD4F18C743BC53F6FCD9A35F3F97C7EA7666268267507011753A94135D8B93AAA3728371AC053791464E5CA951772B9DC3A35A806698378863AEE28B76B877AB11DEB91919118ACEFB3A01B9A49CD00EC622A35A8068310F4EE1D1E1ECEB6584799268375A381BAF4EF4FD51B32C5BB7915C6856C36BB5A0DAA419A14EFF2F1C4134F2C9CA1EEA45FFEF297F3A1395EB6A01B9A495D3BCA2EA65283035F834343439F2C84BDD321EC3DBB62C58A656DFECD4CA5E07C779381BA7CA73C15C1BA245417C7F9C576AED5A075901A7EFAD39FBE1FEFF271E3C68DA4D3D6AD5B3797D663209A8966D2C5409DC9B8984A0DAAC1859DEAB2B03713C67F87CFFF431B0275B5BA99692150B7FAEFE985507D6BE7BA345CAB41EB203576A9E37DA8E36DF3BAE1EDB7DF4ED2BA5BAD9968261DE2622A35A8062B08EBC53D8B85BD6C363B1F3E8E97DCB6B5D51F1817AB9F560275264DBF21AA12AA6FED5CC763216AD03A4815F19D12E3C589ADDC3AAF510F3DF4D05CDC7DE8A166E2020DCDA46BAFA30A817AA02FA652836AB095C0F7A94F7DEA4CE1357FA4C5BFEAEE4576A8670A9F6FC5913A426B2A861AB40E52457CEBF1DDBB7727DDF4DC73CF5D0DC5B9AF077F4277818666D2F1D75113C1B6EF2FA65283835D839B376FBEFB339FF9CC3FC65DE97C3EFF9FE175B0267CFCEAD0D0D0B7C30F5B2FD413F63EFEF18F271FF9C847E2BFE7713BD56DFDC1E54AA8C92DC5B3EC6AD03A4815DBB66D9B8F6F3DDE4D6FBEF9E66C28D4B33DDC4C5CA0A19974EC75D4E4118CBEBE984A0DA6B706AB85E1F0F1E5F0B989300E87F15E1853E1F3FF1B3E5E0EE37A1837C3982F39CE71B3F0F9CBE1FFC7D7C054E1FB2A86E9F075BF0E7FFFBFC47F477889FC57C699EA76D5E06D613AAD3558E187A4BA1FB70ED290471E79243973E64C5743F5D9B367E762F34CC14FE82ED0D04CDAFE3ACAB8984A0DF6C1B87EFD7A120274AD301CC3F46B61BC14C60F63D88EA13BFE3622FCF77FC4305E08C377D5787DCC2E12A68FC4EF6FC3CEB0BB7FDC5E8397C3FC6DAD7497953486EA6A9FABF5B87590868C8E8E26D7AE5DEB6AA88E7F5F2CDE148421176868266D7D1D2D5FBEFC67191753A9C13E19AFBEFA6A576A3084BC1B25AF85A9789BBD36FDA0D8A9A3552399F4DDA77AD19D69A1DA3A48838BD952708186D1EA48DBEBE7FEFBEF5F68D61FFBD8C75A6D821DBB982AFE596AD0E8B5053D84EA8B3158C7D0D7C0B7D5DA29EEF445C05BFB313308D54235557CF6B39FEDFA4EF5D5AB57E752B253ED020DCDA4DDAFA356DF827CD076AAD5A01ACCC4DF52D4F1A62F8DEC5877FA76955BFB353308D5D641AAF8FCE73FDFF533D5A74F9F9EE9F133D53D718146A6C50B2C96FA71A1BAE2AF539DA94E490DF67A8D5AD0EBDEB12E3F8AE18D95846AA19AF67BFCF1C76F74FBEE1FAFBCF2CA748FDEFDA3A72ED068B5192CF5E3031CAAABBE8E9ADC191E94BB7FA4EA22A97EAFB13E5AD0CB7F43545A4F8DD44BA5EF4BC56DF3846AA19A0EFBE637BFF95EB7EF53BD79F3E6E91EBB4F754F5EA02154A72E54D7F53A6A6287B8EF2FA64AEB45524275AA16F4F27ABBABB0D3DCE86F76CABFAFD5235D42B55BEA09D5FDE2EB5FFFFABFC62320DD7C47C57C3E7FA397DE51B1579B89503D10CDC4C554295ED085EAD4D560BB8F3A6DCCA4EC2E1F8316AA5DD740D7AD5FBFFEC6E1C387BB75F4E3FD952B575ED24C846ACDA4E642EF622AA15AA8EEDD609D9A377611AA856ABA68D5AA55DFFEF297BFDC8DDDEAF97C3E7F358C9D9A8950AD99D4DCF1723195502D5477F637441B97E8FB856AC33AD8CFD6AE5D7B6DDFBE7D1D4DD4F1FC76DCA56EF2D64842B550DDEFCDC4C55442B550DDFD7A6BF407CC81B92851A816AA69523CE3FCD0430F25C78E1DEB48A03E7AF4E899F077CCE5F3F9FB3413B7D4D34C6A2ED82EA64A49A8CEB8A55E3FD55BBBBF5EA836D4E0A07AF0C107BFB776EDDA647A7ABAAD817A6A6AEA5208D4B3693DF6A19968263DBED0D7B323D7171753A94135B884F53692E9F3377651836A90F607EBEFAF59B366BE5D3BD6851DEAD96C36BB5F33313493AE07EBBEDA5953836AB0436AFD26A7F883E940076A35A806694208C03B42B89E7FE9A597E65BB87871FE5BDFFAD6F178E463E5CA95BB3513433369FB42DFE9EF5783C620D560A51F4007FEC8871A5483B4289EB1CEE7F37F79F8E187E77EF7BBDF3594A6C3247F1042F9957851629ACF506B269A490F056B1753A94135D8FD602D50AB4135485B77AD9F8DE17A7474746EDBB66DD7DF78E38D9B274F9EBC79EDDAB585007DF5EAD5B9D3A74FCF8C8F8F9FDBBC79F3F9F0B5B3314CC7DDE9B4DEE54333D14C52B283D6AEAF5783861ABCB37E8E08D46A500DD211C3C3C3F7E472B99F85B03C15460CCE49C9B819C6D9F8D6E3697CA744CD4433E9A360DDD71753A94135D8ADDF10C5B52D33A0B7CD53836A103413CDA4DF0DFCC5546A500D764B2154A306D52068269AC980ED580FC4D94F35A806856A356808D568268666D2A9603D301753A941352854AB41C33A88666268269D08D60B175365B3D9440D1A6A50A856836A1034134333695C3C43BD7031550C00A3A3A31F5583861A14AAD5A01A04CDC4D04C1AB73CFE4F369B9D5FB56AD5723568A841A15A0DAA41D04C0CCDA449F19D4B3FFDE94FFFB31A34D4A050AD06D52068268666D27C0098EDE77BC4AB41352854AB41C33A8866626826DD08003361FCBB1A34D4A050AD06D52068268666D27C00B89A0BD4A0A106856A35A80641333134932665B3D90F430858A3060D352854AB4135089A89A199342997CBFD65686868BD1A34D4A050AD06D52068268666D2FC4EF5743E9FDFA4060D352854AB4135089A89A199341F004E8560BD5D0D1A6A50A856836A1034134333693E00BC1FC677D5A0A106856A35A8064133313493E603C07BB95CEEFB6AD0508342B51A5483A099189A4993B2D9ECD110027EA4060D35285477D2810307BCF6D52058D03593BE0ED5BFC9E5723F5783861A14AA3B697272726E7A7ADAEBBF07C6C993273F083538E3558905DDB0A0B73700BC1182F5981A34D4A050DD49070F1EFCC6C4C4C4FCB973E7D4C01207EAF1F1F1D9309EF5AAC4826E58D0DB1B00C6C3985483861A14AA3B2D04B92D61EEAFC4F94FEB88F39BE67F7FDCA116A8B1A01B16F40E88473FE211103568A841A11AF30B3DCF051A16F41E5E207E142F565483861A14BA30BFD0F35CA0E1028D1E5E207E186FABA7060D352874617EA1E7B940C3051ABD2A9BCD7E2F97CBBD1FFF7BD5AA55CBC37FDF1B3EF74F6AD050834217E6177A52DA2FD0D8BB77AF0B34526E7878F89E109A6F84799C0DC1793ECE6785B15B0D1A6A50E8C2FC029D692467633359B162C532CF467A85307DA24A984E62E836C72074617E81CE04B1D525C16BA36724BDE26E75B5501DE6FAC79E2510BA30BF40679AC8E992E075C53392FA1F928E5408D573A3A3A31FF50C81D085F905DADF404616D9CDDCE29949AF7841620CD08B84EA5F7B7640E8C2FC029D69206717095F579CBB4DB778CC6391F3D4F77A6640E8C2FC02ED6F1E23552E68DBEA194AAFF8435108D6574BE6F403CF0A085D985FA033CDE37C958BDA2E7B86D22D84EA1DC5F91C1A1AFAA46704842ECC2FD0FEC63152ED2E11CE56F7CD3C5FB64880D085F9053AD738CED60AD5EE04927E4343439B2C122074617E01CD64C92549B2ECC48913536FBDF55672E0C001EF9AB704637C7C3C79FDF5D7E7C3D8E915893E89F9053493148A817A727232999E9E4E6666668C251AE7CF9F4F262626E607F9ADE8D12731BF8066925A71875AA0EE9D603D363636E355893E89F90534939489473E04DADE19F138885725FA24E617D04C522686386156A8067DD2FC0268265D08D557FE7A2639F19B1F24EF8E3FB130E27FC7CF09C24235FA24E617D04C84EA3A42F5E58BA792775E793C79FB171B6E1BF173F1316158A8469FC4FC029A89505D23E84DBDFBF33B0275719C7C779F302C54A34F627E01CD44A8AE15F4FEF8DA331543757C4C1816AAD12731BF80662254D7087AEF8C6DAE18AAE363C2B0508D3E89F9053413A15AA816AA419F34BF009A49674375BCDB47A5501D1F1386856AF449CC2FA09908D53582DEF143DFAD18AAE363C2B0508D3E89F9053413A1BA46D0BB70EA68F2CEAB9BEE3CFA113E171F1386856AF449CC2FA09908D57584BDF77FFBE21DA13A7E4E1016AAD12731BF80662254D713AAAF5F4F8EBFB9F3CEA31FE173F1316158A8469FC4FC029A89505DE3DD148F1DFA4EC533D5F131EFAA2854A34F627E01CD44A8AEB03B7DE6F8C1E40FFBBF5A31501747FC9AF8B576AD856AF449CC2FA09908D575EE4EDBB516AAD12731BF8066428D505DCFEE74B55D6BE158A8469FC4FC029AC9C087EA6603757108C74235FA24E617D04C063E541B4235FA24E617403311AA856AD02731BF806622540BD5A04F627E01CD44A836846AF449CC2FA09908D586508D3E89F905D04C846AA11AF449CC2FA09908D54235E893985F403311AA0DA11A7D12F30B682642B52154A34F627E013413A15AA8067D12F30B682642B5500DFA24E617D04C846A43A8469FC4FC029A89506D08D5E893985F00CD44A816AA419F34BFE617D04C846AA1BAF03A1E09E3B4572EFA24E617D04C846AA3C1505D08D367E3EBD86B197D12F30B682642B5D140A82E0FD34235FA24E617D04C846AA3CE509DCD6657C7631EE5615AA8469FC4FC029A89506DD4187BF7EE4D16DB9916AAD12731BF806622541B758E5A61DA303A3D7445EB2080662254F7CDF18FA1A1A1C7C26BF6B2E003580701CD44A86E78847FD2A2A35B8FF7E0858A1BC3B8245403D641403311AA1B0AD5D53ED7E9C77BF5967A859DEB4B4235601D043413A15AA86EFDCD5FE2CEF565AF5CC03A08682642B550ED6DCA01EB20A09908D542B5500D580701CD04A15AA806AC83009A89502D5403580701CD44A8764B3DA11AB00E029A89506D08D5807510D04C10AA856AC03A08A09908D54235807510D04C846A43A806AC83806622541B4235601D043413A15A9815AA01EB20806622540BD500D641403311AA0DA11AB00E029A89506D08D5807510D04C846A43A806AC83009A89502D5403580701CD44A816AA856AC03A08682642B5215403D641403311AA0DA11AB00E02682642B5500D601D043413A15AA806B00E029A89506D08D5807510D04C846A43A806AC83009A89502D5403580701CD44A816AA01AC83806622541B4235601D043413A1DA10AA01EB20806622540BD500D641403311AA856A00EB20A09908D586500D580701CD44A836846AC03A08A09908D54235807510D04C3AE8C08103C2AC500D5807013493564C4E4ECE4D4F4F0BB43D304E9E3CF94108D5335E95807510D04C52E6E0C183DF989898983F77EE9C60BBC4817A7C7C7C368C67BD2A01EB20A099A45008725BC6C6C6AEC4A307691D717ED3FCEF8F3BD40235601D043413CC2F803E096826985F007D12403331BF00E893806682F905D02701CD04F30BA04F029A09E617409F04D04CCC2F00FA24A099607E01F4494033C1FC02E893806682F905D027013413F30B803E096826985F007D12D04C30BF00FA24A099607E01F44900CDC4FC02A04F029A09E617409F043413CC2F803E096826985F007D12403331BF00FAA43E096826985F007D12D04C30BF00FA24A099607E01F4494033D14CCC2F803E09A099607E01F4494033C1FC02E893806682F905D02701CD84FE98CBB3713E6B8C2B9E2900EB20A09950792E476A85EA6C36BBC53305601D043413AACFE7F92AA1FAF28A152B96799600AC83806642F5F9ACB85B9DCBE5B67A8600AC838066427D73BAD8D9EA2B76A901AC83806642FD733AE22C35807510D04C687D5E4FDBA506B8A337BA4B12205453BF6C36BBBA6481D8E8190170972440A8A6B9B95DD891B14B0D705B6F74972440A8A6A1B91DB9FFFEFBCD2F40596F74972440A8A611F1D84752F808C0DFD73E774902846AEAF25818F3611C297C744610E0EF6B9FBB240142357507EAE2021177AAE7046B80DBD63F774902846AEA0ED4B53E0F3090DC250910AAA964638DE05C7CDCE2019071972440A8A6F9C06CC71A1858C3C3C3F764B3D91F87B56F2A97CBDD283B573D5B3812B22F7E9D670B10AA07CF6399C676A01BFD7A80548BB7CA0BEBDD853ADE4DB1F4F67A17F3F9FC4ECF1E20540F56A0DED2E4F709D6403F87E97B6BBCD94B3DE3D2030F3CF009CF2620540BD49DFA7E809E95CD667784356EAE34200F0F0F275BB76E4D0E1E3C98FCF9CF7F4E3EFCF0C324FADBDFFE969C3A752A3974E850F2DC73CF25232323E5C17ADEAE352054F7A75A172576FBCF01E8A540BDA53C4CEFD9B327999E9E4EEA71F1E2C585AF8FDF577624E405CF2E2054F75FA06ED7D10D3BD6403F05EA1D21FCDE0AC28F3EFAE8C2AE7433E2F76DD8B0E1B6606DC71A10AAFB43F959E8BBC278BEF0B111E5DFE78C35907A8533D4F3C500BC69D3A65B473C9A158F863CFDF4D3E54741EEF36C034275FA03F5969260FC5E1849E163BDC1BAD2F709D640DAD7B40BA53BD4AD06EAD2605DB6637DC9B30D08D5FD11A8A3E70BC1386920589706EAE2D855F2B833D6402A156E9B77EB0C75B3473EAA1D05293D63ED18082054A74FA5A0BB5840AE16ACEBFD7A67AC8134AE67B776A9E345869DB077EF5EBBD580509DF240BDB1C5A0DC6800771404E899B09CCBE5D655FB9AF80E88C58B13E36EF2850B173A12AAE35D414A6FB717CF709B2140A8EE7DF506DB5A81B9D1405DFAF7CF65EC58034BBC4E15C6856C36BB7AB1AF29BCF5F8C2D76DDFBE3DE9A4781FEB927FD33E330408D5E908D4F506DA4AC1F9EE2603759133D640AF84EAE2385FBE731D3E37557C7C6262A2A3A13ABE414CC9BFE5AC190284EAFE09D4D582F54C0B81BAD57F0F402742F5AD9DEB62B80E1F6F143FDFEE0B14CBC5775E2CF937DC34438050DD9B5ADD195E2C58B712A8CB83B533D640AF84EA5B3BD7A5FFBF5DB7D1AB767BBDD2BFCF0C01F5362BA3CB234CCB9116A7351EF928DFA19E297CBE1547CC8F6118BD3EBA41A80648CF4E75B33BC276AA8141D9FCB992CD66B7AC58B16259E9BB28DAA906A03CC03A530D08D555C274F16B9CA906A05690AD7767D8DD3F807E0FD597E3BB269686E992AF71F70F006A06EB5A81B653F7A91EC9B84F35B0F4A1FA8E9DE972EE530D402DB5768A3BFD8E8A5B4D01D0EBE23B2A1683AE775404205323E06E693128D7FBF50235903AF1BED5C5B0BB67CF9E8E84EABD7BF796EE525FF2AC03A44FDCB12E3F8AF17CA6F1231D8B05EB5D657F8F33D440EAC4F3D6A5BBD5EDBE6031FE79F1CF2DFE1DF97C7EA7671D20BDC1BAF4E2C5D280DCC8C58795BECF6DF380B407EB8BC5D0FBE8A38FB6EDF67AF1367A1B366CB86D97BADA196F007A5FF95190188877651ABF4D5EF9F7B57A7F6C805E08D5F786C03B570CBF9B366D6A3958C740FDF4D34F9706EAF97C3E7F9F671BA0FF8275AB163B5A02904AD96C7647E97DADE38E75B34741E2F795ED503BF60120587725A0032CB9107E779706E178163A5EBC18EFDE51EF5D3EE24589A567A8E308817DBF6717A0FFB47A64C3910FA06FC51DEB30E6CBC375BC8F757C8398B80B5D3C1A128F78C4774A8C6FECB263C78E647474B4FC5D1CE39FB3DBB30AD0FFC1BAD19D661725027DAF70C6FAC2226F75DEC8B8E40C35C06068F40887231FC040C966B3CF3611AE2FC5DD6977F90010AC173392F1C62EC0808AEFBC98CBE57E16C2F25418B36521FA661867E35B8F7BA74480C156EB8C74F12E1F02350000545169C7DA910F00006821580BD40000D042B03E2250030040F3E219EA24E3B6790000D092E59E020000000000000000000000000000000000000000000000186CFF0771866F1FE055F91E0000000049454E44AE426082, '1');

-- ----------------------------
-- Table structure for act_ge_property
-- ----------------------------
DROP TABLE IF EXISTS `act_ge_property`;
CREATE TABLE `act_ge_property` (
  `NAME_` varchar(64) COLLATE utf8_bin NOT NULL DEFAULT '',
  `VALUE_` varchar(300) COLLATE utf8_bin DEFAULT NULL,
  `REV_` int(11) DEFAULT NULL,
  PRIMARY KEY (`NAME_`)
) ENGINE=InnoDB DEFAULT CHARSET=utf8 COLLATE=utf8_bin;

-- ----------------------------
-- Records of act_ge_property
-- ----------------------------
INSERT INTO `act_ge_property` VALUES ('cfg.execution-related-entities-count', 'false', '1');
INSERT INTO `act_ge_property` VALUES ('next.dbid', '60001', '25');
INSERT INTO `act_ge_property` VALUES ('schema.history', 'create(6.0.0.4)', '1');
INSERT INTO `act_ge_property` VALUES ('schema.version', '6.0.0.4', '1');

-- ----------------------------
-- Table structure for act_hi_actinst
-- ----------------------------
DROP TABLE IF EXISTS `act_hi_actinst`;
CREATE TABLE `act_hi_actinst` (
  `ID_` varchar(64) COLLATE utf8_bin NOT NULL,
  `PROC_DEF_ID_` varchar(64) COLLATE utf8_bin NOT NULL,
  `PROC_INST_ID_` varchar(64) COLLATE utf8_bin NOT NULL,
  `EXECUTION_ID_` varchar(64) COLLATE utf8_bin NOT NULL,
  `ACT_ID_` varchar(255) COLLATE utf8_bin NOT NULL,
  `TASK_ID_` varchar(64) COLLATE utf8_bin DEFAULT NULL,
  `CALL_PROC_INST_ID_` varchar(64) COLLATE utf8_bin DEFAULT NULL,
  `ACT_NAME_` varchar(255) COLLATE utf8_bin DEFAULT NULL,
  `ACT_TYPE_` varchar(255) COLLATE utf8_bin NOT NULL,
  `ASSIGNEE_` varchar(255) COLLATE utf8_bin DEFAULT NULL,
  `START_TIME_` datetime NOT NULL,
  `END_TIME_` datetime DEFAULT NULL,
  `DURATION_` bigint(20) DEFAULT NULL,
  `DELETE_REASON_` varchar(4000) COLLATE utf8_bin DEFAULT NULL,
  `TENANT_ID_` varchar(255) COLLATE utf8_bin DEFAULT '',
  PRIMARY KEY (`ID_`),
  KEY `ACT_IDX_HI_ACT_INST_START` (`START_TIME_`) USING BTREE,
  KEY `ACT_IDX_HI_ACT_INST_END` (`END_TIME_`) USING BTREE,
  KEY `ACT_IDX_HI_ACT_INST_PROCINST` (`PROC_INST_ID_`,`ACT_ID_`) USING BTREE,
  KEY `ACT_IDX_HI_ACT_INST_EXEC` (`EXECUTION_ID_`,`ACT_ID_`) USING BTREE
) ENGINE=InnoDB DEFAULT CHARSET=utf8 COLLATE=utf8_bin;

-- ----------------------------
-- Records of act_hi_actinst
-- ----------------------------
INSERT INTO `act_hi_actinst` VALUES ('50005', 'leave:2:47508', '50001', '50004', 'startEvent', null, null, '', 'startEvent', null, '2020-02-28 21:46:23', '2020-02-28 21:46:23', '7', null, '');
INSERT INTO `act_hi_actinst` VALUES ('50006', 'leave:2:47508', '50001', '50004', 'deptLeaderVerify', '50007', null, '', 'userTask', 'axianlu', '2020-02-28 21:46:23', '2020-02-28 22:13:31', '1628749', null, '');
INSERT INTO `act_hi_actinst` VALUES ('50013', 'leave:2:47508', '50001', '50004', 'sid-D91B6C09-3366-4855-81C2-A86C6B4D7BE3', null, null, null, 'exclusiveGateway', null, '2020-02-28 22:13:31', '2020-02-28 22:13:31', '5', null, '');
INSERT INTO `act_hi_actinst` VALUES ('50014', 'leave:2:47508', '50001', '50004', 'hrVerify', '50015', null, '', 'userTask', 'rensm', '2020-02-28 22:13:31', '2020-02-29 20:04:10', '78639785', null, '');
INSERT INTO `act_hi_actinst` VALUES ('52504', 'leave:2:47508', '50001', '50004', 'sid-A3971A1E-BF6E-4298-9D72-0721689A5DFF', null, null, null, 'exclusiveGateway', null, '2020-02-29 20:04:10', '2020-02-29 20:04:10', '37', null, '');
INSERT INTO `act_hi_actinst` VALUES ('52505', 'leave:2:47508', '50001', '50004', 'reportBack', '52506', null, '', 'userTask', 'applyUserId', '2020-02-29 20:04:10', '2020-02-29 20:15:54', '704463', null, '');
INSERT INTO `act_hi_actinst` VALUES ('52510', 'leave:2:47508', '50001', '50004', 'endEvent', null, null, '', 'endEvent', null, '2020-02-29 20:15:54', '2020-02-29 20:15:54', '1', null, '');
INSERT INTO `act_hi_actinst` VALUES ('55009', 'leave:3:55004', '55005', '55008', 'startEvent', null, null, '', 'startEvent', null, '2020-02-29 20:24:53', '2020-02-29 20:24:53', '0', null, '');
INSERT INTO `act_hi_actinst` VALUES ('55010', 'leave:3:55004', '55005', '55008', 'deptLeaderVerify', '55011', null, '', 'userTask', 'axianlu', '2020-02-29 20:24:53', '2020-02-29 20:25:27', '34991', null, '');
INSERT INTO `act_hi_actinst` VALUES ('55017', 'leave:3:55004', '55005', '55008', 'sid-D91B6C09-3366-4855-81C2-A86C6B4D7BE3', null, null, null, 'exclusiveGateway', null, '2020-02-29 20:25:27', '2020-02-29 20:25:27', '7', null, '');
INSERT INTO `act_hi_actinst` VALUES ('55018', 'leave:3:55004', '55005', '55008', 'modifyApply', '55019', null, '', 'userTask', 'chengxy', '2020-02-29 20:25:28', '2020-02-29 20:26:10', '42751', null, '');
INSERT INTO `act_hi_actinst` VALUES ('55021', 'leave:3:55004', '55005', '55008', 'sid-8C85CFAE-3177-4773-AE82-196EE9A7B96D', null, null, null, 'exclusiveGateway', null, '2020-02-29 20:26:10', '2020-02-29 20:26:10', '0', null, '');
INSERT INTO `act_hi_actinst` VALUES ('55022', 'leave:3:55004', '55005', '55008', 'deptLeaderVerify', '55023', null, '', 'userTask', 'axianlu', '2020-02-29 20:26:10', '2020-02-29 20:26:36', '26950', null, '');
INSERT INTO `act_hi_actinst` VALUES ('55026', 'leave:3:55004', '55005', '55008', 'sid-D91B6C09-3366-4855-81C2-A86C6B4D7BE3', null, null, null, 'exclusiveGateway', null, '2020-02-29 20:26:36', '2020-02-29 20:26:36', '0', null, '');
INSERT INTO `act_hi_actinst` VALUES ('55027', 'leave:3:55004', '55005', '55008', 'hrVerify', '55028', null, '', 'userTask', 'rensm', '2020-02-29 20:26:36', '2020-02-29 20:27:09', '33778', null, '');
INSERT INTO `act_hi_actinst` VALUES ('55033', 'leave:3:55004', '55005', '55008', 'sid-A3971A1E-BF6E-4298-9D72-0721689A5DFF', null, null, null, 'exclusiveGateway', null, '2020-02-29 20:27:09', '2020-02-29 20:27:09', '0', null, '');
INSERT INTO `act_hi_actinst` VALUES ('55034', 'leave:3:55004', '55005', '55008', 'reportBack', '55035', null, '', 'userTask', 'chengxy', '2020-02-29 20:27:09', '2020-02-29 20:28:20', '71864', null, '');
INSERT INTO `act_hi_actinst` VALUES ('55038', 'leave:3:55004', '55005', '55008', 'endEvent', null, null, '', 'endEvent', null, '2020-02-29 20:28:20', '2020-02-29 20:28:20', '0', null, '');
INSERT INTO `act_hi_actinst` VALUES ('57505', 'leave:3:55004', '57501', '57504', 'startEvent', null, null, '', 'startEvent', null, '2020-02-29 20:33:39', '2020-02-29 20:33:39', '2', null, '');
INSERT INTO `act_hi_actinst` VALUES ('57506', 'leave:3:55004', '57501', '57504', 'deptLeaderVerify', '57507', null, '', 'userTask', 'axianlu', '2020-02-29 20:33:39', '2020-02-29 20:34:26', '47538', null, '');
INSERT INTO `act_hi_actinst` VALUES ('57513', 'leave:3:55004', '57501', '57504', 'sid-D91B6C09-3366-4855-81C2-A86C6B4D7BE3', null, null, null, 'exclusiveGateway', null, '2020-02-29 20:34:26', '2020-02-29 20:34:26', '5', null, '');
INSERT INTO `act_hi_actinst` VALUES ('57514', 'leave:3:55004', '57501', '57504', 'hrVerify', '57515', null, '', 'userTask', 'rensm', '2020-02-29 20:34:26', '2020-02-29 20:34:57', '31098', null, '');
INSERT INTO `act_hi_actinst` VALUES ('57520', 'leave:3:55004', '57501', '57504', 'sid-A3971A1E-BF6E-4298-9D72-0721689A5DFF', null, null, null, 'exclusiveGateway', null, '2020-02-29 20:34:57', '2020-02-29 20:34:57', '0', null, '');
INSERT INTO `act_hi_actinst` VALUES ('57521', 'leave:3:55004', '57501', '57504', 'reportBack', '57522', null, '', 'userTask', 'chengxy', '2020-02-29 20:34:57', '2020-02-29 20:35:31', '34173', null, '');
INSERT INTO `act_hi_actinst` VALUES ('57525', 'leave:3:55004', '57501', '57504', 'endEvent', null, null, '', 'endEvent', null, '2020-02-29 20:35:31', '2020-02-29 20:35:31', '0', null, '');

-- ----------------------------
-- Table structure for act_hi_attachment
-- ----------------------------
DROP TABLE IF EXISTS `act_hi_attachment`;
CREATE TABLE `act_hi_attachment` (
  `ID_` varchar(64) COLLATE utf8_bin NOT NULL,
  `REV_` int(11) DEFAULT NULL,
  `USER_ID_` varchar(255) COLLATE utf8_bin DEFAULT NULL,
  `NAME_` varchar(255) COLLATE utf8_bin DEFAULT NULL,
  `DESCRIPTION_` varchar(4000) COLLATE utf8_bin DEFAULT NULL,
  `TYPE_` varchar(255) COLLATE utf8_bin DEFAULT NULL,
  `TASK_ID_` varchar(64) COLLATE utf8_bin DEFAULT NULL,
  `PROC_INST_ID_` varchar(64) COLLATE utf8_bin DEFAULT NULL,
  `URL_` varchar(4000) COLLATE utf8_bin DEFAULT NULL,
  `CONTENT_ID_` varchar(64) COLLATE utf8_bin DEFAULT NULL,
  `TIME_` datetime DEFAULT NULL,
  PRIMARY KEY (`ID_`)
) ENGINE=InnoDB DEFAULT CHARSET=utf8 COLLATE=utf8_bin;

-- ----------------------------
-- Records of act_hi_attachment
-- ----------------------------

-- ----------------------------
-- Table structure for act_hi_comment
-- ----------------------------
DROP TABLE IF EXISTS `act_hi_comment`;
CREATE TABLE `act_hi_comment` (
  `ID_` varchar(64) COLLATE utf8_bin NOT NULL,
  `TYPE_` varchar(255) COLLATE utf8_bin DEFAULT NULL,
  `TIME_` datetime NOT NULL,
  `USER_ID_` varchar(255) COLLATE utf8_bin DEFAULT NULL,
  `TASK_ID_` varchar(64) COLLATE utf8_bin DEFAULT NULL,
  `PROC_INST_ID_` varchar(64) COLLATE utf8_bin DEFAULT NULL,
  `ACTION_` varchar(255) COLLATE utf8_bin DEFAULT NULL,
  `MESSAGE_` varchar(4000) COLLATE utf8_bin DEFAULT NULL,
  `FULL_MSG_` longblob,
  PRIMARY KEY (`ID_`)
) ENGINE=InnoDB DEFAULT CHARSET=utf8 COLLATE=utf8_bin;

-- ----------------------------
-- Records of act_hi_comment
-- ----------------------------
INSERT INTO `act_hi_comment` VALUES ('50009', 'comment', '2020-02-28 22:13:31', 'axianlu', '50007', '50001', 'AddComment', '', 0xE5A791E4B894E5908CE6848FE38082);
INSERT INTO `act_hi_comment` VALUES ('52501', 'comment', '2020-02-29 20:04:10', 'rensm', '50015', '50001', 'AddComment', '', 0xE58786E4BA86E38082);
INSERT INTO `act_hi_comment` VALUES ('55013', 'comment', '2020-02-29 20:25:27', 'axianlu', '55011', '55005', 'AddComment', '', 0xE4BDA0E8BF99E4B988E58FBCEFBC8CE4BDA0E5AEB6E4BABAE79FA5E98193E59097EFBC9F);
INSERT INTO `act_hi_comment` VALUES ('55025', 'comment', '2020-02-29 20:26:36', 'axianlu', '55023', '55005', 'AddComment', '', 0xE4BDA0E7899BEFBC8CE68891E69C8DE4BA86);
INSERT INTO `act_hi_comment` VALUES ('55030', 'comment', '2020-02-29 20:27:09', 'rensm', '55028', '55005', 'AddComment', '', 0xE5908CE6848FE4BA86);
INSERT INTO `act_hi_comment` VALUES ('57509', 'comment', '2020-02-29 20:34:26', 'axianlu', '57507', '57501', 'AddComment', '', 0xE78EB0E59CA8E4BDA0E698AFE88081E5A4A7EFBC8CE8AFB4E4BB80E4B988E983BDE5AFB9);
INSERT INTO `act_hi_comment` VALUES ('57517', 'comment', '2020-02-29 20:34:57', 'rensm', '57515', '57501', 'AddComment', '', 0xE5AFB9E5AFB9E5AFB9);

-- ----------------------------
-- Table structure for act_hi_detail
-- ----------------------------
DROP TABLE IF EXISTS `act_hi_detail`;
CREATE TABLE `act_hi_detail` (
  `ID_` varchar(64) COLLATE utf8_bin NOT NULL,
  `TYPE_` varchar(255) COLLATE utf8_bin NOT NULL,
  `PROC_INST_ID_` varchar(64) COLLATE utf8_bin DEFAULT NULL,
  `EXECUTION_ID_` varchar(64) COLLATE utf8_bin DEFAULT NULL,
  `TASK_ID_` varchar(64) COLLATE utf8_bin DEFAULT NULL,
  `ACT_INST_ID_` varchar(64) COLLATE utf8_bin DEFAULT NULL,
  `NAME_` varchar(255) COLLATE utf8_bin NOT NULL,
  `VAR_TYPE_` varchar(255) COLLATE utf8_bin DEFAULT NULL,
  `REV_` int(11) DEFAULT NULL,
  `TIME_` datetime NOT NULL,
  `BYTEARRAY_ID_` varchar(64) COLLATE utf8_bin DEFAULT NULL,
  `DOUBLE_` double DEFAULT NULL,
  `LONG_` bigint(20) DEFAULT NULL,
  `TEXT_` varchar(4000) COLLATE utf8_bin DEFAULT NULL,
  `TEXT2_` varchar(4000) COLLATE utf8_bin DEFAULT NULL,
  PRIMARY KEY (`ID_`),
  KEY `ACT_IDX_HI_DETAIL_PROC_INST` (`PROC_INST_ID_`) USING BTREE,
  KEY `ACT_IDX_HI_DETAIL_ACT_INST` (`ACT_INST_ID_`) USING BTREE,
  KEY `ACT_IDX_HI_DETAIL_TIME` (`TIME_`) USING BTREE,
  KEY `ACT_IDX_HI_DETAIL_NAME` (`NAME_`) USING BTREE,
  KEY `ACT_IDX_HI_DETAIL_TASK_ID` (`TASK_ID_`) USING BTREE
) ENGINE=InnoDB DEFAULT CHARSET=utf8 COLLATE=utf8_bin;

-- ----------------------------
-- Records of act_hi_detail
-- ----------------------------

-- ----------------------------
-- Table structure for act_hi_identitylink
-- ----------------------------
DROP TABLE IF EXISTS `act_hi_identitylink`;
CREATE TABLE `act_hi_identitylink` (
  `ID_` varchar(64) COLLATE utf8_bin NOT NULL DEFAULT '',
  `GROUP_ID_` varchar(255) COLLATE utf8_bin DEFAULT NULL,
  `TYPE_` varchar(255) COLLATE utf8_bin DEFAULT NULL,
  `USER_ID_` varchar(255) COLLATE utf8_bin DEFAULT NULL,
  `TASK_ID_` varchar(64) COLLATE utf8_bin DEFAULT NULL,
  `PROC_INST_ID_` varchar(64) COLLATE utf8_bin DEFAULT NULL,
  PRIMARY KEY (`ID_`),
  KEY `ACT_IDX_HI_IDENT_LNK_USER` (`USER_ID_`) USING BTREE,
  KEY `ACT_IDX_HI_IDENT_LNK_TASK` (`TASK_ID_`) USING BTREE,
  KEY `ACT_IDX_HI_IDENT_LNK_PROCINST` (`PROC_INST_ID_`) USING BTREE
) ENGINE=InnoDB DEFAULT CHARSET=utf8 COLLATE=utf8_bin;

-- ----------------------------
-- Records of act_hi_identitylink
-- ----------------------------
INSERT INTO `act_hi_identitylink` VALUES ('50003', null, 'starter', 'chengxy', null, '50001');
INSERT INTO `act_hi_identitylink` VALUES ('50008', 'deptLeader', 'candidate', null, '50007', null);
INSERT INTO `act_hi_identitylink` VALUES ('50010', null, 'participant', 'axianlu', null, '50001');
INSERT INTO `act_hi_identitylink` VALUES ('50016', 'hr', 'candidate', null, '50015', null);
INSERT INTO `act_hi_identitylink` VALUES ('52502', null, 'participant', 'rensm', null, '50001');
INSERT INTO `act_hi_identitylink` VALUES ('52507', null, 'participant', 'applyUserId', null, '50001');
INSERT INTO `act_hi_identitylink` VALUES ('55007', null, 'starter', 'chengxy', null, '55005');
INSERT INTO `act_hi_identitylink` VALUES ('55012', 'deptLeader', 'candidate', null, '55011', null);
INSERT INTO `act_hi_identitylink` VALUES ('55014', null, 'participant', 'axianlu', null, '55005');
INSERT INTO `act_hi_identitylink` VALUES ('55024', 'deptLeader', 'candidate', null, '55023', null);
INSERT INTO `act_hi_identitylink` VALUES ('55029', 'hr', 'candidate', null, '55028', null);
INSERT INTO `act_hi_identitylink` VALUES ('55031', null, 'participant', 'rensm', null, '55005');
INSERT INTO `act_hi_identitylink` VALUES ('57503', null, 'starter', 'chengxy', null, '57501');
INSERT INTO `act_hi_identitylink` VALUES ('57508', 'deptLeader', 'candidate', null, '57507', null);
INSERT INTO `act_hi_identitylink` VALUES ('57510', null, 'participant', 'axianlu', null, '57501');
INSERT INTO `act_hi_identitylink` VALUES ('57516', 'hr', 'candidate', null, '57515', null);
INSERT INTO `act_hi_identitylink` VALUES ('57518', null, 'participant', 'rensm', null, '57501');

-- ----------------------------
-- Table structure for act_hi_procinst
-- ----------------------------
DROP TABLE IF EXISTS `act_hi_procinst`;
CREATE TABLE `act_hi_procinst` (
  `ID_` varchar(64) COLLATE utf8_bin NOT NULL,
  `PROC_INST_ID_` varchar(64) COLLATE utf8_bin NOT NULL,
  `BUSINESS_KEY_` varchar(255) COLLATE utf8_bin DEFAULT NULL,
  `PROC_DEF_ID_` varchar(64) COLLATE utf8_bin NOT NULL,
  `START_TIME_` datetime NOT NULL,
  `END_TIME_` datetime DEFAULT NULL,
  `DURATION_` bigint(20) DEFAULT NULL,
  `START_USER_ID_` varchar(255) COLLATE utf8_bin DEFAULT NULL,
  `START_ACT_ID_` varchar(255) COLLATE utf8_bin DEFAULT NULL,
  `END_ACT_ID_` varchar(255) COLLATE utf8_bin DEFAULT NULL,
  `SUPER_PROCESS_INSTANCE_ID_` varchar(64) COLLATE utf8_bin DEFAULT NULL,
  `DELETE_REASON_` varchar(4000) COLLATE utf8_bin DEFAULT NULL,
  `TENANT_ID_` varchar(255) COLLATE utf8_bin DEFAULT '',
  `NAME_` varchar(255) COLLATE utf8_bin DEFAULT NULL,
  PRIMARY KEY (`ID_`),
  UNIQUE KEY `PROC_INST_ID_` (`PROC_INST_ID_`) USING BTREE,
  KEY `ACT_IDX_HI_PRO_INST_END` (`END_TIME_`) USING BTREE,
  KEY `ACT_IDX_HI_PRO_I_BUSKEY` (`BUSINESS_KEY_`) USING BTREE
) ENGINE=InnoDB DEFAULT CHARSET=utf8 COLLATE=utf8_bin;

-- ----------------------------
-- Records of act_hi_procinst
-- ----------------------------
INSERT INTO `act_hi_procinst` VALUES ('50001', '50001', '20', 'leave:2:47508', '2020-02-28 21:46:22', '2020-02-29 20:15:54', '80972525', 'chengxy', 'startEvent', 'endEvent', null, null, '', null);
INSERT INTO `act_hi_procinst` VALUES ('55005', '55005', '21', 'leave:3:55004', '2020-02-29 20:24:53', '2020-02-29 20:28:20', '207870', 'chengxy', 'startEvent', 'endEvent', null, null, '', null);
INSERT INTO `act_hi_procinst` VALUES ('57501', '57501', '22', 'leave:3:55004', '2020-02-29 20:33:39', '2020-02-29 20:35:31', '112185', 'chengxy', 'startEvent', 'endEvent', null, null, '', null);

-- ----------------------------
-- Table structure for act_hi_taskinst
-- ----------------------------
DROP TABLE IF EXISTS `act_hi_taskinst`;
CREATE TABLE `act_hi_taskinst` (
  `ID_` varchar(64) COLLATE utf8_bin NOT NULL,
  `PROC_DEF_ID_` varchar(64) COLLATE utf8_bin DEFAULT NULL,
  `TASK_DEF_KEY_` varchar(255) COLLATE utf8_bin DEFAULT NULL,
  `PROC_INST_ID_` varchar(64) COLLATE utf8_bin DEFAULT NULL,
  `EXECUTION_ID_` varchar(64) COLLATE utf8_bin DEFAULT NULL,
  `NAME_` varchar(255) COLLATE utf8_bin DEFAULT NULL,
  `PARENT_TASK_ID_` varchar(64) COLLATE utf8_bin DEFAULT NULL,
  `DESCRIPTION_` varchar(4000) COLLATE utf8_bin DEFAULT NULL,
  `OWNER_` varchar(255) COLLATE utf8_bin DEFAULT NULL,
  `ASSIGNEE_` varchar(255) COLLATE utf8_bin DEFAULT NULL,
  `START_TIME_` datetime NOT NULL,
  `CLAIM_TIME_` datetime DEFAULT NULL,
  `END_TIME_` datetime DEFAULT NULL,
  `DURATION_` bigint(20) DEFAULT NULL,
  `DELETE_REASON_` varchar(4000) COLLATE utf8_bin DEFAULT NULL,
  `PRIORITY_` int(11) DEFAULT NULL,
  `DUE_DATE_` datetime DEFAULT NULL,
  `FORM_KEY_` varchar(255) COLLATE utf8_bin DEFAULT NULL,
  `CATEGORY_` varchar(255) COLLATE utf8_bin DEFAULT NULL,
  `TENANT_ID_` varchar(255) COLLATE utf8_bin DEFAULT '',
  PRIMARY KEY (`ID_`),
  KEY `ACT_IDX_HI_TASK_INST_PROCINST` (`PROC_INST_ID_`) USING BTREE
) ENGINE=InnoDB DEFAULT CHARSET=utf8 COLLATE=utf8_bin;

-- ----------------------------
-- Records of act_hi_taskinst
-- ----------------------------
INSERT INTO `act_hi_taskinst` VALUES ('50007', 'leave:2:47508', 'deptLeaderVerify', '50001', '50004', '', null, null, null, 'axianlu', '2020-02-28 21:46:23', '2020-02-28 22:13:31', '2020-02-28 22:13:31', '1628746', null, '50', null, null, null, '');
INSERT INTO `act_hi_taskinst` VALUES ('50015', 'leave:2:47508', 'hrVerify', '50001', '50004', '', null, null, null, 'rensm', '2020-02-28 22:13:31', '2020-02-29 20:04:10', '2020-02-29 20:04:10', '78639776', null, '50', null, null, null, '');
INSERT INTO `act_hi_taskinst` VALUES ('52506', 'leave:2:47508', 'reportBack', '50001', '50004', '', null, null, null, 'applyUserId', '2020-02-29 20:04:10', '2020-02-29 20:12:48', '2020-02-29 20:15:54', '704454', null, '50', null, null, null, '');
INSERT INTO `act_hi_taskinst` VALUES ('55011', 'leave:3:55004', 'deptLeaderVerify', '55005', '55008', '', null, null, null, 'axianlu', '2020-02-29 20:24:53', '2020-02-29 20:25:27', '2020-02-29 20:25:27', '34990', null, '50', null, null, null, '');
INSERT INTO `act_hi_taskinst` VALUES ('55019', 'leave:3:55004', 'modifyApply', '55005', '55008', '', null, null, null, 'chengxy', '2020-02-29 20:25:28', '2020-02-29 20:26:10', '2020-02-29 20:26:10', '42750', null, '50', null, null, null, '');
INSERT INTO `act_hi_taskinst` VALUES ('55023', 'leave:3:55004', 'deptLeaderVerify', '55005', '55008', '', null, null, null, 'axianlu', '2020-02-29 20:26:10', '2020-02-29 20:26:36', '2020-02-29 20:26:36', '26949', null, '50', null, null, null, '');
INSERT INTO `act_hi_taskinst` VALUES ('55028', 'leave:3:55004', 'hrVerify', '55005', '55008', '', null, null, null, 'rensm', '2020-02-29 20:26:36', '2020-02-29 20:27:09', '2020-02-29 20:27:09', '33775', null, '50', null, null, null, '');
INSERT INTO `act_hi_taskinst` VALUES ('55035', 'leave:3:55004', 'reportBack', '55005', '55008', '', null, null, null, 'chengxy', '2020-02-29 20:27:09', '2020-02-29 20:28:20', '2020-02-29 20:28:20', '71862', null, '50', null, null, null, '');
INSERT INTO `act_hi_taskinst` VALUES ('57507', 'leave:3:55004', 'deptLeaderVerify', '57501', '57504', '', null, null, null, 'axianlu', '2020-02-29 20:33:39', '2020-02-29 20:34:26', '2020-02-29 20:34:26', '47535', null, '50', null, null, null, '');
INSERT INTO `act_hi_taskinst` VALUES ('57515', 'leave:3:55004', 'hrVerify', '57501', '57504', '', null, null, null, 'rensm', '2020-02-29 20:34:26', '2020-02-29 20:34:57', '2020-02-29 20:34:57', '31097', null, '50', null, null, null, '');
INSERT INTO `act_hi_taskinst` VALUES ('57522', 'leave:3:55004', 'reportBack', '57501', '57504', '', null, null, null, 'chengxy', '2020-02-29 20:34:57', '2020-02-29 20:35:31', '2020-02-29 20:35:31', '34171', null, '50', null, null, null, '');

-- ----------------------------
-- Table structure for act_hi_varinst
-- ----------------------------
DROP TABLE IF EXISTS `act_hi_varinst`;
CREATE TABLE `act_hi_varinst` (
  `ID_` varchar(64) COLLATE utf8_bin NOT NULL,
  `PROC_INST_ID_` varchar(64) COLLATE utf8_bin DEFAULT NULL,
  `EXECUTION_ID_` varchar(64) COLLATE utf8_bin DEFAULT NULL,
  `TASK_ID_` varchar(64) COLLATE utf8_bin DEFAULT NULL,
  `NAME_` varchar(255) COLLATE utf8_bin NOT NULL,
  `VAR_TYPE_` varchar(100) COLLATE utf8_bin DEFAULT NULL,
  `REV_` int(11) DEFAULT NULL,
  `BYTEARRAY_ID_` varchar(64) COLLATE utf8_bin DEFAULT NULL,
  `DOUBLE_` double DEFAULT NULL,
  `LONG_` bigint(20) DEFAULT NULL,
  `TEXT_` varchar(4000) COLLATE utf8_bin DEFAULT NULL,
  `TEXT2_` varchar(4000) COLLATE utf8_bin DEFAULT NULL,
  `CREATE_TIME_` datetime DEFAULT NULL,
  `LAST_UPDATED_TIME_` datetime DEFAULT NULL,
  PRIMARY KEY (`ID_`),
  KEY `ACT_IDX_HI_PROCVAR_PROC_INST` (`PROC_INST_ID_`) USING BTREE,
  KEY `ACT_IDX_HI_PROCVAR_NAME_TYPE` (`NAME_`,`VAR_TYPE_`) USING BTREE,
  KEY `ACT_IDX_HI_PROCVAR_TASK_ID` (`TASK_ID_`) USING BTREE
) ENGINE=InnoDB DEFAULT CHARSET=utf8 COLLATE=utf8_bin;

-- ----------------------------
-- Records of act_hi_varinst
-- ----------------------------
INSERT INTO `act_hi_varinst` VALUES ('50002', '50001', '50001', null, 'applyUserId', 'string', '0', null, null, null, 'chengxy', null, '2020-02-28 21:46:22', '2020-02-28 21:46:22');
INSERT INTO `act_hi_varinst` VALUES ('50011', '50001', '50001', null, 'comment', 'string', '1', null, null, null, '', null, '2020-02-28 22:13:31', '2020-02-29 20:04:10');
INSERT INTO `act_hi_varinst` VALUES ('50012', '50001', '50001', null, 'deptLeaderApproved', 'boolean', '0', null, null, '1', null, null, '2020-02-28 22:13:31', '2020-02-28 22:13:31');
INSERT INTO `act_hi_varinst` VALUES ('52503', '50001', '50001', null, 'hrApproved', 'boolean', '0', null, null, '1', null, null, '2020-02-29 20:04:10', '2020-02-29 20:04:10');
INSERT INTO `act_hi_varinst` VALUES ('52508', '50001', '50001', null, 'realityEndTime', 'date', '0', null, null, '1582909200000', null, null, '2020-02-29 20:12:48', '2020-02-29 20:12:48');
INSERT INTO `act_hi_varinst` VALUES ('52509', '50001', '50001', null, 'realityStartTime', 'date', '0', null, null, '1582905600000', null, null, '2020-02-29 20:12:48', '2020-02-29 20:12:48');
INSERT INTO `act_hi_varinst` VALUES ('55006', '55005', '55005', null, 'applyUserId', 'string', '0', null, null, null, 'chengxy', null, '2020-02-29 20:24:53', '2020-02-29 20:24:53');
INSERT INTO `act_hi_varinst` VALUES ('55015', '55005', '55005', null, 'comment', 'string', '2', null, null, null, '', null, '2020-02-29 20:25:27', '2020-02-29 20:27:09');
INSERT INTO `act_hi_varinst` VALUES ('55016', '55005', '55005', null, 'deptLeaderApproved', 'boolean', '1', null, null, '1', null, null, '2020-02-29 20:25:27', '2020-02-29 20:26:36');
INSERT INTO `act_hi_varinst` VALUES ('55020', '55005', '55005', null, 'reApply', 'boolean', '0', null, null, '1', null, null, '2020-02-29 20:26:10', '2020-02-29 20:26:10');
INSERT INTO `act_hi_varinst` VALUES ('55032', '55005', '55005', null, 'hrApproved', 'boolean', '0', null, null, '1', null, null, '2020-02-29 20:27:09', '2020-02-29 20:27:09');
INSERT INTO `act_hi_varinst` VALUES ('55036', '55005', '55005', null, 'realityEndTime', 'date', '0', null, null, '1582991700000', null, null, '2020-02-29 20:28:20', '2020-02-29 20:28:20');
INSERT INTO `act_hi_varinst` VALUES ('55037', '55005', '55005', null, 'realityStartTime', 'date', '0', null, null, '1582981200000', null, null, '2020-02-29 20:28:20', '2020-02-29 20:28:20');
INSERT INTO `act_hi_varinst` VALUES ('57502', '57501', '57501', null, 'applyUserId', 'string', '0', null, null, null, 'chengxy', null, '2020-02-29 20:33:39', '2020-02-29 20:33:39');
INSERT INTO `act_hi_varinst` VALUES ('57511', '57501', '57501', null, 'comment', 'string', '1', null, null, null, '', null, '2020-02-29 20:34:26', '2020-02-29 20:34:57');
INSERT INTO `act_hi_varinst` VALUES ('57512', '57501', '57501', null, 'deptLeaderApproved', 'boolean', '0', null, null, '1', null, null, '2020-02-29 20:34:26', '2020-02-29 20:34:26');
INSERT INTO `act_hi_varinst` VALUES ('57519', '57501', '57501', null, 'hrApproved', 'boolean', '0', null, null, '1', null, null, '2020-02-29 20:34:57', '2020-02-29 20:34:57');
INSERT INTO `act_hi_varinst` VALUES ('57523', '57501', '57501', null, 'realityEndTime', 'date', '0', null, null, '1582991700000', null, null, '2020-02-29 20:35:31', '2020-02-29 20:35:31');
INSERT INTO `act_hi_varinst` VALUES ('57524', '57501', '57501', null, 'realityStartTime', 'date', '0', null, null, '1582988100000', null, null, '2020-02-29 20:35:31', '2020-02-29 20:35:31');

-- ----------------------------
-- Table structure for act_id_group
-- ----------------------------
DROP TABLE IF EXISTS `act_id_group`;
CREATE TABLE `act_id_group` (
  `ID_` varchar(64) COLLATE utf8_bin NOT NULL DEFAULT '',
  `REV_` int(11) DEFAULT NULL,
  `NAME_` varchar(255) COLLATE utf8_bin DEFAULT NULL,
  `TYPE_` varchar(255) COLLATE utf8_bin DEFAULT NULL,
  PRIMARY KEY (`ID_`)
) ENGINE=InnoDB DEFAULT CHARSET=utf8 COLLATE=utf8_bin;

-- ----------------------------
-- Records of act_id_group
-- ----------------------------
INSERT INTO `act_id_group` VALUES ('deptLeader', null, '', null);
INSERT INTO `act_id_group` VALUES ('hr', null, '', null);

-- ----------------------------
-- Table structure for act_id_info
-- ----------------------------
DROP TABLE IF EXISTS `act_id_info`;
CREATE TABLE `act_id_info` (
  `ID_` varchar(64) COLLATE utf8_bin NOT NULL DEFAULT '',
  `REV_` int(11) DEFAULT NULL,
  `USER_ID_` varchar(64) COLLATE utf8_bin DEFAULT NULL,
  `TYPE_` varchar(64) COLLATE utf8_bin DEFAULT NULL,
  `KEY_` varchar(255) COLLATE utf8_bin DEFAULT NULL,
  `VALUE_` varchar(255) COLLATE utf8_bin DEFAULT NULL,
  `PASSWORD_` longblob,
  `PARENT_ID_` varchar(255) COLLATE utf8_bin DEFAULT NULL,
  PRIMARY KEY (`ID_`)
) ENGINE=InnoDB DEFAULT CHARSET=utf8 COLLATE=utf8_bin;

-- ----------------------------
-- Records of act_id_info
-- ----------------------------

-- ----------------------------
-- Table structure for act_id_membership
-- ----------------------------
DROP TABLE IF EXISTS `act_id_membership`;
CREATE TABLE `act_id_membership` (
  `USER_ID_` varchar(64) COLLATE utf8_bin NOT NULL DEFAULT '',
  `GROUP_ID_` varchar(64) COLLATE utf8_bin NOT NULL DEFAULT '',
  PRIMARY KEY (`USER_ID_`,`GROUP_ID_`),
  KEY `ACT_FK_MEMB_GROUP` (`GROUP_ID_`),
  CONSTRAINT `ACT_FK_MEMB_GROUP` FOREIGN KEY (`GROUP_ID_`) REFERENCES `act_id_group` (`ID_`),
  CONSTRAINT `ACT_FK_MEMB_USER` FOREIGN KEY (`USER_ID_`) REFERENCES `act_id_user` (`ID_`)
) ENGINE=InnoDB DEFAULT CHARSET=utf8 COLLATE=utf8_bin;

-- ----------------------------
-- Records of act_id_membership
-- ----------------------------
INSERT INTO `act_id_membership` VALUES ('axianlu', 'deptLeader');
INSERT INTO `act_id_membership` VALUES ('rensm', 'hr');
INSERT INTO `act_id_membership` VALUES ('ry', 'hr');

-- ----------------------------
-- Table structure for act_id_user
-- ----------------------------
DROP TABLE IF EXISTS `act_id_user`;
CREATE TABLE `act_id_user` (
  `ID_` varchar(64) COLLATE utf8_bin NOT NULL DEFAULT '',
  `REV_` int(11) DEFAULT NULL,
  `FIRST_` varchar(255) COLLATE utf8_bin DEFAULT NULL,
  `LAST_` varchar(255) COLLATE utf8_bin DEFAULT NULL,
  `EMAIL_` varchar(255) COLLATE utf8_bin DEFAULT NULL,
  `PWD_` varchar(255) COLLATE utf8_bin DEFAULT NULL,
  `PICTURE_ID_` varchar(64) COLLATE utf8_bin DEFAULT NULL,
  PRIMARY KEY (`ID_`)
) ENGINE=InnoDB DEFAULT CHARSET=utf8 COLLATE=utf8_bin;

-- ----------------------------
-- Records of act_id_user
-- ----------------------------
INSERT INTO `act_id_user` VALUES ('axianlu', null, '', null, null, null, null);
INSERT INTO `act_id_user` VALUES ('chengxy', null, '', null, null, null, null);
INSERT INTO `act_id_user` VALUES ('rensm', null, '', null, null, null, null);
INSERT INTO `act_id_user` VALUES ('ry', null, '', null, null, null, null);

-- ----------------------------
-- Table structure for act_procdef_info
-- ----------------------------
DROP TABLE IF EXISTS `act_procdef_info`;
CREATE TABLE `act_procdef_info` (
  `ID_` varchar(64) COLLATE utf8_bin NOT NULL,
  `PROC_DEF_ID_` varchar(64) COLLATE utf8_bin NOT NULL,
  `REV_` int(11) DEFAULT NULL,
  `INFO_JSON_ID_` varchar(64) COLLATE utf8_bin DEFAULT NULL,
  PRIMARY KEY (`ID_`),
  UNIQUE KEY `ACT_UNIQ_INFO_PROCDEF` (`PROC_DEF_ID_`) USING BTREE,
  KEY `ACT_IDX_INFO_PROCDEF` (`PROC_DEF_ID_`) USING BTREE,
  KEY `ACT_FK_INFO_JSON_BA` (`INFO_JSON_ID_`) USING BTREE,
  CONSTRAINT `act_procdef_info_ibfk_1` FOREIGN KEY (`INFO_JSON_ID_`) REFERENCES `act_ge_bytearray` (`ID_`),
  CONSTRAINT `act_procdef_info_ibfk_2` FOREIGN KEY (`PROC_DEF_ID_`) REFERENCES `act_re_procdef` (`ID_`)
) ENGINE=InnoDB DEFAULT CHARSET=utf8 COLLATE=utf8_bin;

-- ----------------------------
-- Records of act_procdef_info
-- ----------------------------

-- ----------------------------
-- Table structure for act_re_deployment
-- ----------------------------
DROP TABLE IF EXISTS `act_re_deployment`;
CREATE TABLE `act_re_deployment` (
  `ID_` varchar(64) COLLATE utf8_bin NOT NULL DEFAULT '',
  `NAME_` varchar(255) COLLATE utf8_bin DEFAULT NULL,
  `CATEGORY_` varchar(255) COLLATE utf8_bin DEFAULT NULL,
  `KEY_` varchar(255) COLLATE utf8_bin DEFAULT NULL,
  `TENANT_ID_` varchar(255) COLLATE utf8_bin DEFAULT '',
  `DEPLOY_TIME_` timestamp NULL DEFAULT NULL,
  `ENGINE_VERSION_` varchar(255) COLLATE utf8_bin DEFAULT NULL,
  PRIMARY KEY (`ID_`)
) ENGINE=InnoDB DEFAULT CHARSET=utf8 COLLATE=utf8_bin;

-- ----------------------------
-- Records of act_re_deployment
-- ----------------------------
INSERT INTO `act_re_deployment` VALUES ('47501', null, null, null, '', '2020-02-26 22:38:02', null);
INSERT INTO `act_re_deployment` VALUES ('47505', '', null, null, '', '2020-02-26 22:41:48', null);
INSERT INTO `act_re_deployment` VALUES ('55001', '', null, null, '', '2020-02-29 20:23:26', null);

-- ----------------------------
-- Table structure for act_re_model
-- ----------------------------
DROP TABLE IF EXISTS `act_re_model`;
CREATE TABLE `act_re_model` (
  `ID_` varchar(64) COLLATE utf8_bin NOT NULL,
  `REV_` int(11) DEFAULT NULL,
  `NAME_` varchar(255) COLLATE utf8_bin DEFAULT NULL,
  `KEY_` varchar(255) COLLATE utf8_bin DEFAULT NULL,
  `CATEGORY_` varchar(255) COLLATE utf8_bin DEFAULT NULL,
  `CREATE_TIME_` timestamp NULL DEFAULT NULL,
  `LAST_UPDATE_TIME_` timestamp NULL DEFAULT NULL,
  `VERSION_` int(11) DEFAULT NULL,
  `META_INFO_` varchar(4000) COLLATE utf8_bin DEFAULT NULL,
  `DEPLOYMENT_ID_` varchar(64) COLLATE utf8_bin DEFAULT NULL,
  `EDITOR_SOURCE_VALUE_ID_` varchar(64) COLLATE utf8_bin DEFAULT NULL,
  `EDITOR_SOURCE_EXTRA_VALUE_ID_` varchar(64) COLLATE utf8_bin DEFAULT NULL,
  `TENANT_ID_` varchar(255) COLLATE utf8_bin DEFAULT '',
  PRIMARY KEY (`ID_`),
  KEY `ACT_FK_MODEL_SOURCE` (`EDITOR_SOURCE_VALUE_ID_`) USING BTREE,
  KEY `ACT_FK_MODEL_SOURCE_EXTRA` (`EDITOR_SOURCE_EXTRA_VALUE_ID_`) USING BTREE,
  KEY `ACT_FK_MODEL_DEPLOYMENT` (`DEPLOYMENT_ID_`) USING BTREE,
  CONSTRAINT `act_re_model_ibfk_1` FOREIGN KEY (`DEPLOYMENT_ID_`) REFERENCES `act_re_deployment` (`ID_`),
  CONSTRAINT `act_re_model_ibfk_2` FOREIGN KEY (`EDITOR_SOURCE_VALUE_ID_`) REFERENCES `act_ge_bytearray` (`ID_`),
  CONSTRAINT `act_re_model_ibfk_3` FOREIGN KEY (`EDITOR_SOURCE_EXTRA_VALUE_ID_`) REFERENCES `act_ge_bytearray` (`ID_`)
) ENGINE=InnoDB DEFAULT CHARSET=utf8 COLLATE=utf8_bin;

-- ----------------------------
-- Records of act_re_model
-- ----------------------------
INSERT INTO `act_re_model` VALUES ('40006', '12', '', 'leaveProcessModel', null, '2020-02-26 19:58:10', '2020-02-29 20:11:01', '1', '{\"name\":\"\",\"revision\":1,\"description\":\" key  key\"}', null, '40007', '40008', '');

-- ----------------------------
-- Table structure for act_re_procdef
-- ----------------------------
DROP TABLE IF EXISTS `act_re_procdef`;
CREATE TABLE `act_re_procdef` (
  `ID_` varchar(64) COLLATE utf8_bin NOT NULL,
  `REV_` int(11) DEFAULT NULL,
  `CATEGORY_` varchar(255) COLLATE utf8_bin DEFAULT NULL,
  `NAME_` varchar(255) COLLATE utf8_bin DEFAULT NULL,
  `KEY_` varchar(255) COLLATE utf8_bin NOT NULL,
  `VERSION_` int(11) NOT NULL,
  `DEPLOYMENT_ID_` varchar(64) COLLATE utf8_bin DEFAULT NULL,
  `RESOURCE_NAME_` varchar(4000) COLLATE utf8_bin DEFAULT NULL,
  `DGRM_RESOURCE_NAME_` varchar(4000) COLLATE utf8_bin DEFAULT NULL,
  `DESCRIPTION_` varchar(4000) COLLATE utf8_bin DEFAULT NULL,
  `HAS_START_FORM_KEY_` tinyint(4) DEFAULT NULL,
  `HAS_GRAPHICAL_NOTATION_` tinyint(4) DEFAULT NULL,
  `SUSPENSION_STATE_` int(11) DEFAULT NULL,
  `TENANT_ID_` varchar(255) COLLATE utf8_bin DEFAULT '',
  `ENGINE_VERSION_` varchar(255) COLLATE utf8_bin DEFAULT NULL,
  PRIMARY KEY (`ID_`),
  UNIQUE KEY `ACT_UNIQ_PROCDEF` (`KEY_`,`VERSION_`,`TENANT_ID_`) USING BTREE
) ENGINE=InnoDB DEFAULT CHARSET=utf8 COLLATE=utf8_bin;

-- ----------------------------
-- Records of act_re_procdef
-- ----------------------------
INSERT INTO `act_re_procdef` VALUES ('leave:1:47504', '1', 'http://www.kafeitu.me/activiti/leave', '-', 'leave', '1', '47501', 'C:/ruoyi/uploadPath/processDefiniton/2020/02/26/cd440d35efdf301ee9bdcf72ab02bc74.bpmn', 'C:/ruoyi/uploadPath/processDefiniton/2020/02/26/cd440d35efdf301ee9bdcf72ab02bc74.leave.png', '', '0', '1', '1', '', null);
INSERT INTO `act_re_procdef` VALUES ('leave:2:47508', '1', 'http://www.xianlutech.com/activiti/leave', '-', 'leave', '2', '47505', '.bpmn20.xml', '.leave.png', '', '0', '1', '1', '', null);
INSERT INTO `act_re_procdef` VALUES ('leave:3:55004', '1', 'http://www.xianlutech.com/activiti/leave', '-', 'leave', '3', '55001', '.bpmn20.xml', '.leave.png', '', '0', '1', '1', '', null);

-- ----------------------------
-- Table structure for act_ru_deadletter_job
-- ----------------------------
DROP TABLE IF EXISTS `act_ru_deadletter_job`;
CREATE TABLE `act_ru_deadletter_job` (
  `ID_` varchar(64) COLLATE utf8_bin NOT NULL,
  `REV_` int(11) DEFAULT NULL,
  `TYPE_` varchar(255) COLLATE utf8_bin NOT NULL,
  `EXCLUSIVE_` tinyint(1) DEFAULT NULL,
  `EXECUTION_ID_` varchar(64) COLLATE utf8_bin DEFAULT NULL,
  `PROCESS_INSTANCE_ID_` varchar(64) COLLATE utf8_bin DEFAULT NULL,
  `PROC_DEF_ID_` varchar(64) COLLATE utf8_bin DEFAULT NULL,
  `EXCEPTION_STACK_ID_` varchar(64) COLLATE utf8_bin DEFAULT NULL,
  `EXCEPTION_MSG_` varchar(4000) COLLATE utf8_bin DEFAULT NULL,
  `DUEDATE_` timestamp NULL DEFAULT NULL,
  `REPEAT_` varchar(255) COLLATE utf8_bin DEFAULT NULL,
  `HANDLER_TYPE_` varchar(255) COLLATE utf8_bin DEFAULT NULL,
  `HANDLER_CFG_` varchar(4000) COLLATE utf8_bin DEFAULT NULL,
  `TENANT_ID_` varchar(255) COLLATE utf8_bin DEFAULT '',
  PRIMARY KEY (`ID_`),
  KEY `ACT_FK_DEADLETTER_JOB_EXECUTION` (`EXECUTION_ID_`) USING BTREE,
  KEY `ACT_FK_DEADLETTER_JOB_PROCESS_INSTANCE` (`PROCESS_INSTANCE_ID_`) USING BTREE,
  KEY `ACT_FK_DEADLETTER_JOB_PROC_DEF` (`PROC_DEF_ID_`) USING BTREE,
  KEY `ACT_FK_DEADLETTER_JOB_EXCEPTION` (`EXCEPTION_STACK_ID_`) USING BTREE,
  CONSTRAINT `act_ru_deadletter_job_ibfk_1` FOREIGN KEY (`EXCEPTION_STACK_ID_`) REFERENCES `act_ge_bytearray` (`ID_`),
  CONSTRAINT `act_ru_deadletter_job_ibfk_2` FOREIGN KEY (`EXECUTION_ID_`) REFERENCES `act_ru_execution` (`ID_`),
  CONSTRAINT `act_ru_deadletter_job_ibfk_3` FOREIGN KEY (`PROCESS_INSTANCE_ID_`) REFERENCES `act_ru_execution` (`ID_`),
  CONSTRAINT `act_ru_deadletter_job_ibfk_4` FOREIGN KEY (`PROC_DEF_ID_`) REFERENCES `act_re_procdef` (`ID_`)
) ENGINE=InnoDB DEFAULT CHARSET=utf8 COLLATE=utf8_bin;

-- ----------------------------
-- Records of act_ru_deadletter_job
-- ----------------------------

-- ----------------------------
-- Table structure for act_ru_event_subscr
-- ----------------------------
DROP TABLE IF EXISTS `act_ru_event_subscr`;
CREATE TABLE `act_ru_event_subscr` (
  `ID_` varchar(64) COLLATE utf8_bin NOT NULL,
  `REV_` int(11) DEFAULT NULL,
  `EVENT_TYPE_` varchar(255) COLLATE utf8_bin NOT NULL,
  `EVENT_NAME_` varchar(255) COLLATE utf8_bin DEFAULT NULL,
  `EXECUTION_ID_` varchar(64) COLLATE utf8_bin DEFAULT NULL,
  `PROC_INST_ID_` varchar(64) COLLATE utf8_bin DEFAULT NULL,
  `ACTIVITY_ID_` varchar(64) COLLATE utf8_bin DEFAULT NULL,
  `CONFIGURATION_` varchar(255) COLLATE utf8_bin DEFAULT NULL,
  `CREATED_` timestamp NOT NULL DEFAULT CURRENT_TIMESTAMP,
  `PROC_DEF_ID_` varchar(64) COLLATE utf8_bin DEFAULT NULL,
  `TENANT_ID_` varchar(255) COLLATE utf8_bin DEFAULT '',
  PRIMARY KEY (`ID_`),
  KEY `ACT_IDX_EVENT_SUBSCR_CONFIG_` (`CONFIGURATION_`) USING BTREE,
  KEY `ACT_FK_EVENT_EXEC` (`EXECUTION_ID_`) USING BTREE,
  CONSTRAINT `act_ru_event_subscr_ibfk_1` FOREIGN KEY (`EXECUTION_ID_`) REFERENCES `act_ru_execution` (`ID_`)
) ENGINE=InnoDB DEFAULT CHARSET=utf8 COLLATE=utf8_bin;

-- ----------------------------
-- Records of act_ru_event_subscr
-- ----------------------------

-- ----------------------------
-- Table structure for act_ru_execution
-- ----------------------------
DROP TABLE IF EXISTS `act_ru_execution`;
CREATE TABLE `act_ru_execution` (
  `ID_` varchar(64) COLLATE utf8_bin NOT NULL DEFAULT '',
  `REV_` int(11) DEFAULT NULL,
  `PROC_INST_ID_` varchar(64) COLLATE utf8_bin DEFAULT NULL,
  `BUSINESS_KEY_` varchar(255) COLLATE utf8_bin DEFAULT NULL,
  `PARENT_ID_` varchar(64) COLLATE utf8_bin DEFAULT NULL,
  `PROC_DEF_ID_` varchar(64) COLLATE utf8_bin DEFAULT NULL,
  `SUPER_EXEC_` varchar(64) COLLATE utf8_bin DEFAULT NULL,
  `ROOT_PROC_INST_ID_` varchar(64) COLLATE utf8_bin DEFAULT NULL,
  `ACT_ID_` varchar(255) COLLATE utf8_bin DEFAULT NULL,
  `IS_ACTIVE_` tinyint(4) DEFAULT NULL,
  `IS_CONCURRENT_` tinyint(4) DEFAULT NULL,
  `IS_SCOPE_` tinyint(4) DEFAULT NULL,
  `IS_EVENT_SCOPE_` tinyint(4) DEFAULT NULL,
  `IS_MI_ROOT_` tinyint(4) DEFAULT NULL,
  `SUSPENSION_STATE_` int(11) DEFAULT NULL,
  `CACHED_ENT_STATE_` int(11) DEFAULT NULL,
  `TENANT_ID_` varchar(255) COLLATE utf8_bin DEFAULT '',
  `NAME_` varchar(255) COLLATE utf8_bin DEFAULT NULL,
  `START_TIME_` datetime DEFAULT NULL,
  `START_USER_ID_` varchar(255) COLLATE utf8_bin DEFAULT NULL,
  `LOCK_TIME_` timestamp NULL DEFAULT NULL,
  `IS_COUNT_ENABLED_` tinyint(4) DEFAULT NULL,
  `EVT_SUBSCR_COUNT_` int(11) DEFAULT NULL,
  `TASK_COUNT_` int(11) DEFAULT NULL,
  `JOB_COUNT_` int(11) DEFAULT NULL,
  `TIMER_JOB_COUNT_` int(11) DEFAULT NULL,
  `SUSP_JOB_COUNT_` int(11) DEFAULT NULL,
  `DEADLETTER_JOB_COUNT_` int(11) DEFAULT NULL,
  `VAR_COUNT_` int(11) DEFAULT NULL,
  `ID_LINK_COUNT_` int(11) DEFAULT NULL,
  PRIMARY KEY (`ID_`),
  KEY `ACT_IDX_EXEC_BUSKEY` (`BUSINESS_KEY_`) USING BTREE,
  KEY `ACT_IDC_EXEC_ROOT` (`ROOT_PROC_INST_ID_`) USING BTREE,
  KEY `ACT_FK_EXE_PROCINST` (`PROC_INST_ID_`) USING BTREE,
  KEY `ACT_FK_EXE_PARENT` (`PARENT_ID_`) USING BTREE,
  KEY `ACT_FK_EXE_SUPER` (`SUPER_EXEC_`) USING BTREE,
  KEY `ACT_FK_EXE_PROCDEF` (`PROC_DEF_ID_`) USING BTREE,
  CONSTRAINT `act_ru_execution_ibfk_1` FOREIGN KEY (`PARENT_ID_`) REFERENCES `act_ru_execution` (`ID_`) ON DELETE CASCADE,
  CONSTRAINT `act_ru_execution_ibfk_2` FOREIGN KEY (`PROC_DEF_ID_`) REFERENCES `act_re_procdef` (`ID_`),
  CONSTRAINT `act_ru_execution_ibfk_3` FOREIGN KEY (`PROC_INST_ID_`) REFERENCES `act_ru_execution` (`ID_`) ON DELETE CASCADE ON UPDATE CASCADE,
  CONSTRAINT `act_ru_execution_ibfk_4` FOREIGN KEY (`SUPER_EXEC_`) REFERENCES `act_ru_execution` (`ID_`) ON DELETE CASCADE
) ENGINE=InnoDB DEFAULT CHARSET=utf8 COLLATE=utf8_bin;

-- ----------------------------
-- Records of act_ru_execution
-- ----------------------------

-- ----------------------------
-- Table structure for act_ru_identitylink
-- ----------------------------
DROP TABLE IF EXISTS `act_ru_identitylink`;
CREATE TABLE `act_ru_identitylink` (
  `ID_` varchar(64) COLLATE utf8_bin NOT NULL DEFAULT '',
  `REV_` int(11) DEFAULT NULL,
  `GROUP_ID_` varchar(255) COLLATE utf8_bin DEFAULT NULL,
  `TYPE_` varchar(255) COLLATE utf8_bin DEFAULT NULL,
  `USER_ID_` varchar(255) COLLATE utf8_bin DEFAULT NULL,
  `TASK_ID_` varchar(64) COLLATE utf8_bin DEFAULT NULL,
  `PROC_INST_ID_` varchar(64) COLLATE utf8_bin DEFAULT NULL,
  `PROC_DEF_ID_` varchar(64) COLLATE utf8_bin DEFAULT NULL,
  PRIMARY KEY (`ID_`),
  KEY `ACT_IDX_IDENT_LNK_USER` (`USER_ID_`) USING BTREE,
  KEY `ACT_IDX_IDENT_LNK_GROUP` (`GROUP_ID_`) USING BTREE,
  KEY `ACT_IDX_ATHRZ_PROCEDEF` (`PROC_DEF_ID_`) USING BTREE,
  KEY `ACT_FK_TSKASS_TASK` (`TASK_ID_`) USING BTREE,
  KEY `ACT_FK_IDL_PROCINST` (`PROC_INST_ID_`) USING BTREE,
  CONSTRAINT `act_ru_identitylink_ibfk_1` FOREIGN KEY (`PROC_DEF_ID_`) REFERENCES `act_re_procdef` (`ID_`),
  CONSTRAINT `act_ru_identitylink_ibfk_2` FOREIGN KEY (`PROC_INST_ID_`) REFERENCES `act_ru_execution` (`ID_`),
  CONSTRAINT `act_ru_identitylink_ibfk_3` FOREIGN KEY (`TASK_ID_`) REFERENCES `act_ru_task` (`ID_`)
) ENGINE=InnoDB DEFAULT CHARSET=utf8 COLLATE=utf8_bin;

-- ----------------------------
-- Records of act_ru_identitylink
-- ----------------------------

-- ----------------------------
-- Table structure for act_ru_job
-- ----------------------------
DROP TABLE IF EXISTS `act_ru_job`;
CREATE TABLE `act_ru_job` (
  `ID_` varchar(64) COLLATE utf8_bin NOT NULL,
  `REV_` int(11) DEFAULT NULL,
  `TYPE_` varchar(255) COLLATE utf8_bin NOT NULL,
  `LOCK_EXP_TIME_` timestamp NULL DEFAULT NULL,
  `LOCK_OWNER_` varchar(255) COLLATE utf8_bin DEFAULT NULL,
  `EXCLUSIVE_` tinyint(1) DEFAULT NULL,
  `EXECUTION_ID_` varchar(64) COLLATE utf8_bin DEFAULT NULL,
  `PROCESS_INSTANCE_ID_` varchar(64) COLLATE utf8_bin DEFAULT NULL,
  `PROC_DEF_ID_` varchar(64) COLLATE utf8_bin DEFAULT NULL,
  `RETRIES_` int(11) DEFAULT NULL,
  `EXCEPTION_STACK_ID_` varchar(64) COLLATE utf8_bin DEFAULT NULL,
  `EXCEPTION_MSG_` varchar(4000) COLLATE utf8_bin DEFAULT NULL,
  `DUEDATE_` timestamp NULL DEFAULT NULL,
  `REPEAT_` varchar(255) COLLATE utf8_bin DEFAULT NULL,
  `HANDLER_TYPE_` varchar(255) COLLATE utf8_bin DEFAULT NULL,
  `HANDLER_CFG_` varchar(4000) COLLATE utf8_bin DEFAULT NULL,
  `TENANT_ID_` varchar(255) COLLATE utf8_bin DEFAULT '',
  PRIMARY KEY (`ID_`),
  KEY `ACT_FK_JOB_EXECUTION` (`EXECUTION_ID_`) USING BTREE,
  KEY `ACT_FK_JOB_PROCESS_INSTANCE` (`PROCESS_INSTANCE_ID_`) USING BTREE,
  KEY `ACT_FK_JOB_PROC_DEF` (`PROC_DEF_ID_`) USING BTREE,
  KEY `ACT_FK_JOB_EXCEPTION` (`EXCEPTION_STACK_ID_`) USING BTREE,
  CONSTRAINT `act_ru_job_ibfk_1` FOREIGN KEY (`EXCEPTION_STACK_ID_`) REFERENCES `act_ge_bytearray` (`ID_`),
  CONSTRAINT `act_ru_job_ibfk_2` FOREIGN KEY (`EXECUTION_ID_`) REFERENCES `act_ru_execution` (`ID_`),
  CONSTRAINT `act_ru_job_ibfk_3` FOREIGN KEY (`PROCESS_INSTANCE_ID_`) REFERENCES `act_ru_execution` (`ID_`),
  CONSTRAINT `act_ru_job_ibfk_4` FOREIGN KEY (`PROC_DEF_ID_`) REFERENCES `act_re_procdef` (`ID_`)
) ENGINE=InnoDB DEFAULT CHARSET=utf8 COLLATE=utf8_bin;

-- ----------------------------
-- Records of act_ru_job
-- ----------------------------

-- ----------------------------
-- Table structure for act_ru_suspended_job
-- ----------------------------
DROP TABLE IF EXISTS `act_ru_suspended_job`;
CREATE TABLE `act_ru_suspended_job` (
  `ID_` varchar(64) COLLATE utf8_bin NOT NULL,
  `REV_` int(11) DEFAULT NULL,
  `TYPE_` varchar(255) COLLATE utf8_bin NOT NULL,
  `EXCLUSIVE_` tinyint(1) DEFAULT NULL,
  `EXECUTION_ID_` varchar(64) COLLATE utf8_bin DEFAULT NULL,
  `PROCESS_INSTANCE_ID_` varchar(64) COLLATE utf8_bin DEFAULT NULL,
  `PROC_DEF_ID_` varchar(64) COLLATE utf8_bin DEFAULT NULL,
  `RETRIES_` int(11) DEFAULT NULL,
  `EXCEPTION_STACK_ID_` varchar(64) COLLATE utf8_bin DEFAULT NULL,
  `EXCEPTION_MSG_` varchar(4000) COLLATE utf8_bin DEFAULT NULL,
  `DUEDATE_` timestamp NULL DEFAULT NULL,
  `REPEAT_` varchar(255) COLLATE utf8_bin DEFAULT NULL,
  `HANDLER_TYPE_` varchar(255) COLLATE utf8_bin DEFAULT NULL,
  `HANDLER_CFG_` varchar(4000) COLLATE utf8_bin DEFAULT NULL,
  `TENANT_ID_` varchar(255) COLLATE utf8_bin DEFAULT '',
  PRIMARY KEY (`ID_`),
  KEY `ACT_FK_SUSPENDED_JOB_EXECUTION` (`EXECUTION_ID_`) USING BTREE,
  KEY `ACT_FK_SUSPENDED_JOB_PROCESS_INSTANCE` (`PROCESS_INSTANCE_ID_`) USING BTREE,
  KEY `ACT_FK_SUSPENDED_JOB_PROC_DEF` (`PROC_DEF_ID_`) USING BTREE,
  KEY `ACT_FK_SUSPENDED_JOB_EXCEPTION` (`EXCEPTION_STACK_ID_`) USING BTREE,
  CONSTRAINT `act_ru_suspended_job_ibfk_1` FOREIGN KEY (`EXCEPTION_STACK_ID_`) REFERENCES `act_ge_bytearray` (`ID_`),
  CONSTRAINT `act_ru_suspended_job_ibfk_2` FOREIGN KEY (`EXECUTION_ID_`) REFERENCES `act_ru_execution` (`ID_`),
  CONSTRAINT `act_ru_suspended_job_ibfk_3` FOREIGN KEY (`PROCESS_INSTANCE_ID_`) REFERENCES `act_ru_execution` (`ID_`),
  CONSTRAINT `act_ru_suspended_job_ibfk_4` FOREIGN KEY (`PROC_DEF_ID_`) REFERENCES `act_re_procdef` (`ID_`)
) ENGINE=InnoDB DEFAULT CHARSET=utf8 COLLATE=utf8_bin;

-- ----------------------------
-- Records of act_ru_suspended_job
-- ----------------------------

-- ----------------------------
-- Table structure for act_ru_task
-- ----------------------------
DROP TABLE IF EXISTS `act_ru_task`;
CREATE TABLE `act_ru_task` (
  `ID_` varchar(64) COLLATE utf8_bin NOT NULL DEFAULT '',
  `REV_` int(11) DEFAULT NULL,
  `EXECUTION_ID_` varchar(64) COLLATE utf8_bin DEFAULT NULL,
  `PROC_INST_ID_` varchar(64) COLLATE utf8_bin DEFAULT NULL,
  `PROC_DEF_ID_` varchar(64) COLLATE utf8_bin DEFAULT NULL,
  `NAME_` varchar(255) COLLATE utf8_bin DEFAULT NULL,
  `PARENT_TASK_ID_` varchar(64) COLLATE utf8_bin DEFAULT NULL,
  `DESCRIPTION_` varchar(4000) COLLATE utf8_bin DEFAULT NULL,
  `TASK_DEF_KEY_` varchar(255) COLLATE utf8_bin DEFAULT NULL,
  `OWNER_` varchar(255) COLLATE utf8_bin DEFAULT NULL,
  `ASSIGNEE_` varchar(255) COLLATE utf8_bin DEFAULT NULL,
  `DELEGATION_` varchar(64) COLLATE utf8_bin DEFAULT NULL,
  `PRIORITY_` int(11) DEFAULT NULL,
  `CREATE_TIME_` timestamp NULL DEFAULT NULL,
  `DUE_DATE_` datetime DEFAULT NULL,
  `CATEGORY_` varchar(255) COLLATE utf8_bin DEFAULT NULL,
  `SUSPENSION_STATE_` int(11) DEFAULT NULL,
  `TENANT_ID_` varchar(255) COLLATE utf8_bin DEFAULT '',
  `FORM_KEY_` varchar(255) COLLATE utf8_bin DEFAULT NULL,
  `CLAIM_TIME_` datetime DEFAULT NULL,
  PRIMARY KEY (`ID_`),
  KEY `ACT_IDX_TASK_CREATE` (`CREATE_TIME_`) USING BTREE,
  KEY `ACT_FK_TASK_EXE` (`EXECUTION_ID_`) USING BTREE,
  KEY `ACT_FK_TASK_PROCINST` (`PROC_INST_ID_`) USING BTREE,
  KEY `ACT_FK_TASK_PROCDEF` (`PROC_DEF_ID_`) USING BTREE,
  CONSTRAINT `act_ru_task_ibfk_1` FOREIGN KEY (`EXECUTION_ID_`) REFERENCES `act_ru_execution` (`ID_`),
  CONSTRAINT `act_ru_task_ibfk_2` FOREIGN KEY (`PROC_DEF_ID_`) REFERENCES `act_re_procdef` (`ID_`),
  CONSTRAINT `act_ru_task_ibfk_3` FOREIGN KEY (`PROC_INST_ID_`) REFERENCES `act_ru_execution` (`ID_`)
) ENGINE=InnoDB DEFAULT CHARSET=utf8 COLLATE=utf8_bin;

-- ----------------------------
-- Records of act_ru_task
-- ----------------------------

-- ----------------------------
-- Table structure for act_ru_timer_job
-- ----------------------------
DROP TABLE IF EXISTS `act_ru_timer_job`;
CREATE TABLE `act_ru_timer_job` (
  `ID_` varchar(64) COLLATE utf8_bin NOT NULL,
  `REV_` int(11) DEFAULT NULL,
  `TYPE_` varchar(255) COLLATE utf8_bin NOT NULL,
  `LOCK_EXP_TIME_` timestamp NULL DEFAULT NULL,
  `LOCK_OWNER_` varchar(255) COLLATE utf8_bin DEFAULT NULL,
  `EXCLUSIVE_` tinyint(1) DEFAULT NULL,
  `EXECUTION_ID_` varchar(64) COLLATE utf8_bin DEFAULT NULL,
  `PROCESS_INSTANCE_ID_` varchar(64) COLLATE utf8_bin DEFAULT NULL,
  `PROC_DEF_ID_` varchar(64) COLLATE utf8_bin DEFAULT NULL,
  `RETRIES_` int(11) DEFAULT NULL,
  `EXCEPTION_STACK_ID_` varchar(64) COLLATE utf8_bin DEFAULT NULL,
  `EXCEPTION_MSG_` varchar(4000) COLLATE utf8_bin DEFAULT NULL,
  `DUEDATE_` timestamp NULL DEFAULT NULL,
  `REPEAT_` varchar(255) COLLATE utf8_bin DEFAULT NULL,
  `HANDLER_TYPE_` varchar(255) COLLATE utf8_bin DEFAULT NULL,
  `HANDLER_CFG_` varchar(4000) COLLATE utf8_bin DEFAULT NULL,
  `TENANT_ID_` varchar(255) COLLATE utf8_bin DEFAULT '',
  PRIMARY KEY (`ID_`),
  KEY `ACT_FK_TIMER_JOB_EXECUTION` (`EXECUTION_ID_`) USING BTREE,
  KEY `ACT_FK_TIMER_JOB_PROCESS_INSTANCE` (`PROCESS_INSTANCE_ID_`) USING BTREE,
  KEY `ACT_FK_TIMER_JOB_PROC_DEF` (`PROC_DEF_ID_`) USING BTREE,
  KEY `ACT_FK_TIMER_JOB_EXCEPTION` (`EXCEPTION_STACK_ID_`) USING BTREE,
  CONSTRAINT `act_ru_timer_job_ibfk_1` FOREIGN KEY (`EXCEPTION_STACK_ID_`) REFERENCES `act_ge_bytearray` (`ID_`),
  CONSTRAINT `act_ru_timer_job_ibfk_2` FOREIGN KEY (`EXECUTION_ID_`) REFERENCES `act_ru_execution` (`ID_`),
  CONSTRAINT `act_ru_timer_job_ibfk_3` FOREIGN KEY (`PROCESS_INSTANCE_ID_`) REFERENCES `act_ru_execution` (`ID_`),
  CONSTRAINT `act_ru_timer_job_ibfk_4` FOREIGN KEY (`PROC_DEF_ID_`) REFERENCES `act_re_procdef` (`ID_`)
) ENGINE=InnoDB DEFAULT CHARSET=utf8 COLLATE=utf8_bin;

-- ----------------------------
-- Records of act_ru_timer_job
-- ----------------------------

-- ----------------------------
-- Table structure for act_ru_variable
-- ----------------------------
DROP TABLE IF EXISTS `act_ru_variable`;
CREATE TABLE `act_ru_variable` (
  `ID_` varchar(64) COLLATE utf8_bin NOT NULL,
  `REV_` int(11) DEFAULT NULL,
  `TYPE_` varchar(255) COLLATE utf8_bin NOT NULL,
  `NAME_` varchar(255) COLLATE utf8_bin NOT NULL,
  `EXECUTION_ID_` varchar(64) COLLATE utf8_bin DEFAULT NULL,
  `PROC_INST_ID_` varchar(64) COLLATE utf8_bin DEFAULT NULL,
  `TASK_ID_` varchar(64) COLLATE utf8_bin DEFAULT NULL,
  `BYTEARRAY_ID_` varchar(64) COLLATE utf8_bin DEFAULT NULL,
  `DOUBLE_` double DEFAULT NULL,
  `LONG_` bigint(20) DEFAULT NULL,
  `TEXT_` varchar(4000) COLLATE utf8_bin DEFAULT NULL,
  `TEXT2_` varchar(4000) COLLATE utf8_bin DEFAULT NULL,
  PRIMARY KEY (`ID_`),
  KEY `ACT_IDX_VARIABLE_TASK_ID` (`TASK_ID_`) USING BTREE,
  KEY `ACT_FK_VAR_EXE` (`EXECUTION_ID_`) USING BTREE,
  KEY `ACT_FK_VAR_PROCINST` (`PROC_INST_ID_`) USING BTREE,
  KEY `ACT_FK_VAR_BYTEARRAY` (`BYTEARRAY_ID_`) USING BTREE,
  CONSTRAINT `act_ru_variable_ibfk_1` FOREIGN KEY (`BYTEARRAY_ID_`) REFERENCES `act_ge_bytearray` (`ID_`),
  CONSTRAINT `act_ru_variable_ibfk_2` FOREIGN KEY (`EXECUTION_ID_`) REFERENCES `act_ru_execution` (`ID_`),
  CONSTRAINT `act_ru_variable_ibfk_3` FOREIGN KEY (`PROC_INST_ID_`) REFERENCES `act_ru_execution` (`ID_`)
) ENGINE=InnoDB DEFAULT CHARSET=utf8 COLLATE=utf8_bin;

-- ----------------------------
-- Records of act_ru_variable
-- ----------------------------

-- ----------------------------
-- Table structure for biz_leave
-- ----------------------------
DROP TABLE IF EXISTS `biz_leave`;
CREATE TABLE `biz_leave` (
  `id` bigint(20) NOT NULL AUTO_INCREMENT COMMENT 'ID',
  `type` char(1) DEFAULT NULL COMMENT '',
  `title` varchar(100) DEFAULT NULL COMMENT '',
  `reason` varchar(500) DEFAULT NULL COMMENT '',
  `start_time` datetime DEFAULT NULL COMMENT '',
  `end_time` datetime DEFAULT NULL COMMENT '',
  `total_time` bigint(11) DEFAULT NULL COMMENT '',
  `instance_id` varchar(32) DEFAULT NULL COMMENT 'ID',
  `create_by` varchar(64) DEFAULT '' COMMENT '',
  `create_time` datetime DEFAULT NULL COMMENT '',
  `update_by` varchar(64) DEFAULT '' COMMENT '',
  `update_time` datetime DEFAULT NULL COMMENT '',
  `apply_user` varchar(64) DEFAULT NULL COMMENT '',
  `apply_time` datetime DEFAULT NULL COMMENT '',
  `reality_start_time` datetime DEFAULT NULL COMMENT '',
  `reality_end_time` datetime DEFAULT NULL COMMENT '',
  PRIMARY KEY (`id`)
) ENGINE=InnoDB AUTO_INCREMENT=23 DEFAULT CHARSET=utf8;

-- ----------------------------
-- Records of biz_leave
-- ----------------------------
INSERT INTO `biz_leave` VALUES ('20', '1', '', '', '2020-02-28 22:00:00', '2020-02-29 00:00:00', '7200', '50001', 'chengxy', '2020-02-28 21:41:59', 'chengxy', '2020-02-29 20:15:54', 'chengxy', '2020-02-28 21:46:22', null, null);
INSERT INTO `biz_leave` VALUES ('21', '1', '', '', '2020-02-29 20:30:00', '2020-02-29 22:00:00', '5400', '55005', 'chengxy', '2020-02-29 20:24:49', 'chengxy', '2020-02-29 20:28:20', 'chengxy', '2020-02-29 20:24:00', null, null);
INSERT INTO `biz_leave` VALUES ('22', '1', '', '', '2020-02-29 20:55:00', '2020-02-29 22:00:00', '3900', '57501', 'chengxy', '2020-02-29 20:33:36', 'chengxy', '2020-02-29 20:35:31', 'chengxy', '2020-02-29 20:33:39', '2020-02-29 22:55:00', '2020-02-29 23:55:00');

-- ----------------------------
-- Table structure for biz_todo_item
-- ----------------------------
DROP TABLE IF EXISTS `biz_todo_item`;
CREATE TABLE `biz_todo_item` (
  `id` bigint(20) NOT NULL AUTO_INCREMENT COMMENT ' ID',
  `item_name` varchar(100) DEFAULT NULL COMMENT '',
  `item_content` varchar(500) DEFAULT NULL COMMENT '',
  `module` varchar(50) DEFAULT NULL COMMENT ' ( uri )',
  `task_id` varchar(64) DEFAULT NULL COMMENT ' ID',
  `task_name` varchar(50) DEFAULT NULL COMMENT ' ()',
  `node_name` varchar(50) DEFAULT NULL COMMENT '',
  `is_view` char(1) DEFAULT '0' COMMENT ' default 0 (0  1 )',
  `is_handle` char(1) DEFAULT '0' COMMENT ' default 0 (0  1 )',
  `todo_user_id` varchar(20) DEFAULT NULL COMMENT ' ID',
  `todo_user_name` varchar(30) DEFAULT NULL COMMENT '',
  `handle_user_id` varchar(20) DEFAULT NULL COMMENT ' ID',
  `handle_user_name` varchar(30) DEFAULT NULL COMMENT '',
  `todo_time` datetime DEFAULT NULL COMMENT '',
  `handle_time` datetime DEFAULT NULL COMMENT '',
  PRIMARY KEY (`id`)
) ENGINE=InnoDB AUTO_INCREMENT=37 DEFAULT CHARSET=utf8 COMMENT='';

-- ----------------------------
-- Records of biz_todo_item
-- ----------------------------

-- ----------------------------
-- Table structure for gen_table
-- ----------------------------
DROP TABLE IF EXISTS `gen_table`;
CREATE TABLE `gen_table` (
  `table_id` bigint(20) NOT NULL AUTO_INCREMENT COMMENT '',
  `table_name` varchar(200) DEFAULT '' COMMENT '',
  `table_comment` varchar(500) DEFAULT '' COMMENT '',
  `class_name` varchar(100) DEFAULT '' COMMENT '',
  `tpl_category` varchar(200) DEFAULT 'crud' COMMENT 'crud tree',
  `package_name` varchar(100) DEFAULT NULL COMMENT '',
  `module_name` varchar(30) DEFAULT NULL COMMENT '',
  `business_name` varchar(30) DEFAULT NULL COMMENT '',
  `function_name` varchar(50) DEFAULT NULL COMMENT '',
  `function_author` varchar(50) DEFAULT NULL COMMENT '',
  `options` varchar(1000) DEFAULT NULL COMMENT '',
  `create_by` varchar(64) DEFAULT '' COMMENT '',
  `create_time` datetime DEFAULT NULL COMMENT '',
  `update_by` varchar(64) DEFAULT '' COMMENT '',
  `update_time` datetime DEFAULT NULL COMMENT '',
  `remark` varchar(500) DEFAULT NULL COMMENT '',
  PRIMARY KEY (`table_id`)
) ENGINE=InnoDB DEFAULT CHARSET=utf8 COMMENT='';

-- ----------------------------
-- Records of gen_table
-- ----------------------------

-- ----------------------------
-- Table structure for gen_table_column
-- ----------------------------
DROP TABLE IF EXISTS `gen_table_column`;
CREATE TABLE `gen_table_column` (
  `column_id` bigint(20) NOT NULL AUTO_INCREMENT COMMENT '',
  `table_id` varchar(64) DEFAULT NULL COMMENT '',
  `column_name` varchar(200) DEFAULT NULL COMMENT '',
  `column_comment` varchar(500) DEFAULT NULL COMMENT '',
  `column_type` varchar(100) DEFAULT NULL COMMENT '',
  `java_type` varchar(500) DEFAULT NULL COMMENT 'JAVA',
  `java_field` varchar(200) DEFAULT NULL COMMENT 'JAVA',
  `is_pk` char(1) DEFAULT NULL COMMENT '1',
  `is_increment` char(1) DEFAULT NULL COMMENT '1',
  `is_required` char(1) DEFAULT NULL COMMENT '1',
  `is_insert` char(1) DEFAULT NULL COMMENT '1',
  `is_edit` char(1) DEFAULT NULL COMMENT '1',
  `is_list` char(1) DEFAULT NULL COMMENT '1',
  `is_query` char(1) DEFAULT NULL COMMENT '1',
  `query_type` varchar(200) DEFAULT 'EQ' COMMENT '',
  `html_type` varchar(200) DEFAULT NULL COMMENT '',
  `dict_type` varchar(200) DEFAULT '' COMMENT '',
  `sort` int(11) DEFAULT NULL COMMENT '',
  `create_by` varchar(64) DEFAULT '' COMMENT '',
  `create_time` datetime DEFAULT NULL COMMENT '',
  `update_by` varchar(64) DEFAULT '' COMMENT '',
  `update_time` datetime DEFAULT NULL COMMENT '',
  PRIMARY KEY (`column_id`)
) ENGINE=InnoDB DEFAULT CHARSET=utf8 COMMENT='';

-- ----------------------------
-- Records of gen_table_column
-- ----------------------------

-- ----------------------------
-- Table structure for qrtz_blob_triggers
-- ----------------------------
DROP TABLE IF EXISTS `qrtz_blob_triggers`;
CREATE TABLE `qrtz_blob_triggers` (
  `sched_name` varchar(120) NOT NULL,
  `trigger_name` varchar(200) NOT NULL,
  `trigger_group` varchar(200) NOT NULL,
  `blob_data` blob,
  PRIMARY KEY (`sched_name`,`trigger_name`,`trigger_group`),
  CONSTRAINT `qrtz_blob_triggers_ibfk_1` FOREIGN KEY (`sched_name`, `trigger_name`, `trigger_group`) REFERENCES `qrtz_triggers` (`sched_name`, `trigger_name`, `trigger_group`)
) ENGINE=InnoDB DEFAULT CHARSET=utf8;

-- ----------------------------
-- Records of qrtz_blob_triggers
-- ----------------------------

-- ----------------------------
-- Table structure for qrtz_calendars
-- ----------------------------
DROP TABLE IF EXISTS `qrtz_calendars`;
CREATE TABLE `qrtz_calendars` (
  `sched_name` varchar(120) NOT NULL,
  `calendar_name` varchar(200) NOT NULL,
  `calendar` blob NOT NULL,
  PRIMARY KEY (`sched_name`,`calendar_name`)
) ENGINE=InnoDB DEFAULT CHARSET=utf8;

-- ----------------------------
-- Records of qrtz_calendars
-- ----------------------------

-- ----------------------------
-- Table structure for qrtz_cron_triggers
-- ----------------------------
DROP TABLE IF EXISTS `qrtz_cron_triggers`;
CREATE TABLE `qrtz_cron_triggers` (
  `sched_name` varchar(120) NOT NULL,
  `trigger_name` varchar(200) NOT NULL,
  `trigger_group` varchar(200) NOT NULL,
  `cron_expression` varchar(200) NOT NULL,
  `time_zone_id` varchar(80) DEFAULT NULL,
  PRIMARY KEY (`sched_name`,`trigger_name`,`trigger_group`),
  CONSTRAINT `qrtz_cron_triggers_ibfk_1` FOREIGN KEY (`sched_name`, `trigger_name`, `trigger_group`) REFERENCES `qrtz_triggers` (`sched_name`, `trigger_name`, `trigger_group`)
) ENGINE=InnoDB DEFAULT CHARSET=utf8;

-- ----------------------------
-- Records of qrtz_cron_triggers
-- ----------------------------
INSERT INTO `qrtz_cron_triggers` VALUES ('RuoyiScheduler', 'TASK_CLASS_NAME1', 'DEFAULT', '0/10 * * * * ?', 'Asia/Shanghai');
INSERT INTO `qrtz_cron_triggers` VALUES ('RuoyiScheduler', 'TASK_CLASS_NAME2', 'DEFAULT', '0/15 * * * * ?', 'Asia/Shanghai');
INSERT INTO `qrtz_cron_triggers` VALUES ('RuoyiScheduler', 'TASK_CLASS_NAME3', 'DEFAULT', '0/20 * * * * ?', 'Asia/Shanghai');

-- ----------------------------
-- Table structure for qrtz_fired_triggers
-- ----------------------------
DROP TABLE IF EXISTS `qrtz_fired_triggers`;
CREATE TABLE `qrtz_fired_triggers` (
  `sched_name` varchar(120) NOT NULL,
  `entry_id` varchar(95) NOT NULL,
  `trigger_name` varchar(200) NOT NULL,
  `trigger_group` varchar(200) NOT NULL,
  `instance_name` varchar(200) NOT NULL,
  `fired_time` bigint(13) NOT NULL,
  `sched_time` bigint(13) NOT NULL,
  `priority` int(11) NOT NULL,
  `state` varchar(16) NOT NULL,
  `job_name` varchar(200) DEFAULT NULL,
  `job_group` varchar(200) DEFAULT NULL,
  `is_nonconcurrent` varchar(1) DEFAULT NULL,
  `requests_recovery` varchar(1) DEFAULT NULL,
  PRIMARY KEY (`sched_name`,`entry_id`)
) ENGINE=InnoDB DEFAULT CHARSET=utf8;

-- ----------------------------
-- Records of qrtz_fired_triggers
-- ----------------------------

-- ----------------------------
-- Table structure for qrtz_job_details
-- ----------------------------
DROP TABLE IF EXISTS `qrtz_job_details`;
CREATE TABLE `qrtz_job_details` (
  `sched_name` varchar(120) NOT NULL,
  `job_name` varchar(200) NOT NULL,
  `job_group` varchar(200) NOT NULL,
  `description` varchar(250) DEFAULT NULL,
  `job_class_name` varchar(250) NOT NULL,
  `is_durable` varchar(1) NOT NULL,
  `is_nonconcurrent` varchar(1) NOT NULL,
  `is_update_data` varchar(1) NOT NULL,
  `requests_recovery` varchar(1) NOT NULL,
  `job_data` blob,
  PRIMARY KEY (`sched_name`,`job_name`,`job_group`)
) ENGINE=InnoDB DEFAULT CHARSET=utf8;

-- ----------------------------
-- Records of qrtz_job_details
-- ----------------------------
INSERT INTO `qrtz_job_details` VALUES ('RuoyiScheduler', 'TASK_CLASS_NAME1', 'DEFAULT', null, 'com.ruoyi.quartz.util.QuartzDisallowConcurrentExecution', '0', '1', '0', '0', 0xACED0005737200156F72672E71756172747A2E4A6F62446174614D61709FB083E8BFA9B0CB020000787200266F72672E71756172747A2E7574696C732E537472696E674B65794469727479466C61674D61708208E8C3FBC55D280200015A0013616C6C6F77735472616E7369656E74446174617872001D6F72672E71756172747A2E7574696C732E4469727479466C61674D617013E62EAD28760ACE0200025A000564697274794C00036D617074000F4C6A6176612F7574696C2F4D61703B787001737200116A6176612E7574696C2E486173684D61700507DAC1C31660D103000246000A6C6F6164466163746F724900097468726573686F6C6478703F4000000000000C7708000000100000000174000F5441534B5F50524F504552544945537372001E636F6D2E72756F79692E71756172747A2E646F6D61696E2E5379734A6F6200000000000000010200084C000A636F6E63757272656E747400124C6A6176612F6C616E672F537472696E673B4C000E63726F6E45787072657373696F6E71007E00094C000C696E766F6B6554617267657471007E00094C00086A6F6247726F757071007E00094C00056A6F6249647400104C6A6176612F6C616E672F4C6F6E673B4C00076A6F624E616D6571007E00094C000D6D697366697265506F6C69637971007E00094C000673746174757371007E000978720027636F6D2E72756F79692E636F6D6D6F6E2E636F72652E646F6D61696E2E42617365456E7469747900000000000000010200074C0008637265617465427971007E00094C000A63726561746554696D657400104C6A6176612F7574696C2F446174653B4C0006706172616D7371007E00034C000672656D61726B71007E00094C000B73656172636856616C756571007E00094C0008757064617465427971007E00094C000A75706461746554696D6571007E000C787074000561646D696E7372000E6A6176612E7574696C2E44617465686A81014B59741903000078707708000001622CDE29E078707400007070707400013174000E302F3130202A202A202A202A203F74001172795461736B2E72794E6F506172616D7374000744454641554C547372000E6A6176612E6C616E672E4C6F6E673B8BE490CC8F23DF0200014A000576616C7565787200106A6176612E6C616E672E4E756D62657286AC951D0B94E08B02000078700000000000000001740018E7B3BBE7BB9FE9BB98E8AEA4EFBC88E697A0E58F82EFBC8974000133740001317800);
INSERT INTO `qrtz_job_details` VALUES ('RuoyiScheduler', 'TASK_CLASS_NAME2', 'DEFAULT', null, 'com.ruoyi.quartz.util.QuartzDisallowConcurrentExecution', '0', '1', '0', '0', 0xACED0005737200156F72672E71756172747A2E4A6F62446174614D61709FB083E8BFA9B0CB020000787200266F72672E71756172747A2E7574696C732E537472696E674B65794469727479466C61674D61708208E8C3FBC55D280200015A0013616C6C6F77735472616E7369656E74446174617872001D6F72672E71756172747A2E7574696C732E4469727479466C61674D617013E62EAD28760ACE0200025A000564697274794C00036D617074000F4C6A6176612F7574696C2F4D61703B787001737200116A6176612E7574696C2E486173684D61700507DAC1C31660D103000246000A6C6F6164466163746F724900097468726573686F6C6478703F4000000000000C7708000000100000000174000F5441534B5F50524F504552544945537372001E636F6D2E72756F79692E71756172747A2E646F6D61696E2E5379734A6F6200000000000000010200084C000A636F6E63757272656E747400124C6A6176612F6C616E672F537472696E673B4C000E63726F6E45787072657373696F6E71007E00094C000C696E766F6B6554617267657471007E00094C00086A6F6247726F757071007E00094C00056A6F6249647400104C6A6176612F6C616E672F4C6F6E673B4C00076A6F624E616D6571007E00094C000D6D697366697265506F6C69637971007E00094C000673746174757371007E000978720027636F6D2E72756F79692E636F6D6D6F6E2E636F72652E646F6D61696E2E42617365456E7469747900000000000000010200074C0008637265617465427971007E00094C000A63726561746554696D657400104C6A6176612F7574696C2F446174653B4C0006706172616D7371007E00034C000672656D61726B71007E00094C000B73656172636856616C756571007E00094C0008757064617465427971007E00094C000A75706461746554696D6571007E000C787074000561646D696E7372000E6A6176612E7574696C2E44617465686A81014B59741903000078707708000001622CDE29E078707400007070707400013174000E302F3135202A202A202A202A203F74001572795461736B2E7279506172616D7328277279272974000744454641554C547372000E6A6176612E6C616E672E4C6F6E673B8BE490CC8F23DF0200014A000576616C7565787200106A6176612E6C616E672E4E756D62657286AC951D0B94E08B02000078700000000000000002740018E7B3BBE7BB9FE9BB98E8AEA4EFBC88E69C89E58F82EFBC8974000133740001317800);
INSERT INTO `qrtz_job_details` VALUES ('RuoyiScheduler', 'TASK_CLASS_NAME3', 'DEFAULT', null, 'com.ruoyi.quartz.util.QuartzDisallowConcurrentExecution', '0', '1', '0', '0', 0xACED0005737200156F72672E71756172747A2E4A6F62446174614D61709FB083E8BFA9B0CB020000787200266F72672E71756172747A2E7574696C732E537472696E674B65794469727479466C61674D61708208E8C3FBC55D280200015A0013616C6C6F77735472616E7369656E74446174617872001D6F72672E71756172747A2E7574696C732E4469727479466C61674D617013E62EAD28760ACE0200025A000564697274794C00036D617074000F4C6A6176612F7574696C2F4D61703B787001737200116A6176612E7574696C2E486173684D61700507DAC1C31660D103000246000A6C6F6164466163746F724900097468726573686F6C6478703F4000000000000C7708000000100000000174000F5441534B5F50524F504552544945537372001E636F6D2E72756F79692E71756172747A2E646F6D61696E2E5379734A6F6200000000000000010200084C000A636F6E63757272656E747400124C6A6176612F6C616E672F537472696E673B4C000E63726F6E45787072657373696F6E71007E00094C000C696E766F6B6554617267657471007E00094C00086A6F6247726F757071007E00094C00056A6F6249647400104C6A6176612F6C616E672F4C6F6E673B4C00076A6F624E616D6571007E00094C000D6D697366697265506F6C69637971007E00094C000673746174757371007E000978720027636F6D2E72756F79692E636F6D6D6F6E2E636F72652E646F6D61696E2E42617365456E7469747900000000000000010200074C0008637265617465427971007E00094C000A63726561746554696D657400104C6A6176612F7574696C2F446174653B4C0006706172616D7371007E00034C000672656D61726B71007E00094C000B73656172636856616C756571007E00094C0008757064617465427971007E00094C000A75706461746554696D6571007E000C787074000561646D696E7372000E6A6176612E7574696C2E44617465686A81014B59741903000078707708000001622CDE29E078707400007070707400013174000E302F3230202A202A202A202A203F74003872795461736B2E72794D756C7469706C65506172616D7328277279272C20747275652C20323030304C2C203331362E3530442C203130302974000744454641554C547372000E6A6176612E6C616E672E4C6F6E673B8BE490CC8F23DF0200014A000576616C7565787200106A6176612E6C616E672E4E756D62657286AC951D0B94E08B02000078700000000000000003740018E7B3BBE7BB9FE9BB98E8AEA4EFBC88E5A49AE58F82EFBC8974000133740001317800);

-- ----------------------------
-- Table structure for qrtz_locks
-- ----------------------------
DROP TABLE IF EXISTS `qrtz_locks`;
CREATE TABLE `qrtz_locks` (
  `sched_name` varchar(120) NOT NULL,
  `lock_name` varchar(40) NOT NULL,
  PRIMARY KEY (`sched_name`,`lock_name`)
) ENGINE=InnoDB DEFAULT CHARSET=utf8;

-- ----------------------------
-- Records of qrtz_locks
-- ----------------------------
INSERT INTO `qrtz_locks` VALUES ('RuoyiScheduler', 'STATE_ACCESS');
INSERT INTO `qrtz_locks` VALUES ('RuoyiScheduler', 'TRIGGER_ACCESS');

-- ----------------------------
-- Table structure for qrtz_paused_trigger_grps
-- ----------------------------
DROP TABLE IF EXISTS `qrtz_paused_trigger_grps`;
CREATE TABLE `qrtz_paused_trigger_grps` (
  `sched_name` varchar(120) NOT NULL,
  `trigger_group` varchar(200) NOT NULL,
  PRIMARY KEY (`sched_name`,`trigger_group`)
) ENGINE=InnoDB DEFAULT CHARSET=utf8;

-- ----------------------------
-- Records of qrtz_paused_trigger_grps
-- ----------------------------

-- ----------------------------
-- Table structure for qrtz_scheduler_state
-- ----------------------------
DROP TABLE IF EXISTS `qrtz_scheduler_state`;
CREATE TABLE `qrtz_scheduler_state` (
  `sched_name` varchar(120) NOT NULL,
  `instance_name` varchar(200) NOT NULL,
  `last_checkin_time` bigint(13) NOT NULL,
  `checkin_interval` bigint(13) NOT NULL,
  PRIMARY KEY (`sched_name`,`instance_name`)
) ENGINE=InnoDB DEFAULT CHARSET=utf8;

-- ----------------------------
-- Records of qrtz_scheduler_state
-- ----------------------------
INSERT INTO `qrtz_scheduler_state` VALUES ('RuoyiScheduler', 'DESKTOP-JBK8SRU1583669574582', '1583670973534', '15000');

-- ----------------------------
-- Table structure for qrtz_simple_triggers
-- ----------------------------
DROP TABLE IF EXISTS `qrtz_simple_triggers`;
CREATE TABLE `qrtz_simple_triggers` (
  `sched_name` varchar(120) NOT NULL,
  `trigger_name` varchar(200) NOT NULL,
  `trigger_group` varchar(200) NOT NULL,
  `repeat_count` bigint(7) NOT NULL,
  `repeat_interval` bigint(12) NOT NULL,
  `times_triggered` bigint(10) NOT NULL,
  PRIMARY KEY (`sched_name`,`trigger_name`,`trigger_group`),
  CONSTRAINT `qrtz_simple_triggers_ibfk_1` FOREIGN KEY (`sched_name`, `trigger_name`, `trigger_group`) REFERENCES `qrtz_triggers` (`sched_name`, `trigger_name`, `trigger_group`)
) ENGINE=InnoDB DEFAULT CHARSET=utf8;

-- ----------------------------
-- Records of qrtz_simple_triggers
-- ----------------------------

-- ----------------------------
-- Table structure for qrtz_simprop_triggers
-- ----------------------------
DROP TABLE IF EXISTS `qrtz_simprop_triggers`;
CREATE TABLE `qrtz_simprop_triggers` (
  `sched_name` varchar(120) NOT NULL,
  `trigger_name` varchar(200) NOT NULL,
  `trigger_group` varchar(200) NOT NULL,
  `str_prop_1` varchar(512) DEFAULT NULL,
  `str_prop_2` varchar(512) DEFAULT NULL,
  `str_prop_3` varchar(512) DEFAULT NULL,
  `int_prop_1` int(11) DEFAULT NULL,
  `int_prop_2` int(11) DEFAULT NULL,
  `long_prop_1` bigint(20) DEFAULT NULL,
  `long_prop_2` bigint(20) DEFAULT NULL,
  `dec_prop_1` decimal(13,4) DEFAULT NULL,
  `dec_prop_2` decimal(13,4) DEFAULT NULL,
  `bool_prop_1` varchar(1) DEFAULT NULL,
  `bool_prop_2` varchar(1) DEFAULT NULL,
  PRIMARY KEY (`sched_name`,`trigger_name`,`trigger_group`),
  CONSTRAINT `qrtz_simprop_triggers_ibfk_1` FOREIGN KEY (`sched_name`, `trigger_name`, `trigger_group`) REFERENCES `qrtz_triggers` (`sched_name`, `trigger_name`, `trigger_group`)
) ENGINE=InnoDB DEFAULT CHARSET=utf8;

-- ----------------------------
-- Records of qrtz_simprop_triggers
-- ----------------------------

-- ----------------------------
-- Table structure for qrtz_triggers
-- ----------------------------
DROP TABLE IF EXISTS `qrtz_triggers`;
CREATE TABLE `qrtz_triggers` (
  `sched_name` varchar(120) NOT NULL,
  `trigger_name` varchar(200) NOT NULL,
  `trigger_group` varchar(200) NOT NULL,
  `job_name` varchar(200) NOT NULL,
  `job_group` varchar(200) NOT NULL,
  `description` varchar(250) DEFAULT NULL,
  `next_fire_time` bigint(13) DEFAULT NULL,
  `prev_fire_time` bigint(13) DEFAULT NULL,
  `priority` int(11) DEFAULT NULL,
  `trigger_state` varchar(16) NOT NULL,
  `trigger_type` varchar(8) NOT NULL,
  `start_time` bigint(13) NOT NULL,
  `end_time` bigint(13) DEFAULT NULL,
  `calendar_name` varchar(200) DEFAULT NULL,
  `misfire_instr` smallint(2) DEFAULT NULL,
  `job_data` blob,
  PRIMARY KEY (`sched_name`,`trigger_name`,`trigger_group`),
  KEY `sched_name` (`sched_name`,`job_name`,`job_group`) USING BTREE,
  CONSTRAINT `qrtz_triggers_ibfk_1` FOREIGN KEY (`sched_name`, `job_name`, `job_group`) REFERENCES `qrtz_job_details` (`sched_name`, `job_name`, `job_group`)
) ENGINE=InnoDB DEFAULT CHARSET=utf8;

-- ----------------------------
-- Records of qrtz_triggers
-- ----------------------------
INSERT INTO `qrtz_triggers` VALUES ('RuoyiScheduler', 'TASK_CLASS_NAME1', 'DEFAULT', 'TASK_CLASS_NAME1', 'DEFAULT', null, '1583669580000', '-1', '5', 'PAUSED', 'CRON', '1583669574000', '0', null, '2', '');
INSERT INTO `qrtz_triggers` VALUES ('RuoyiScheduler', 'TASK_CLASS_NAME2', 'DEFAULT', 'TASK_CLASS_NAME2', 'DEFAULT', null, '1583669580000', '-1', '5', 'PAUSED', 'CRON', '1583669574000', '0', null, '2', '');
INSERT INTO `qrtz_triggers` VALUES ('RuoyiScheduler', 'TASK_CLASS_NAME3', 'DEFAULT', 'TASK_CLASS_NAME3', 'DEFAULT', null, '1583669580000', '-1', '5', 'PAUSED', 'CRON', '1583669574000', '0', null, '2', '');

-- ----------------------------
-- Table structure for sys_config
-- ----------------------------
DROP TABLE IF EXISTS `sys_config`;
CREATE TABLE `sys_config` (
  `config_id` int(5) NOT NULL AUTO_INCREMENT COMMENT '',
  `config_name` varchar(100) DEFAULT '' COMMENT '',
  `config_key` varchar(100) DEFAULT '' COMMENT '',
  `config_value` varchar(500) DEFAULT '' COMMENT '',
  `config_type` char(1) DEFAULT 'N' COMMENT 'Y N',
  `create_by` varchar(64) DEFAULT '' COMMENT '',
  `create_time` datetime DEFAULT NULL COMMENT '',
  `update_by` varchar(64) DEFAULT '' COMMENT '',
  `update_time` datetime DEFAULT NULL COMMENT '',
  `remark` varchar(500) DEFAULT NULL COMMENT '',
  PRIMARY KEY (`config_id`)
) ENGINE=InnoDB AUTO_INCREMENT=4 DEFAULT CHARSET=utf8 COMMENT='';

-- ----------------------------
-- Records of sys_config
-- ----------------------------
INSERT INTO `sys_config` VALUES ('1', '-', 'sys.index.skinName', 'skin-blue', 'Y', 'admin', '2018-03-16 11:33:00', 'ry', '2018-03-16 11:33:00', ' skin-blue skin-green skin-purple skin-red skin-yellow');
INSERT INTO `sys_config` VALUES ('2', '-', 'sys.user.initPassword', '123456', 'Y', 'admin', '2018-03-16 11:33:00', 'ry', '2018-03-16 11:33:00', ' 123456');
INSERT INTO `sys_config` VALUES ('3', '-', 'sys.index.sideTheme', 'theme-dark', 'Y', 'admin', '2018-03-16 11:33:00', 'ry', '2018-03-16 11:33:00', 'theme-darktheme-lighttheme-blue');

-- ----------------------------
-- Table structure for sys_dept
-- ----------------------------
DROP TABLE IF EXISTS `sys_dept`;
CREATE TABLE `sys_dept` (
  `dept_id` bigint(20) NOT NULL AUTO_INCREMENT COMMENT 'id',
  `parent_id` bigint(20) DEFAULT '0' COMMENT 'id',
  `ancestors` varchar(50) DEFAULT '' COMMENT '',
  `dept_name` varchar(30) DEFAULT '' COMMENT '',
  `order_num` int(4) DEFAULT '0' COMMENT '',
  `leader` varchar(20) DEFAULT NULL COMMENT '',
  `phone` varchar(11) DEFAULT NULL COMMENT '',
  `email` varchar(50) DEFAULT NULL COMMENT '',
  `status` char(1) DEFAULT '0' COMMENT '0 1',
  `del_flag` char(1) DEFAULT '0' COMMENT '0 2',
  `create_by` varchar(64) DEFAULT '' COMMENT '',
  `create_time` datetime DEFAULT NULL COMMENT '',
  `update_by` varchar(64) DEFAULT '' COMMENT '',
  `update_time` datetime DEFAULT NULL COMMENT '',
  PRIMARY KEY (`dept_id`)
) ENGINE=InnoDB AUTO_INCREMENT=110 DEFAULT CHARSET=utf8 COMMENT='';

-- ----------------------------
-- Records of sys_dept
-- ----------------------------
INSERT INTO `sys_dept` VALUES ('100', '0', '0', '', '0', '', '15888888888', 'ry@qq.com', '0', '0', 'admin', '2018-03-16 11:33:00', 'ry', '2018-03-16 11:33:00');
INSERT INTO `sys_dept` VALUES ('101', '100', '0,100', '', '1', '', '15888888888', 'ry@qq.com', '0', '0', 'admin', '2018-03-16 11:33:00', 'ry', '2018-03-16 11:33:00');
INSERT INTO `sys_dept` VALUES ('102', '100', '0,100', '', '2', '', '15888888888', 'ry@qq.com', '0', '0', 'admin', '2018-03-16 11:33:00', 'ry', '2018-03-16 11:33:00');
INSERT INTO `sys_dept` VALUES ('103', '101', '0,100,101', '', '1', '', '15888888888', 'ry@qq.com', '0', '0', 'admin', '2018-03-16 11:33:00', 'ry', '2018-03-16 11:33:00');
INSERT INTO `sys_dept` VALUES ('104', '101', '0,100,101', '', '2', '', '15888888888', 'ry@qq.com', '0', '0', 'admin', '2018-03-16 11:33:00', 'ry', '2018-03-16 11:33:00');
INSERT INTO `sys_dept` VALUES ('105', '101', '0,100,101', '', '3', '', '15888888888', 'ry@qq.com', '0', '0', 'admin', '2018-03-16 11:33:00', 'ry', '2018-03-16 11:33:00');
INSERT INTO `sys_dept` VALUES ('106', '101', '0,100,101', '', '4', '', '15888888888', 'ry@qq.com', '0', '0', 'admin', '2018-03-16 11:33:00', 'ry', '2018-03-16 11:33:00');
INSERT INTO `sys_dept` VALUES ('107', '101', '0,100,101', '', '5', '', '15888888888', 'ry@qq.com', '0', '0', 'admin', '2018-03-16 11:33:00', 'ry', '2018-03-16 11:33:00');
INSERT INTO `sys_dept` VALUES ('108', '102', '0,100,102', '', '1', '', '15888888888', 'ry@qq.com', '0', '0', 'admin', '2018-03-16 11:33:00', 'ry', '2018-03-16 11:33:00');
INSERT INTO `sys_dept` VALUES ('109', '102', '0,100,102', '', '2', '', '15888888888', 'ry@qq.com', '0', '0', 'admin', '2018-03-16 11:33:00', 'ry', '2018-03-16 11:33:00');

-- ----------------------------
-- Table structure for sys_dict_data
-- ----------------------------
DROP TABLE IF EXISTS `sys_dict_data`;
CREATE TABLE `sys_dict_data` (
  `dict_code` bigint(20) NOT NULL AUTO_INCREMENT COMMENT '',
  `dict_sort` int(4) DEFAULT '0' COMMENT '',
  `dict_label` varchar(100) DEFAULT '' COMMENT '',
  `dict_value` varchar(100) DEFAULT '' COMMENT '',
  `dict_type` varchar(100) DEFAULT '' COMMENT '',
  `css_class` varchar(100) DEFAULT NULL COMMENT '',
  `list_class` varchar(100) DEFAULT NULL COMMENT '',
  `is_default` char(1) DEFAULT 'N' COMMENT 'Y N',
  `status` char(1) DEFAULT '0' COMMENT '0 1',
  `create_by` varchar(64) DEFAULT '' COMMENT '',
  `create_time` datetime DEFAULT NULL COMMENT '',
  `update_by` varchar(64) DEFAULT '' COMMENT '',
  `update_time` datetime DEFAULT NULL COMMENT '',
  `remark` varchar(500) DEFAULT NULL COMMENT '',
  PRIMARY KEY (`dict_code`)
) ENGINE=InnoDB AUTO_INCREMENT=102 DEFAULT CHARSET=utf8 COMMENT='';

-- ----------------------------
-- Records of sys_dict_data
-- ----------------------------
INSERT INTO `sys_dict_data` VALUES ('1', '1', '', '0', 'sys_user_sex', '', '', 'Y', '0', 'admin', '2018-03-16 11:33:00', 'ry', '2018-03-16 11:33:00', '');
INSERT INTO `sys_dict_data` VALUES ('2', '2', '', '1', 'sys_user_sex', '', '', 'N', '0', 'admin', '2018-03-16 11:33:00', 'ry', '2018-03-16 11:33:00', '');
INSERT INTO `sys_dict_data` VALUES ('3', '3', '', '2', 'sys_user_sex', '', '', 'N', '0', 'admin', '2018-03-16 11:33:00', 'ry', '2018-03-16 11:33:00', '');
INSERT INTO `sys_dict_data` VALUES ('4', '1', '', '0', 'sys_show_hide', '', 'primary', 'Y', '0', 'admin', '2018-03-16 11:33:00', 'ry', '2018-03-16 11:33:00', '');
INSERT INTO `sys_dict_data` VALUES ('5', '2', '', '1', 'sys_show_hide', '', 'danger', 'N', '0', 'admin', '2018-03-16 11:33:00', 'ry', '2018-03-16 11:33:00', '');
INSERT INTO `sys_dict_data` VALUES ('6', '1', '', '0', 'sys_normal_disable', '', 'primary', 'Y', '0', 'admin', '2018-03-16 11:33:00', 'ry', '2018-03-16 11:33:00', '');
INSERT INTO `sys_dict_data` VALUES ('7', '2', '', '1', 'sys_normal_disable', '', 'danger', 'N', '0', 'admin', '2018-03-16 11:33:00', 'ry', '2018-03-16 11:33:00', '');
INSERT INTO `sys_dict_data` VALUES ('8', '1', '', '0', 'sys_job_status', '', 'primary', 'Y', '0', 'admin', '2018-03-16 11:33:00', 'ry', '2018-03-16 11:33:00', '');
INSERT INTO `sys_dict_data` VALUES ('9', '2', '', '1', 'sys_job_status', '', 'danger', 'N', '0', 'admin', '2018-03-16 11:33:00', 'ry', '2018-03-16 11:33:00', '');
INSERT INTO `sys_dict_data` VALUES ('10', '1', '', 'DEFAULT', 'sys_job_group', '', '', 'Y', '0', 'admin', '2018-03-16 11:33:00', 'ry', '2018-03-16 11:33:00', '');
INSERT INTO `sys_dict_data` VALUES ('11', '2', '', 'SYSTEM', 'sys_job_group', '', '', 'N', '0', 'admin', '2018-03-16 11:33:00', 'ry', '2018-03-16 11:33:00', '');
INSERT INTO `sys_dict_data` VALUES ('12', '1', '', 'Y', 'sys_yes_no', '', 'primary', 'Y', '0', 'admin', '2018-03-16 11:33:00', 'ry', '2018-03-16 11:33:00', '');
INSERT INTO `sys_dict_data` VALUES ('13', '2', '', 'N', 'sys_yes_no', '', 'danger', 'N', '0', 'admin', '2018-03-16 11:33:00', 'ry', '2018-03-16 11:33:00', '');
INSERT INTO `sys_dict_data` VALUES ('14', '1', '', '1', 'sys_notice_type', '', 'warning', 'Y', '0', 'admin', '2018-03-16 11:33:00', 'ry', '2018-03-16 11:33:00', '');
INSERT INTO `sys_dict_data` VALUES ('15', '2', '', '2', 'sys_notice_type', '', 'success', 'N', '0', 'admin', '2018-03-16 11:33:00', 'ry', '2018-03-16 11:33:00', '');
INSERT INTO `sys_dict_data` VALUES ('16', '1', '', '0', 'sys_notice_status', '', 'primary', 'Y', '0', 'admin', '2018-03-16 11:33:00', 'ry', '2018-03-16 11:33:00', '');
INSERT INTO `sys_dict_data` VALUES ('17', '2', '', '1', 'sys_notice_status', '', 'danger', 'N', '0', 'admin', '2018-03-16 11:33:00', 'ry', '2018-03-16 11:33:00', '');
INSERT INTO `sys_dict_data` VALUES ('18', '1', '', '1', 'sys_oper_type', '', 'info', 'N', '0', 'admin', '2018-03-16 11:33:00', 'ry', '2018-03-16 11:33:00', '');
INSERT INTO `sys_dict_data` VALUES ('19', '2', '', '2', 'sys_oper_type', '', 'info', 'N', '0', 'admin', '2018-03-16 11:33:00', 'ry', '2018-03-16 11:33:00', '');
INSERT INTO `sys_dict_data` VALUES ('20', '3', '', '3', 'sys_oper_type', '', 'danger', 'N', '0', 'admin', '2018-03-16 11:33:00', 'ry', '2018-03-16 11:33:00', '');
INSERT INTO `sys_dict_data` VALUES ('21', '4', '', '4', 'sys_oper_type', '', 'primary', 'N', '0', 'admin', '2018-03-16 11:33:00', 'ry', '2018-03-16 11:33:00', '');
INSERT INTO `sys_dict_data` VALUES ('22', '5', '', '5', 'sys_oper_type', '', 'warning', 'N', '0', 'admin', '2018-03-16 11:33:00', 'ry', '2018-03-16 11:33:00', '');
INSERT INTO `sys_dict_data` VALUES ('23', '6', '', '6', 'sys_oper_type', '', 'warning', 'N', '0', 'admin', '2018-03-16 11:33:00', 'ry', '2018-03-16 11:33:00', '');
INSERT INTO `sys_dict_data` VALUES ('24', '7', '', '7', 'sys_oper_type', '', 'danger', 'N', '0', 'admin', '2018-03-16 11:33:00', 'ry', '2018-03-16 11:33:00', '');
INSERT INTO `sys_dict_data` VALUES ('25', '8', '', '8', 'sys_oper_type', '', 'warning', 'N', '0', 'admin', '2018-03-16 11:33:00', 'ry', '2018-03-16 11:33:00', '');
INSERT INTO `sys_dict_data` VALUES ('26', '9', '', '9', 'sys_oper_type', '', 'danger', 'N', '0', 'admin', '2018-03-16 11:33:00', 'ry', '2018-03-16 11:33:00', '');
INSERT INTO `sys_dict_data` VALUES ('27', '1', '', '0', 'sys_common_status', '', 'primary', 'N', '0', 'admin', '2018-03-16 11:33:00', 'ry', '2018-03-16 11:33:00', '');
INSERT INTO `sys_dict_data` VALUES ('28', '2', '', '1', 'sys_common_status', '', 'danger', 'N', '0', 'admin', '2018-03-16 11:33:00', 'ry', '2018-03-16 11:33:00', '');
INSERT INTO `sys_dict_data` VALUES ('100', '1', '', '1', 'biz_leave_type', null, 'success', 'Y', '0', 'admin', '2020-02-28 21:27:30', '', null, null);
INSERT INTO `sys_dict_data` VALUES ('101', '2', '', '2', 'biz_leave_type', null, 'warning', 'Y', '0', 'admin', '2020-02-28 21:27:58', '', null, null);

-- ----------------------------
-- Table structure for sys_dict_type
-- ----------------------------
DROP TABLE IF EXISTS `sys_dict_type`;
CREATE TABLE `sys_dict_type` (
  `dict_id` bigint(20) NOT NULL AUTO_INCREMENT COMMENT '',
  `dict_name` varchar(100) DEFAULT '' COMMENT '',
  `dict_type` varchar(100) DEFAULT '' COMMENT '',
  `status` char(1) DEFAULT '0' COMMENT '0 1',
  `create_by` varchar(64) DEFAULT '' COMMENT '',
  `create_time` datetime DEFAULT NULL COMMENT '',
  `update_by` varchar(64) DEFAULT '' COMMENT '',
  `update_time` datetime DEFAULT NULL COMMENT '',
  `remark` varchar(500) DEFAULT NULL COMMENT '',
  PRIMARY KEY (`dict_id`),
  UNIQUE KEY `dict_type` (`dict_type`) USING BTREE
) ENGINE=InnoDB AUTO_INCREMENT=101 DEFAULT CHARSET=utf8 COMMENT='';

-- ----------------------------
-- Records of sys_dict_type
-- ----------------------------
INSERT INTO `sys_dict_type` VALUES ('1', '', 'sys_user_sex', '0', 'admin', '2018-03-16 11:33:00', 'ry', '2018-03-16 11:33:00', '');
INSERT INTO `sys_dict_type` VALUES ('2', '', 'sys_show_hide', '0', 'admin', '2018-03-16 11:33:00', 'ry', '2018-03-16 11:33:00', '');
INSERT INTO `sys_dict_type` VALUES ('3', '', 'sys_normal_disable', '0', 'admin', '2018-03-16 11:33:00', 'ry', '2018-03-16 11:33:00', '');
INSERT INTO `sys_dict_type` VALUES ('4', '', 'sys_job_status', '0', 'admin', '2018-03-16 11:33:00', 'ry', '2018-03-16 11:33:00', '');
INSERT INTO `sys_dict_type` VALUES ('5', '', 'sys_job_group', '0', 'admin', '2018-03-16 11:33:00', 'ry', '2018-03-16 11:33:00', '');
INSERT INTO `sys_dict_type` VALUES ('6', '', 'sys_yes_no', '0', 'admin', '2018-03-16 11:33:00', 'ry', '2018-03-16 11:33:00', '');
INSERT INTO `sys_dict_type` VALUES ('7', '', 'sys_notice_type', '0', 'admin', '2018-03-16 11:33:00', 'ry', '2018-03-16 11:33:00', '');
INSERT INTO `sys_dict_type` VALUES ('8', '', 'sys_notice_status', '0', 'admin', '2018-03-16 11:33:00', 'ry', '2018-03-16 11:33:00', '');
INSERT INTO `sys_dict_type` VALUES ('9', '', 'sys_oper_type', '0', 'admin', '2018-03-16 11:33:00', 'ry', '2018-03-16 11:33:00', '');
INSERT INTO `sys_dict_type` VALUES ('10', '', 'sys_common_status', '0', 'admin', '2018-03-16 11:33:00', 'ry', '2018-03-16 11:33:00', '');
INSERT INTO `sys_dict_type` VALUES ('100', '', 'biz_leave_type', '0', 'admin', '2020-02-28 21:25:16', '', null, null);

-- ----------------------------
-- Table structure for sys_job
-- ----------------------------
DROP TABLE IF EXISTS `sys_job`;
CREATE TABLE `sys_job` (
  `job_id` bigint(20) NOT NULL AUTO_INCREMENT COMMENT 'ID',
  `job_name` varchar(64) NOT NULL DEFAULT '' COMMENT '',
  `job_group` varchar(64) NOT NULL DEFAULT 'DEFAULT' COMMENT '',
  `invoke_target` varchar(500) NOT NULL COMMENT '',
  `cron_expression` varchar(255) DEFAULT '' COMMENT 'cron',
  `misfire_policy` varchar(20) DEFAULT '3' COMMENT '1 2 3',
  `concurrent` char(1) DEFAULT '1' COMMENT '0 1',
  `status` char(1) DEFAULT '0' COMMENT '0 1',
  `create_by` varchar(64) DEFAULT '' COMMENT '',
  `create_time` datetime DEFAULT NULL COMMENT '',
  `update_by` varchar(64) DEFAULT '' COMMENT '',
  `update_time` datetime DEFAULT NULL COMMENT '',
  `remark` varchar(500) DEFAULT '' COMMENT '',
  PRIMARY KEY (`job_id`,`job_name`,`job_group`)
) ENGINE=InnoDB AUTO_INCREMENT=4 DEFAULT CHARSET=utf8 COMMENT='';

-- ----------------------------
-- Records of sys_job
-- ----------------------------
INSERT INTO `sys_job` VALUES ('1', '', 'DEFAULT', 'ryTask.ryNoParams', '0/10 * * * * ?', '3', '1', '1', 'admin', '2018-03-16 11:33:00', 'ry', '2018-03-16 11:33:00', '');
INSERT INTO `sys_job` VALUES ('2', '', 'DEFAULT', 'ryTask.ryParams(\'ry\')', '0/15 * * * * ?', '3', '1', '1', 'admin', '2018-03-16 11:33:00', 'ry', '2018-03-16 11:33:00', '');
INSERT INTO `sys_job` VALUES ('3', '', 'DEFAULT', 'ryTask.ryMultipleParams(\'ry\', true, 2000L, 316.50D, 100)', '0/20 * * * * ?', '3', '1', '1', 'admin', '2018-03-16 11:33:00', 'ry', '2018-03-16 11:33:00', '');

-- ----------------------------
-- Table structure for sys_job_log
-- ----------------------------
DROP TABLE IF EXISTS `sys_job_log`;
CREATE TABLE `sys_job_log` (
  `job_log_id` bigint(20) NOT NULL AUTO_INCREMENT COMMENT 'ID',
  `job_name` varchar(64) NOT NULL COMMENT '',
  `job_group` varchar(64) NOT NULL COMMENT '',
  `invoke_target` varchar(500) NOT NULL COMMENT '',
  `job_message` varchar(500) DEFAULT NULL COMMENT '',
  `status` char(1) DEFAULT '0' COMMENT '0 1',
  `exception_info` varchar(2000) DEFAULT '' COMMENT '',
  `create_time` datetime DEFAULT NULL COMMENT '',
  PRIMARY KEY (`job_log_id`)
) ENGINE=InnoDB DEFAULT CHARSET=utf8 COMMENT='';

-- ----------------------------
-- Records of sys_job_log
-- ----------------------------

-- ----------------------------
-- Table structure for sys_logininfor
-- ----------------------------
DROP TABLE IF EXISTS `sys_logininfor`;
CREATE TABLE `sys_logininfor` (
  `info_id` bigint(20) NOT NULL AUTO_INCREMENT COMMENT 'ID',
  `login_name` varchar(50) DEFAULT '' COMMENT '',
  `ipaddr` varchar(50) DEFAULT '' COMMENT 'IP',
  `login_location` varchar(255) DEFAULT '' COMMENT '',
  `browser` varchar(50) DEFAULT '' COMMENT '',
  `os` varchar(50) DEFAULT '' COMMENT '',
  `status` char(1) DEFAULT '0' COMMENT '0 1',
  `msg` varchar(255) DEFAULT '' COMMENT '',
  `login_time` datetime DEFAULT NULL COMMENT '',
  PRIMARY KEY (`info_id`)
) ENGINE=InnoDB AUTO_INCREMENT=182 DEFAULT CHARSET=utf8 COMMENT='';

-- ----------------------------
-- Records of sys_logininfor
-- ----------------------------
INSERT INTO `sys_logininfor` VALUES ('100', 'admin', '127.0.0.1', 'IP', 'Chrome 8', 'Windows 10', '0', '', '2020-02-24 21:08:59');
INSERT INTO `sys_logininfor` VALUES ('101', 'admin', '127.0.0.1', 'IP', 'Chrome 8', 'Windows 10', '0', '', '2020-02-25 20:56:36');
INSERT INTO `sys_logininfor` VALUES ('102', 'admin', '127.0.0.1', 'IP', 'Chrome 8', 'Windows 10', '0', '', '2020-02-25 21:31:33');
INSERT INTO `sys_logininfor` VALUES ('103', 'admin', '127.0.0.1', 'IP', 'Chrome 8', 'Windows 10', '1', '', '2020-02-25 21:40:02');
INSERT INTO `sys_logininfor` VALUES ('104', 'admin', '127.0.0.1', 'IP', 'Chrome 8', 'Windows 10', '0', '', '2020-02-25 21:40:05');
INSERT INTO `sys_logininfor` VALUES ('105', 'admin', '127.0.0.1', 'IP', 'Chrome 8', 'Windows 10', '0', '', '2020-02-25 21:45:47');
INSERT INTO `sys_logininfor` VALUES ('106', 'admin', '127.0.0.1', 'IP', 'Chrome 8', 'Windows 10', '1', '', '2020-02-25 22:03:12');
INSERT INTO `sys_logininfor` VALUES ('107', 'admin', '127.0.0.1', 'IP', 'Chrome 8', 'Windows 10', '0', '', '2020-02-25 22:03:16');
INSERT INTO `sys_logininfor` VALUES ('108', 'admin', '127.0.0.1', 'IP', 'Chrome 8', 'Windows 10', '0', '', '2020-02-25 22:05:48');
INSERT INTO `sys_logininfor` VALUES ('109', 'admin', '127.0.0.1', 'IP', 'Chrome 8', 'Windows 10', '0', '', '2020-02-25 23:35:01');
INSERT INTO `sys_logininfor` VALUES ('110', 'admin', '127.0.0.1', 'IP', 'Internet Explorer 11', 'Windows 10', '0', '', '2020-02-25 23:35:27');
INSERT INTO `sys_logininfor` VALUES ('111', 'admin', '127.0.0.1', 'IP', 'Chrome 8', 'Windows 10', '0', '', '2020-02-26 19:53:17');
INSERT INTO `sys_logininfor` VALUES ('112', 'admin', '127.0.0.1', 'IP', 'Chrome 8', 'Windows 10', '0', '', '2020-02-27 19:34:13');
INSERT INTO `sys_logininfor` VALUES ('113', 'admin', '127.0.0.1', 'IP', 'Chrome 8', 'Windows 10', '1', '', '2020-02-27 20:17:30');
INSERT INTO `sys_logininfor` VALUES ('114', 'admin', '127.0.0.1', 'IP', 'Chrome 8', 'Windows 10', '0', '', '2020-02-27 20:17:35');
INSERT INTO `sys_logininfor` VALUES ('115', 'admin', '127.0.0.1', 'IP', 'Chrome 8', 'Windows 10', '0', '', '2020-02-27 21:15:10');
INSERT INTO `sys_logininfor` VALUES ('116', 'admin', '127.0.0.1', 'IP', 'Chrome 8', 'Windows 10', '0', '', '2020-02-28 20:31:57');
INSERT INTO `sys_logininfor` VALUES ('117', 'admin', '127.0.0.1', 'IP', 'Chrome 8', 'Windows 10', '0', '', '2020-02-28 21:06:42');
INSERT INTO `sys_logininfor` VALUES ('118', 'admin', '127.0.0.1', 'IP', 'Chrome 8', 'Windows 10', '0', '', '2020-02-28 21:06:45');
INSERT INTO `sys_logininfor` VALUES ('119', 'admin', '127.0.0.1', 'IP', 'Chrome 8', 'Windows 10', '0', '', '2020-02-28 21:32:41');
INSERT INTO `sys_logininfor` VALUES ('120', 'chengxy', '127.0.0.1', 'IP', 'Chrome 8', 'Windows 10', '0', '', '2020-02-28 21:32:53');
INSERT INTO `sys_logininfor` VALUES ('121', 'chengxy', '127.0.0.1', 'IP', 'Chrome 8', 'Windows 10', '0', '', '2020-02-28 21:47:59');
INSERT INTO `sys_logininfor` VALUES ('122', 'axianlu', '127.0.0.1', 'IP', 'Chrome 8', 'Windows 10', '0', '', '2020-02-28 21:48:13');
INSERT INTO `sys_logininfor` VALUES ('123', 'axianlu', '127.0.0.1', 'IP', 'Chrome 8', 'Windows 10', '0', '', '2020-02-28 21:50:27');
INSERT INTO `sys_logininfor` VALUES ('124', 'admin', '127.0.0.1', 'IP', 'Chrome 8', 'Windows 10', '0', '', '2020-02-28 21:50:32');
INSERT INTO `sys_logininfor` VALUES ('125', 'admin', '127.0.0.1', 'IP', 'Chrome 8', 'Windows 10', '0', '', '2020-02-28 21:51:58');
INSERT INTO `sys_logininfor` VALUES ('126', 'axianlu', '127.0.0.1', 'IP', 'Chrome 8', 'Windows 10', '0', '', '2020-02-28 21:52:05');
INSERT INTO `sys_logininfor` VALUES ('127', 'axianlu', '127.0.0.1', 'IP', 'Chrome 8', 'Windows 10', '0', '', '2020-02-28 22:28:12');
INSERT INTO `sys_logininfor` VALUES ('128', 'chengxy', '127.0.0.1', 'IP', 'Chrome 8', 'Windows 10', '0', '', '2020-02-28 22:28:25');
INSERT INTO `sys_logininfor` VALUES ('129', 'chengxy', '127.0.0.1', 'IP', 'Chrome 8', 'Windows 10', '0', '', '2020-02-28 22:34:47');
INSERT INTO `sys_logininfor` VALUES ('130', 'rensm', '127.0.0.1', 'IP', 'Chrome 8', 'Windows 10', '1', '', '2020-02-28 22:34:54');
INSERT INTO `sys_logininfor` VALUES ('131', 'rensm', '127.0.0.1', 'IP', 'Chrome 8', 'Windows 10', '0', '', '2020-02-28 22:34:58');
INSERT INTO `sys_logininfor` VALUES ('132', 'admin', '127.0.0.1', 'IP', 'Chrome 8', 'Windows 10', '0', '', '2020-02-29 19:24:41');
INSERT INTO `sys_logininfor` VALUES ('133', 'admin', '127.0.0.1', 'IP', 'Chrome 8', 'Windows 10', '0', '', '2020-02-29 20:02:25');
INSERT INTO `sys_logininfor` VALUES ('134', 'rensm', '127.0.0.1', 'IP', 'Chrome 8', 'Windows 10', '0', '', '2020-02-29 20:02:33');
INSERT INTO `sys_logininfor` VALUES ('135', 'rensm', '127.0.0.1', 'IP', 'Chrome 8', 'Windows 10', '0', '', '2020-02-29 20:04:24');
INSERT INTO `sys_logininfor` VALUES ('136', 'chengxy', '127.0.0.1', 'IP', 'Chrome 8', 'Windows 10', '0', '', '2020-02-29 20:04:35');
INSERT INTO `sys_logininfor` VALUES ('137', 'chengxy', '127.0.0.1', 'IP', 'Chrome 8', 'Windows 10', '0', '', '2020-02-29 20:09:21');
INSERT INTO `sys_logininfor` VALUES ('138', 'admin', '127.0.0.1', 'IP', 'Chrome 8', 'Windows 10', '0', '', '2020-02-29 20:09:26');
INSERT INTO `sys_logininfor` VALUES ('139', 'admin', '127.0.0.1', 'IP', 'Chrome 8', 'Windows 10', '0', '', '2020-02-29 20:12:05');
INSERT INTO `sys_logininfor` VALUES ('140', 'chengxy', '127.0.0.1', 'IP', 'Chrome 8', 'Windows 10', '0', '', '2020-02-29 20:12:14');
INSERT INTO `sys_logininfor` VALUES ('141', 'chengxy', '127.0.0.1', 'IP', 'Chrome 8', 'Windows 10', '0', '', '2020-02-29 20:17:08');
INSERT INTO `sys_logininfor` VALUES ('142', 'admin', '127.0.0.1', 'IP', 'Chrome 8', 'Windows 10', '0', '', '2020-02-29 20:17:12');
INSERT INTO `sys_logininfor` VALUES ('143', 'admin', '127.0.0.1', 'IP', 'Chrome 8', 'Windows 10', '0', '', '2020-02-29 20:20:18');
INSERT INTO `sys_logininfor` VALUES ('144', 'admin', '127.0.0.1', 'IP', 'Chrome 8', 'Windows 10', '0', '', '2020-02-29 20:20:21');
INSERT INTO `sys_logininfor` VALUES ('145', 'admin', '127.0.0.1', 'IP', 'Chrome 8', 'Windows 10', '0', '', '2020-02-29 20:22:40');
INSERT INTO `sys_logininfor` VALUES ('146', 'admin', '127.0.0.1', 'IP', 'Chrome 8', 'Windows 10', '0', '', '2020-02-29 20:23:06');
INSERT INTO `sys_logininfor` VALUES ('147', 'admin', '127.0.0.1', 'IP', 'Chrome 8', 'Windows 10', '0', '', '2020-02-29 20:24:12');
INSERT INTO `sys_logininfor` VALUES ('148', 'chengxy', '127.0.0.1', 'IP', 'Chrome 8', 'Windows 10', '0', '', '2020-02-29 20:24:21');
INSERT INTO `sys_logininfor` VALUES ('149', 'chengxy', '127.0.0.1', 'IP', 'Chrome 8', 'Windows 10', '0', '', '2020-02-29 20:24:56');
INSERT INTO `sys_logininfor` VALUES ('150', 'axianlu', '127.0.0.1', 'IP', 'Chrome 8', 'Windows 10', '0', '', '2020-02-29 20:25:07');
INSERT INTO `sys_logininfor` VALUES ('151', 'axianlu', '127.0.0.1', 'IP', 'Chrome 8', 'Windows 10', '0', '', '2020-02-29 20:25:31');
INSERT INTO `sys_logininfor` VALUES ('152', 'chengxy', '127.0.0.1', 'IP', 'Chrome 8', 'Windows 10', '0', '', '2020-02-29 20:25:39');
INSERT INTO `sys_logininfor` VALUES ('153', 'chengxy', '127.0.0.1', 'IP', 'Chrome 8', 'Windows 10', '0', '', '2020-02-29 20:26:13');
INSERT INTO `sys_logininfor` VALUES ('154', 'axianlu', '127.0.0.1', 'IP', 'Chrome 8', 'Windows 10', '0', '', '2020-02-29 20:26:23');
INSERT INTO `sys_logininfor` VALUES ('155', 'axianlu', '127.0.0.1', 'IP', 'Chrome 8', 'Windows 10', '0', '', '2020-02-29 20:26:39');
INSERT INTO `sys_logininfor` VALUES ('156', 'rensm', '127.0.0.1', 'IP', 'Chrome 8', 'Windows 10', '0', '', '2020-02-29 20:26:48');
INSERT INTO `sys_logininfor` VALUES ('157', 'rensm', '127.0.0.1', 'IP', 'Chrome 8', 'Windows 10', '0', '', '2020-02-29 20:27:12');
INSERT INTO `sys_logininfor` VALUES ('158', 'admin', '127.0.0.1', 'IP', 'Chrome 8', 'Windows 10', '0', '', '2020-02-29 20:27:16');
INSERT INTO `sys_logininfor` VALUES ('159', 'admin', '127.0.0.1', 'IP', 'Chrome 8', 'Windows 10', '0', '', '2020-02-29 20:27:19');
INSERT INTO `sys_logininfor` VALUES ('160', 'rensm', '127.0.0.1', 'IP', 'Chrome 8', 'Windows 10', '1', '', '2020-02-29 20:27:24');
INSERT INTO `sys_logininfor` VALUES ('161', 'rensm', '127.0.0.1', 'IP', 'Chrome 8', 'Windows 10', '0', '', '2020-02-29 20:27:30');
INSERT INTO `sys_logininfor` VALUES ('162', 'rensm', '127.0.0.1', 'IP', 'Chrome 8', 'Windows 10', '0', '', '2020-02-29 20:27:48');
INSERT INTO `sys_logininfor` VALUES ('163', 'chengxy', '127.0.0.1', 'IP', 'Chrome 8', 'Windows 10', '0', '', '2020-02-29 20:27:57');
INSERT INTO `sys_logininfor` VALUES ('164', 'axianlu', '127.0.0.1', 'IP', 'Internet Explorer 11', 'Windows 10', '0', '', '2020-02-29 20:34:08');
INSERT INTO `sys_logininfor` VALUES ('165', 'axianlu', '127.0.0.1', 'IP', 'Internet Explorer 11', 'Windows 10', '0', '', '2020-02-29 20:34:29');
INSERT INTO `sys_logininfor` VALUES ('166', 'rensm', '127.0.0.1', 'IP', 'Internet Explorer 11', 'Windows 10', '0', '', '2020-02-29 20:34:41');
INSERT INTO `sys_logininfor` VALUES ('167', 'admin', '127.0.0.1', 'IP', 'Chrome 8', 'Windows 10', '0', '', '2020-03-08 19:58:50');
INSERT INTO `sys_logininfor` VALUES ('168', 'chengxy', '127.0.0.1', 'IP', 'Chrome 8', 'Windows 10', '0', '', '2020-03-08 19:58:56');
INSERT INTO `sys_logininfor` VALUES ('169', 'chengxy', '127.0.0.1', 'IP', 'Chrome 8', 'Windows 10', '0', '', '2020-03-08 19:59:05');
INSERT INTO `sys_logininfor` VALUES ('170', 'admin', '127.0.0.1', 'IP', 'Chrome 8', 'Windows 10', '0', '', '2020-03-08 19:59:07');
INSERT INTO `sys_logininfor` VALUES ('171', 'admin', '127.0.0.1', 'IP', 'Chrome 8', 'Windows 10', '0', '', '2020-03-08 20:02:18');
INSERT INTO `sys_logininfor` VALUES ('172', 'chengxy', '127.0.0.1', 'IP', 'Chrome 8', 'Windows 10', '0', '', '2020-03-08 20:02:24');
INSERT INTO `sys_logininfor` VALUES ('173', 'chengxy', '127.0.0.1', 'IP', 'Chrome 8', 'Windows 10', '0', '', '2020-03-08 20:02:31');
INSERT INTO `sys_logininfor` VALUES ('174', 'admin', '127.0.0.1', 'IP', 'Chrome 8', 'Windows 10', '0', '', '2020-03-08 20:02:33');
INSERT INTO `sys_logininfor` VALUES ('175', 'admin', '127.0.0.1', 'IP', 'Chrome 8', 'Windows 10', '0', '', '2020-03-08 20:03:46');
INSERT INTO `sys_logininfor` VALUES ('176', 'chengxy', '127.0.0.1', 'IP', 'Chrome 8', 'Windows 10', '0', '', '2020-03-08 20:03:50');
INSERT INTO `sys_logininfor` VALUES ('177', 'chengxy', '127.0.0.1', 'IP', 'Chrome 8', 'Windows 10', '0', '', '2020-03-08 20:05:16');
INSERT INTO `sys_logininfor` VALUES ('178', 'axianlu', '127.0.0.1', 'IP', 'Chrome 8', 'Windows 10', '0', '', '2020-03-08 20:05:22');
INSERT INTO `sys_logininfor` VALUES ('179', 'axianlu', '127.0.0.1', 'IP', 'Chrome 8', 'Windows 10', '0', '', '2020-03-08 20:05:43');
INSERT INTO `sys_logininfor` VALUES ('180', 'rensm', '127.0.0.1', 'IP', 'Chrome 8', 'Windows 10', '0', '', '2020-03-08 20:05:47');
INSERT INTO `sys_logininfor` VALUES ('181', 'admin', '127.0.0.1', 'IP', 'Chrome 8', 'Windows 10', '0', '', '2020-03-08 20:13:02');

-- ----------------------------
-- Table structure for sys_menu
-- ----------------------------
DROP TABLE IF EXISTS `sys_menu`;
CREATE TABLE `sys_menu` (
  `menu_id` bigint(20) NOT NULL AUTO_INCREMENT COMMENT 'ID',
  `menu_name` varchar(50) NOT NULL COMMENT '',
  `parent_id` bigint(20) DEFAULT '0' COMMENT 'ID',
  `order_num` int(4) DEFAULT '0' COMMENT '',
  `url` varchar(200) DEFAULT '#' COMMENT '',
  `target` varchar(20) DEFAULT '' COMMENT 'menuItem menuBlank',
  `menu_type` char(1) DEFAULT '' COMMENT 'M C F',
  `visible` char(1) DEFAULT '0' COMMENT '0 1',
  `perms` varchar(100) DEFAULT NULL COMMENT '',
  `icon` varchar(100) DEFAULT '#' COMMENT '',
  `create_by` varchar(64) DEFAULT '' COMMENT '',
  `create_time` datetime DEFAULT NULL COMMENT '',
  `update_by` varchar(64) DEFAULT '' COMMENT '',
  `update_time` datetime DEFAULT NULL COMMENT '',
  `remark` varchar(500) DEFAULT '' COMMENT '',
  PRIMARY KEY (`menu_id`)
) ENGINE=InnoDB AUTO_INCREMENT=2050 DEFAULT CHARSET=utf8 COMMENT='';

-- ----------------------------
-- Records of sys_menu
-- ----------------------------
INSERT INTO `sys_menu` VALUES ('1', '', '0', '1', '#', '', 'M', '0', '', 'fa fa-gear', 'admin', '2018-03-16 11:33:00', 'ry', '2018-03-16 11:33:00', '');
INSERT INTO `sys_menu` VALUES ('2', '', '0', '2', '#', '', 'M', '0', '', 'fa fa-video-camera', 'admin', '2018-03-16 11:33:00', 'ry', '2018-03-16 11:33:00', '');
INSERT INTO `sys_menu` VALUES ('3', '', '0', '3', '#', '', 'M', '0', '', 'fa fa-bars', 'admin', '2018-03-16 11:33:00', 'ry', '2018-03-16 11:33:00', '');
INSERT INTO `sys_menu` VALUES ('100', '', '1', '1', '/system/user', '', 'C', '0', 'system:user:view', '#', 'admin', '2018-03-16 11:33:00', 'ry', '2018-03-16 11:33:00', '');
INSERT INTO `sys_menu` VALUES ('101', '', '1', '2', '/system/role', '', 'C', '0', 'system:role:view', '#', 'admin', '2018-03-16 11:33:00', 'ry', '2018-03-16 11:33:00', '');
INSERT INTO `sys_menu` VALUES ('102', '', '1', '3', '/system/menu', '', 'C', '0', 'system:menu:view', '#', 'admin', '2018-03-16 11:33:00', 'ry', '2018-03-16 11:33:00', '');
INSERT INTO `sys_menu` VALUES ('103', '', '1', '4', '/system/dept', '', 'C', '0', 'system:dept:view', '#', 'admin', '2018-03-16 11:33:00', 'ry', '2018-03-16 11:33:00', '');
INSERT INTO `sys_menu` VALUES ('104', '', '1', '5', '/system/post', '', 'C', '0', 'system:post:view', '#', 'admin', '2018-03-16 11:33:00', 'ry', '2018-03-16 11:33:00', '');
INSERT INTO `sys_menu` VALUES ('105', '', '1', '6', '/system/dict', '', 'C', '0', 'system:dict:view', '#', 'admin', '2018-03-16 11:33:00', 'ry', '2018-03-16 11:33:00', '');
INSERT INTO `sys_menu` VALUES ('106', '', '1', '7', '/system/config', '', 'C', '0', 'system:config:view', '#', 'admin', '2018-03-16 11:33:00', 'ry', '2018-03-16 11:33:00', '');
INSERT INTO `sys_menu` VALUES ('107', '', '1', '8', '/system/notice', '', 'C', '0', 'system:notice:view', '#', 'admin', '2018-03-16 11:33:00', 'ry', '2018-03-16 11:33:00', '');
INSERT INTO `sys_menu` VALUES ('108', '', '1', '9', '#', '', 'M', '0', '', '#', 'admin', '2018-03-16 11:33:00', 'ry', '2018-03-16 11:33:00', '');
INSERT INTO `sys_menu` VALUES ('109', '', '2', '1', '/monitor/online', '', 'C', '0', 'monitor:online:view', '#', 'admin', '2018-03-16 11:33:00', 'ry', '2018-03-16 11:33:00', '');
INSERT INTO `sys_menu` VALUES ('110', '', '2', '2', '/monitor/job', '', 'C', '0', 'monitor:job:view', '#', 'admin', '2018-03-16 11:33:00', 'ry', '2018-03-16 11:33:00', '');
INSERT INTO `sys_menu` VALUES ('111', '', '2', '3', '/monitor/data', '', 'C', '0', 'monitor:data:view', '#', 'admin', '2018-03-16 11:33:00', 'ry', '2018-03-16 11:33:00', '');
INSERT INTO `sys_menu` VALUES ('112', '', '2', '3', '/monitor/server', '', 'C', '0', 'monitor:server:view', '#', 'admin', '2018-03-16 11:33:00', 'ry', '2018-03-16 11:33:00', '');
INSERT INTO `sys_menu` VALUES ('113', '', '3', '1', '/tool/build', '', 'C', '0', 'tool:build:view', '#', 'admin', '2018-03-16 11:33:00', 'ry', '2018-03-16 11:33:00', '');
INSERT INTO `sys_menu` VALUES ('114', '', '3', '2', '/tool/gen', '', 'C', '0', 'tool:gen:view', '#', 'admin', '2018-03-16 11:33:00', 'ry', '2018-03-16 11:33:00', '');
INSERT INTO `sys_menu` VALUES ('115', '', '3', '3', '/tool/swagger', '', 'C', '0', 'tool:swagger:view', '#', 'admin', '2018-03-16 11:33:00', 'ry', '2018-03-16 11:33:00', '');
INSERT INTO `sys_menu` VALUES ('500', '', '108', '1', '/monitor/operlog', '', 'C', '0', 'monitor:operlog:view', '#', 'admin', '2018-03-16 11:33:00', 'ry', '2018-03-16 11:33:00', '');
INSERT INTO `sys_menu` VALUES ('501', '', '108', '2', '/monitor/logininfor', '', 'C', '0', 'monitor:logininfor:view', '#', 'admin', '2018-03-16 11:33:00', 'ry', '2018-03-16 11:33:00', '');
INSERT INTO `sys_menu` VALUES ('1000', '', '100', '1', '#', '', 'F', '0', 'system:user:list', '#', 'admin', '2018-03-16 11:33:00', 'ry', '2018-03-16 11:33:00', '');
INSERT INTO `sys_menu` VALUES ('1001', '', '100', '2', '#', '', 'F', '0', 'system:user:add', '#', 'admin', '2018-03-16 11:33:00', 'ry', '2018-03-16 11:33:00', '');
INSERT INTO `sys_menu` VALUES ('1002', '', '100', '3', '#', '', 'F', '0', 'system:user:edit', '#', 'admin', '2018-03-16 11:33:00', 'ry', '2018-03-16 11:33:00', '');
INSERT INTO `sys_menu` VALUES ('1003', '', '100', '4', '#', '', 'F', '0', 'system:user:remove', '#', 'admin', '2018-03-16 11:33:00', 'ry', '2018-03-16 11:33:00', '');
INSERT INTO `sys_menu` VALUES ('1004', '', '100', '5', '#', '', 'F', '0', 'system:user:export', '#', 'admin', '2018-03-16 11:33:00', 'ry', '2018-03-16 11:33:00', '');
INSERT INTO `sys_menu` VALUES ('1005', '', '100', '6', '#', '', 'F', '0', 'system:user:import', '#', 'admin', '2018-03-16 11:33:00', 'ry', '2018-03-16 11:33:00', '');
INSERT INTO `sys_menu` VALUES ('1006', '', '100', '7', '#', '', 'F', '0', 'system:user:resetPwd', '#', 'admin', '2018-03-16 11:33:00', 'ry', '2018-03-16 11:33:00', '');
INSERT INTO `sys_menu` VALUES ('1007', '', '101', '1', '#', '', 'F', '0', 'system:role:list', '#', 'admin', '2018-03-16 11:33:00', 'ry', '2018-03-16 11:33:00', '');
INSERT INTO `sys_menu` VALUES ('1008', '', '101', '2', '#', '', 'F', '0', 'system:role:add', '#', 'admin', '2018-03-16 11:33:00', 'ry', '2018-03-16 11:33:00', '');
INSERT INTO `sys_menu` VALUES ('1009', '', '101', '3', '#', '', 'F', '0', 'system:role:edit', '#', 'admin', '2018-03-16 11:33:00', 'ry', '2018-03-16 11:33:00', '');
INSERT INTO `sys_menu` VALUES ('1010', '', '101', '4', '#', '', 'F', '0', 'system:role:remove', '#', 'admin', '2018-03-16 11:33:00', 'ry', '2018-03-16 11:33:00', '');
INSERT INTO `sys_menu` VALUES ('1011', '', '101', '5', '#', '', 'F', '0', 'system:role:export', '#', 'admin', '2018-03-16 11:33:00', 'ry', '2018-03-16 11:33:00', '');
INSERT INTO `sys_menu` VALUES ('1012', '', '102', '1', '#', '', 'F', '0', 'system:menu:list', '#', 'admin', '2018-03-16 11:33:00', 'ry', '2018-03-16 11:33:00', '');
INSERT INTO `sys_menu` VALUES ('1013', '', '102', '2', '#', '', 'F', '0', 'system:menu:add', '#', 'admin', '2018-03-16 11:33:00', 'ry', '2018-03-16 11:33:00', '');
INSERT INTO `sys_menu` VALUES ('1014', '', '102', '3', '#', '', 'F', '0', 'system:menu:edit', '#', 'admin', '2018-03-16 11:33:00', 'ry', '2018-03-16 11:33:00', '');
INSERT INTO `sys_menu` VALUES ('1015', '', '102', '4', '#', '', 'F', '0', 'system:menu:remove', '#', 'admin', '2018-03-16 11:33:00', 'ry', '2018-03-16 11:33:00', '');
INSERT INTO `sys_menu` VALUES ('1016', '', '103', '1', '#', '', 'F', '0', 'system:dept:list', '#', 'admin', '2018-03-16 11:33:00', 'ry', '2018-03-16 11:33:00', '');
INSERT INTO `sys_menu` VALUES ('1017', '', '103', '2', '#', '', 'F', '0', 'system:dept:add', '#', 'admin', '2018-03-16 11:33:00', 'ry', '2018-03-16 11:33:00', '');
INSERT INTO `sys_menu` VALUES ('1018', '', '103', '3', '#', '', 'F', '0', 'system:dept:edit', '#', 'admin', '2018-03-16 11:33:00', 'ry', '2018-03-16 11:33:00', '');
INSERT INTO `sys_menu` VALUES ('1019', '', '103', '4', '#', '', 'F', '0', 'system:dept:remove', '#', 'admin', '2018-03-16 11:33:00', 'ry', '2018-03-16 11:33:00', '');
INSERT INTO `sys_menu` VALUES ('1020', '', '104', '1', '#', '', 'F', '0', 'system:post:list', '#', 'admin', '2018-03-16 11:33:00', 'ry', '2018-03-16 11:33:00', '');
INSERT INTO `sys_menu` VALUES ('1021', '', '104', '2', '#', '', 'F', '0', 'system:post:add', '#', 'admin', '2018-03-16 11:33:00', 'ry', '2018-03-16 11:33:00', '');
INSERT INTO `sys_menu` VALUES ('1022', '', '104', '3', '#', '', 'F', '0', 'system:post:edit', '#', 'admin', '2018-03-16 11:33:00', 'ry', '2018-03-16 11:33:00', '');
INSERT INTO `sys_menu` VALUES ('1023', '', '104', '4', '#', '', 'F', '0', 'system:post:remove', '#', 'admin', '2018-03-16 11:33:00', 'ry', '2018-03-16 11:33:00', '');
INSERT INTO `sys_menu` VALUES ('1024', '', '104', '5', '#', '', 'F', '0', 'system:post:export', '#', 'admin', '2018-03-16 11:33:00', 'ry', '2018-03-16 11:33:00', '');
INSERT INTO `sys_menu` VALUES ('1025', '', '105', '1', '#', '', 'F', '0', 'system:dict:list', '#', 'admin', '2018-03-16 11:33:00', 'ry', '2018-03-16 11:33:00', '');
INSERT INTO `sys_menu` VALUES ('1026', '', '105', '2', '#', '', 'F', '0', 'system:dict:add', '#', 'admin', '2018-03-16 11:33:00', 'ry', '2018-03-16 11:33:00', '');
INSERT INTO `sys_menu` VALUES ('1027', '', '105', '3', '#', '', 'F', '0', 'system:dict:edit', '#', 'admin', '2018-03-16 11:33:00', 'ry', '2018-03-16 11:33:00', '');
INSERT INTO `sys_menu` VALUES ('1028', '', '105', '4', '#', '', 'F', '0', 'system:dict:remove', '#', 'admin', '2018-03-16 11:33:00', 'ry', '2018-03-16 11:33:00', '');
INSERT INTO `sys_menu` VALUES ('1029', '', '105', '5', '#', '', 'F', '0', 'system:dict:export', '#', 'admin', '2018-03-16 11:33:00', 'ry', '2018-03-16 11:33:00', '');
INSERT INTO `sys_menu` VALUES ('1030', '', '106', '1', '#', '', 'F', '0', 'system:config:list', '#', 'admin', '2018-03-16 11:33:00', 'ry', '2018-03-16 11:33:00', '');
INSERT INTO `sys_menu` VALUES ('1031', '', '106', '2', '#', '', 'F', '0', 'system:config:add', '#', 'admin', '2018-03-16 11:33:00', 'ry', '2018-03-16 11:33:00', '');
INSERT INTO `sys_menu` VALUES ('1032', '', '106', '3', '#', '', 'F', '0', 'system:config:edit', '#', 'admin', '2018-03-16 11:33:00', 'ry', '2018-03-16 11:33:00', '');
INSERT INTO `sys_menu` VALUES ('1033', '', '106', '4', '#', '', 'F', '0', 'system:config:remove', '#', 'admin', '2018-03-16 11:33:00', 'ry', '2018-03-16 11:33:00', '');
INSERT INTO `sys_menu` VALUES ('1034', '', '106', '5', '#', '', 'F', '0', 'system:config:export', '#', 'admin', '2018-03-16 11:33:00', 'ry', '2018-03-16 11:33:00', '');
INSERT INTO `sys_menu` VALUES ('1035', '', '107', '1', '#', '', 'F', '0', 'system:notice:list', '#', 'admin', '2018-03-16 11:33:00', 'ry', '2018-03-16 11:33:00', '');
INSERT INTO `sys_menu` VALUES ('1036', '', '107', '2', '#', '', 'F', '0', 'system:notice:add', '#', 'admin', '2018-03-16 11:33:00', 'ry', '2018-03-16 11:33:00', '');
INSERT INTO `sys_menu` VALUES ('1037', '', '107', '3', '#', '', 'F', '0', 'system:notice:edit', '#', 'admin', '2018-03-16 11:33:00', 'ry', '2018-03-16 11:33:00', '');
INSERT INTO `sys_menu` VALUES ('1038', '', '107', '4', '#', '', 'F', '0', 'system:notice:remove', '#', 'admin', '2018-03-16 11:33:00', 'ry', '2018-03-16 11:33:00', '');
INSERT INTO `sys_menu` VALUES ('1039', '', '500', '1', '#', '', 'F', '0', 'monitor:operlog:list', '#', 'admin', '2018-03-16 11:33:00', 'ry', '2018-03-16 11:33:00', '');
INSERT INTO `sys_menu` VALUES ('1040', '', '500', '2', '#', '', 'F', '0', 'monitor:operlog:remove', '#', 'admin', '2018-03-16 11:33:00', 'ry', '2018-03-16 11:33:00', '');
INSERT INTO `sys_menu` VALUES ('1041', '', '500', '3', '#', '', 'F', '0', 'monitor:operlog:detail', '#', 'admin', '2018-03-16 11:33:00', 'ry', '2018-03-16 11:33:00', '');
INSERT INTO `sys_menu` VALUES ('1042', '', '500', '4', '#', '', 'F', '0', 'monitor:operlog:export', '#', 'admin', '2018-03-16 11:33:00', 'ry', '2018-03-16 11:33:00', '');
INSERT INTO `sys_menu` VALUES ('1043', '', '501', '1', '#', '', 'F', '0', 'monitor:logininfor:list', '#', 'admin', '2018-03-16 11:33:00', 'ry', '2018-03-16 11:33:00', '');
INSERT INTO `sys_menu` VALUES ('1044', '', '501', '2', '#', '', 'F', '0', 'monitor:logininfor:remove', '#', 'admin', '2018-03-16 11:33:00', 'ry', '2018-03-16 11:33:00', '');
INSERT INTO `sys_menu` VALUES ('1045', '', '501', '3', '#', '', 'F', '0', 'monitor:logininfor:export', '#', 'admin', '2018-03-16 11:33:00', 'ry', '2018-03-16 11:33:00', '');
INSERT INTO `sys_menu` VALUES ('1046', '', '109', '1', '#', '', 'F', '0', 'monitor:online:list', '#', 'admin', '2018-03-16 11:33:00', 'ry', '2018-03-16 11:33:00', '');
INSERT INTO `sys_menu` VALUES ('1047', '', '109', '2', '#', '', 'F', '0', 'monitor:online:batchForceLogout', '#', 'admin', '2018-03-16 11:33:00', 'ry', '2018-03-16 11:33:00', '');
INSERT INTO `sys_menu` VALUES ('1048', '', '109', '3', '#', '', 'F', '0', 'monitor:online:forceLogout', '#', 'admin', '2018-03-16 11:33:00', 'ry', '2018-03-16 11:33:00', '');
INSERT INTO `sys_menu` VALUES ('1049', '', '110', '1', '#', '', 'F', '0', 'monitor:job:list', '#', 'admin', '2018-03-16 11:33:00', 'ry', '2018-03-16 11:33:00', '');
INSERT INTO `sys_menu` VALUES ('1050', '', '110', '2', '#', '', 'F', '0', 'monitor:job:add', '#', 'admin', '2018-03-16 11:33:00', 'ry', '2018-03-16 11:33:00', '');
INSERT INTO `sys_menu` VALUES ('1051', '', '110', '3', '#', '', 'F', '0', 'monitor:job:edit', '#', 'admin', '2018-03-16 11:33:00', 'ry', '2018-03-16 11:33:00', '');
INSERT INTO `sys_menu` VALUES ('1052', '', '110', '4', '#', '', 'F', '0', 'monitor:job:remove', '#', 'admin', '2018-03-16 11:33:00', 'ry', '2018-03-16 11:33:00', '');
INSERT INTO `sys_menu` VALUES ('1053', '', '110', '5', '#', '', 'F', '0', 'monitor:job:changeStatus', '#', 'admin', '2018-03-16 11:33:00', 'ry', '2018-03-16 11:33:00', '');
INSERT INTO `sys_menu` VALUES ('1054', '', '110', '6', '#', '', 'F', '0', 'monitor:job:detail', '#', 'admin', '2018-03-16 11:33:00', 'ry', '2018-03-16 11:33:00', '');
INSERT INTO `sys_menu` VALUES ('1055', '', '110', '7', '#', '', 'F', '0', 'monitor:job:export', '#', 'admin', '2018-03-16 11:33:00', 'ry', '2018-03-16 11:33:00', '');
INSERT INTO `sys_menu` VALUES ('1056', '', '114', '1', '#', '', 'F', '0', 'tool:gen:list', '#', 'admin', '2018-03-16 11:33:00', 'ry', '2018-03-16 11:33:00', '');
INSERT INTO `sys_menu` VALUES ('1057', '', '114', '2', '#', '', 'F', '0', 'tool:gen:edit', '#', 'admin', '2018-03-16 11:33:00', 'ry', '2018-03-16 11:33:00', '');
INSERT INTO `sys_menu` VALUES ('1058', '', '114', '3', '#', '', 'F', '0', 'tool:gen:remove', '#', 'admin', '2018-03-16 11:33:00', 'ry', '2018-03-16 11:33:00', '');
INSERT INTO `sys_menu` VALUES ('1059', '', '114', '4', '#', '', 'F', '0', 'tool:gen:preview', '#', 'admin', '2018-03-16 11:33:00', 'ry', '2018-03-16 11:33:00', '');
INSERT INTO `sys_menu` VALUES ('1060', '', '114', '5', '#', '', 'F', '0', 'tool:gen:code', '#', 'admin', '2018-03-16 11:33:00', 'ry', '2018-03-16 11:33:00', '');
INSERT INTO `sys_menu` VALUES ('2000', '', '0', '4', '#', 'menuItem', 'M', '0', '', 'fa fa-gears', 'admin', '2019-09-29 21:32:17', 'admin', '2019-10-09 10:29:21', '');
INSERT INTO `sys_menu` VALUES ('2001', '()', '2000', '1', '/bpmn/index.html', 'menuItem', 'C', '1', '', '#', 'admin', '2019-09-29 21:34:38', 'admin', '2019-11-19 17:28:16', '');
INSERT INTO `sys_menu` VALUES ('2002', '', '2000', '2', '/process/definition', 'menuItem', 'C', '0', 'process:definition:view', '#', 'admin', '2019-09-30 20:13:03', '', null, '');
INSERT INTO `sys_menu` VALUES ('2005', '', '2000', '3', '/process/user', 'menuItem', 'C', '0', 'process:user:view', '#', 'admin', '2018-03-01 00:00:00', 'admin', '2019-10-02 17:30:10', '');
INSERT INTO `sys_menu` VALUES ('2006', '', '2005', '1', '#', '', 'F', '0', 'process:user:list', '#', 'admin', '2018-03-01 00:00:00', 'ry', '2018-03-01 00:00:00', '');
INSERT INTO `sys_menu` VALUES ('2007', '', '2005', '2', '#', '', 'F', '0', 'process:user:add', '#', 'admin', '2018-03-01 00:00:00', 'ry', '2018-03-01 00:00:00', '');
INSERT INTO `sys_menu` VALUES ('2008', '', '2005', '3', '#', '', 'F', '0', 'process:user:edit', '#', 'admin', '2018-03-01 00:00:00', 'ry', '2018-03-01 00:00:00', '');
INSERT INTO `sys_menu` VALUES ('2009', '', '2005', '4', '#', '', 'F', '0', 'process:user:remove', '#', 'admin', '2018-03-01 00:00:00', 'ry', '2018-03-01 00:00:00', '');
INSERT INTO `sys_menu` VALUES ('2010', '', '2005', '5', '#', '', 'F', '0', 'process:user:export', '#', 'admin', '2018-03-01 00:00:00', 'ry', '2018-03-01 00:00:00', '');
INSERT INTO `sys_menu` VALUES ('2011', '', '2000', '4', '/process/group', 'menuItem', 'C', '0', 'process:group:view', '#', 'admin', '2018-03-01 00:00:00', 'admin', '2019-10-02 20:35:49', '');
INSERT INTO `sys_menu` VALUES ('2012', '', '2011', '1', '#', '', 'F', '0', 'process:group:list', '#', 'admin', '2018-03-01 00:00:00', 'ry', '2018-03-01 00:00:00', '');
INSERT INTO `sys_menu` VALUES ('2013', '', '2011', '2', '#', '', 'F', '0', 'process:group:add', '#', 'admin', '2018-03-01 00:00:00', 'ry', '2018-03-01 00:00:00', '');
INSERT INTO `sys_menu` VALUES ('2014', '', '2011', '3', '#', '', 'F', '0', 'process:group:edit', '#', 'admin', '2018-03-01 00:00:00', 'ry', '2018-03-01 00:00:00', '');
INSERT INTO `sys_menu` VALUES ('2015', '', '2011', '4', '#', '', 'F', '0', 'process:group:remove', '#', 'admin', '2018-03-01 00:00:00', 'ry', '2018-03-01 00:00:00', '');
INSERT INTO `sys_menu` VALUES ('2016', '', '2011', '5', '#', '', 'F', '0', 'process:group:export', '#', 'admin', '2018-03-01 00:00:00', 'ry', '2018-03-01 00:00:00', '');
INSERT INTO `sys_menu` VALUES ('2017', '', '0', '5', '#', 'menuItem', 'M', '0', null, 'fa fa-paper-plane', 'admin', '2019-10-09 10:31:41', '', null, '');
INSERT INTO `sys_menu` VALUES ('2018', '', '2024', '1', '/process/leave', 'menuItem', 'C', '0', 'process:leave:view', '#', 'admin', '2018-03-01 00:00:00', 'admin', '2019-10-12 16:20:07', '');
INSERT INTO `sys_menu` VALUES ('2019', '', '2018', '1', '#', '', 'F', '0', 'process:leave:list', '#', 'admin', '2018-03-01 00:00:00', 'ry', '2018-03-01 00:00:00', '');
INSERT INTO `sys_menu` VALUES ('2020', '', '2018', '2', '#', '', 'F', '0', 'process:leave:add', '#', 'admin', '2018-03-01 00:00:00', 'ry', '2018-03-01 00:00:00', '');
INSERT INTO `sys_menu` VALUES ('2021', '', '2018', '3', '#', '', 'F', '0', 'process:leave:edit', '#', 'admin', '2018-03-01 00:00:00', 'ry', '2018-03-01 00:00:00', '');
INSERT INTO `sys_menu` VALUES ('2022', '', '2018', '4', '#', '', 'F', '0', 'process:leave:remove', '#', 'admin', '2018-03-01 00:00:00', 'ry', '2018-03-01 00:00:00', '');
INSERT INTO `sys_menu` VALUES ('2023', '', '2018', '5', '#', '', 'F', '0', 'process:leave:export', '#', 'admin', '2018-03-01 00:00:00', 'ry', '2018-03-01 00:00:00', '');
INSERT INTO `sys_menu` VALUES ('2024', '', '2017', '1', '#', 'menuItem', 'M', '0', null, '#', 'admin', '2019-10-12 16:19:49', '', null, '');
INSERT INTO `sys_menu` VALUES ('2025', '', '2024', '2', '/process/leave/leaveTodo', 'menuItem', 'C', '0', 'process:leave:todoView', '#', 'admin', '2019-10-12 16:34:43', 'admin', '2019-10-12 16:45:52', '');
INSERT INTO `sys_menu` VALUES ('2026', '', '2025', '1', '#', 'menuItem', 'F', '0', 'process:leave:taskList', '#', 'admin', '2019-10-12 16:48:56', '', null, '');
INSERT INTO `sys_menu` VALUES ('2027', '', '2024', '3', '/process/leave/leaveDone', 'menuItem', 'C', '0', 'process:leave:doneView', '#', 'admin', '2019-10-17 19:24:49', 'admin', '2019-10-17 19:25:06', '');
INSERT INTO `sys_menu` VALUES ('2028', '', '2027', '1', '#', 'menuItem', 'F', '0', 'process:leave:taskDoneList', '#', 'admin', '2019-10-17 19:26:02', '', null, '');
INSERT INTO `sys_menu` VALUES ('2029', '', '2017', '2', '#', 'menuItem', 'M', '0', null, '#', 'admin', '2019-10-22 16:41:06', '', null, '');
INSERT INTO `sys_menu` VALUES ('2030', '()', '2029', '1', '/process/leaveCounterSign', 'menuItem', 'C', '0', 'process:leaveCounterSign:view', '#', 'admin', '2019-10-22 16:42:16', 'admin', '2019-10-22 17:03:48', '');
INSERT INTO `sys_menu` VALUES ('2031', '', '2030', '1', '#', 'menuItem', 'F', '0', 'process:leaveCounterSign:list', '#', 'admin', '2019-10-23 16:44:22', '', null, '');
INSERT INTO `sys_menu` VALUES ('2032', '', '2030', '2', '#', 'menuItem', 'F', '0', 'process:leaveCounterSign:add', '#', 'admin', '2019-10-23 16:50:38', '', null, '');
INSERT INTO `sys_menu` VALUES ('2033', '', '2030', '3', '#', 'menuItem', 'F', '0', 'process:leaveCounterSign:edit', '#', 'admin', '2019-10-23 16:51:23', '', null, '');
INSERT INTO `sys_menu` VALUES ('2034', '', '2030', '4', '#', 'menuItem', 'F', '0', 'process:leaveCounterSign:remove', '#', 'admin', '2019-10-23 16:51:50', '', null, '');
INSERT INTO `sys_menu` VALUES ('2035', '', '2029', '2', '/process/leaveCounterSign/leaveTodo', 'menuItem', 'C', '0', 'process:leaveCounterSign:todoView', '#', 'admin', '2019-10-24 17:07:31', '', null, '');
INSERT INTO `sys_menu` VALUES ('2036', '', '2035', '1', '#', 'menuItem', 'F', '0', 'process:leaveCounterSign:taskList', '#', 'admin', '2019-10-24 17:08:13', '', null, '');
INSERT INTO `sys_menu` VALUES ('2037', '', '2029', '3', '/process/leaveCounterSign/leaveDone', 'menuItem', 'C', '0', 'process:leaveCounterSign:doneView', '#', 'admin', '2019-10-28 21:49:49', '', null, '');
INSERT INTO `sys_menu` VALUES ('2038', '', '2037', '1', '#', 'menuItem', 'F', '0', 'process:leaveCounterSign:taskDoneList', '#', 'admin', '2019-10-28 21:50:28', '', null, '');
INSERT INTO `sys_menu` VALUES ('2039', '', '2045', '1', '/process/todoitem', 'menuItem', 'C', '0', 'process:todoitem:view', '#', 'admin', '2018-03-01 00:00:00', 'admin', '2019-11-08 11:54:09', '');
INSERT INTO `sys_menu` VALUES ('2040', '', '2039', '1', '#', '', 'F', '0', 'process:todoitem:list', '#', 'admin', '2018-03-01 00:00:00', 'ry', '2018-03-01 00:00:00', '');
INSERT INTO `sys_menu` VALUES ('2044', '', '2039', '5', '#', '', 'F', '0', 'process:todoitem:export', '#', 'admin', '2018-03-01 00:00:00', 'ry', '2018-03-01 00:00:00', '');
INSERT INTO `sys_menu` VALUES ('2045', '', '2017', '3', '#', 'menuItem', 'M', '0', null, '#', 'admin', '2019-11-08 11:53:25', '', null, '');
INSERT INTO `sys_menu` VALUES ('2046', '', '2045', '2', '/process/todoitem/doneitemView', 'menuItem', 'C', '0', 'process:todoitem:doneView', '#', 'admin', '2019-11-10 19:48:43', '', null, '');
INSERT INTO `sys_menu` VALUES ('2047', '', '2046', '1', '#', 'menuItem', 'F', '0', 'process:todoitem:doneList', '#', 'admin', '2019-11-10 19:50:29', '', null, '');
INSERT INTO `sys_menu` VALUES ('2048', '', '2046', '2', '#', 'menuItem', 'F', '0', 'process:todoitem:doneExport', '#', 'admin', '2019-11-10 19:51:02', '', null, '');
INSERT INTO `sys_menu` VALUES ('2049', '', '2000', '1', '/process/modeler/modelList', 'menuItem', 'C', '0', '', '#', 'admin', '2019-11-18 20:49:12', 'admin', '2019-11-19 16:06:21', '');

-- ----------------------------
-- Table structure for sys_notice
-- ----------------------------
DROP TABLE IF EXISTS `sys_notice`;
CREATE TABLE `sys_notice` (
  `notice_id` int(4) NOT NULL AUTO_INCREMENT COMMENT 'ID',
  `notice_title` varchar(50) NOT NULL COMMENT '',
  `notice_type` char(1) NOT NULL COMMENT '1 2',
  `notice_content` varchar(2000) DEFAULT NULL COMMENT '',
  `status` char(1) DEFAULT '0' COMMENT '0 1',
  `create_by` varchar(64) DEFAULT '' COMMENT '',
  `create_time` datetime DEFAULT NULL COMMENT '',
  `update_by` varchar(64) DEFAULT '' COMMENT '',
  `update_time` datetime DEFAULT NULL COMMENT '',
  `remark` varchar(255) DEFAULT NULL COMMENT '',
  PRIMARY KEY (`notice_id`)
) ENGINE=InnoDB AUTO_INCREMENT=3 DEFAULT CHARSET=utf8 COMMENT='';

-- ----------------------------
-- Records of sys_notice
-- ----------------------------
INSERT INTO `sys_notice` VALUES ('1', '2018-07-01 ', '2', '', '0', 'admin', '2018-03-16 11:33:00', 'ry', '2018-03-16 11:33:00', '');
INSERT INTO `sys_notice` VALUES ('2', '2018-07-01 ', '1', '', '0', 'admin', '2018-03-16 11:33:00', 'ry', '2018-03-16 11:33:00', '');

-- ----------------------------
-- Table structure for sys_oper_log
-- ----------------------------
DROP TABLE IF EXISTS `sys_oper_log`;
CREATE TABLE `sys_oper_log` (
  `oper_id` bigint(20) NOT NULL AUTO_INCREMENT COMMENT '',
  `title` varchar(50) DEFAULT '' COMMENT '',
  `business_type` int(2) DEFAULT '0' COMMENT '0 1 2 3',
  `method` varchar(100) DEFAULT '' COMMENT '',
  `request_method` varchar(10) DEFAULT '' COMMENT '',
  `operator_type` int(1) DEFAULT '0' COMMENT '0 1 2',
  `oper_name` varchar(50) DEFAULT '' COMMENT '',
  `dept_name` varchar(50) DEFAULT '' COMMENT '',
  `oper_url` varchar(255) DEFAULT '' COMMENT 'URL',
  `oper_ip` varchar(50) DEFAULT '' COMMENT '',
  `oper_location` varchar(255) DEFAULT '' COMMENT '',
  `oper_param` varchar(2000) DEFAULT '' COMMENT '',
  `json_result` varchar(2000) DEFAULT '' COMMENT '',
  `status` int(1) DEFAULT '0' COMMENT '0 1',
  `error_msg` varchar(2000) DEFAULT '' COMMENT '',
  `oper_time` datetime DEFAULT NULL COMMENT '',
  PRIMARY KEY (`oper_id`)
) ENGINE=InnoDB AUTO_INCREMENT=143 DEFAULT CHARSET=utf8 COMMENT='';

-- ----------------------------
-- Records of sys_oper_log
-- ----------------------------
INSERT INTO `sys_oper_log` VALUES ('100', '', '1', 'com.ruoyi.web.controller.system.SysMenuController.addSave()', 'POST', '1', 'admin', '', '/system/menu/add', '127.0.0.1', 'IP', '{\r\n  \"parentId\" : [ \"0\" ],\r\n  \"menuType\" : [ \"M\" ],\r\n  \"menuName\" : [ \"\" ],\r\n  \"url\" : [ \"\" ],\r\n  \"target\" : [ \"menuItem\" ],\r\n  \"perms\" : [ \"\" ],\r\n  \"orderNum\" : [ \"4\" ],\r\n  \"icon\" : [ \"fa fa-cogs\" ],\r\n  \"visible\" : [ \"0\" ]\r\n}', '{\r\n  \"msg\" : \"\",\r\n  \"code\" : 0\r\n}', '0', null, '2020-02-25 21:00:54');
INSERT INTO `sys_oper_log` VALUES ('101', '', '1', 'com.ruoyi.web.controller.system.SysMenuController.addSave()', 'POST', '1', 'admin', '', '/system/menu/add', '127.0.0.1', 'IP', '{\r\n  \"parentId\" : [ \"2000\" ],\r\n  \"menuType\" : [ \"C\" ],\r\n  \"menuName\" : [ \"\" ],\r\n  \"url\" : [ \"/modeler/model\" ],\r\n  \"target\" : [ \"menuItem\" ],\r\n  \"perms\" : [ \"\" ],\r\n  \"orderNum\" : [ \"1\" ],\r\n  \"icon\" : [ \"#\" ],\r\n  \"visible\" : [ \"0\" ]\r\n}', '{\r\n  \"msg\" : \"\",\r\n  \"code\" : 0\r\n}', '0', null, '2020-02-25 21:04:53');
INSERT INTO `sys_oper_log` VALUES ('102', '', '2', 'com.ruoyi.web.controller.system.SysMenuController.editSave()', 'POST', '1', 'admin', '', '/system/menu/edit', '127.0.0.1', 'IP', '{\r\n  \"menuId\" : [ \"2001\" ],\r\n  \"parentId\" : [ \"2000\" ],\r\n  \"menuType\" : [ \"C\" ],\r\n  \"menuName\" : [ \"\" ],\r\n  \"url\" : [ \"/modeler/modelList\" ],\r\n  \"target\" : [ \"menuItem\" ],\r\n  \"perms\" : [ \"\" ],\r\n  \"orderNum\" : [ \"1\" ],\r\n  \"icon\" : [ \"#\" ],\r\n  \"visible\" : [ \"0\" ]\r\n}', '{\r\n  \"msg\" : \"\",\r\n  \"code\" : 0\r\n}', '0', null, '2020-02-25 21:40:37');
INSERT INTO `sys_oper_log` VALUES ('103', '', '3', 'com.ruoyi.activiti.modeler.ModelerController.remove()', 'POST', '1', 'admin', '', '/modeler/remove', '127.0.0.1', 'IP', '{\r\n  \"ids\" : [ \"10006\" ]\r\n}', '{\r\n  \"msg\" : \"\",\r\n  \"code\" : 0\r\n}', '0', null, '2020-02-26 19:53:56');
INSERT INTO `sys_oper_log` VALUES ('104', '', '1', 'com.ruoyi.web.controller.system.SysMenuController.addSave()', 'POST', '1', 'admin', '', '/system/menu/add', '127.0.0.1', 'IP', '{\r\n  \"parentId\" : [ \"2000\" ],\r\n  \"menuType\" : [ \"C\" ],\r\n  \"menuName\" : [ \"\" ],\r\n  \"url\" : [ \"/definition\" ],\r\n  \"target\" : [ \"menuItem\" ],\r\n  \"perms\" : [ \"\" ],\r\n  \"orderNum\" : [ \"2\" ],\r\n  \"icon\" : [ \"#\" ],\r\n  \"visible\" : [ \"0\" ]\r\n}', '{\r\n  \"msg\" : \"\",\r\n  \"code\" : 0\r\n}', '0', null, '2020-02-26 22:00:43');
INSERT INTO `sys_oper_log` VALUES ('105', '', '3', 'com.ruoyi.activiti.controller.ProcessDefinitionController.remove()', 'POST', '1', 'admin', '', '/definition/remove', '127.0.0.1', 'IP', '{\r\n  \"ids\" : [ \"1\" ]\r\n}', '{\r\n  \"msg\" : \"\",\r\n  \"code\" : 500\r\n}', '0', null, '2020-02-26 22:15:16');
INSERT INTO `sys_oper_log` VALUES ('106', '', '3', 'com.ruoyi.activiti.controller.ProcessDefinitionController.remove()', 'POST', '1', 'admin', '', '/definition/remove', '127.0.0.1', 'IP', '{\r\n  \"ids\" : [ \"1\" ]\r\n}', '{\r\n  \"msg\" : \"\",\r\n  \"code\" : 500\r\n}', '0', null, '2020-02-26 22:15:49');
INSERT INTO `sys_oper_log` VALUES ('107', '', '3', 'com.ruoyi.activiti.controller.ProcessDefinitionController.remove()', 'POST', '1', 'admin', '', '/definition/remove', '127.0.0.1', 'IP', '{\r\n  \"ids\" : [ \"1\" ]\r\n}', '{\r\n  \"msg\" : \"\",\r\n  \"code\" : 500\r\n}', '0', null, '2020-02-26 22:19:17');
INSERT INTO `sys_oper_log` VALUES ('108', '', '3', 'com.ruoyi.activiti.controller.ProcessDefinitionController.remove()', 'POST', '1', 'admin', '', '/definition/remove', '127.0.0.1', 'IP', '{\r\n  \"ids\" : [ \"1\" ]\r\n}', '{\r\n  \"msg\" : \"\",\r\n  \"code\" : 500\r\n}', '0', null, '2020-02-26 22:19:46');
INSERT INTO `sys_oper_log` VALUES ('109', '', '3', 'com.ruoyi.activiti.controller.ProcessDefinitionController.remove()', 'POST', '1', 'admin', '', '/definition/remove', '127.0.0.1', 'IP', '{\r\n  \"ids\" : [ \"1\" ]\r\n}', '{\r\n  \"msg\" : \"\",\r\n  \"code\" : 500\r\n}', '0', null, '2020-02-26 22:22:18');
INSERT INTO `sys_oper_log` VALUES ('110', '', '3', 'com.ruoyi.activiti.controller.ProcessDefinitionController.remove()', 'POST', '1', 'admin', '', '/definition/remove', '127.0.0.1', 'IP', '{\r\n  \"ids\" : [ \"1\" ]\r\n}', '{\r\n  \"msg\" : \"\",\r\n  \"code\" : 500\r\n}', '0', null, '2020-02-26 22:23:12');
INSERT INTO `sys_oper_log` VALUES ('111', '', '3', 'com.ruoyi.activiti.controller.ProcessDefinitionController.remove()', 'POST', '1', 'admin', '', '/definition/remove', '127.0.0.1', 'IP', '{\r\n  \"ids\" : [ \"1\" ]\r\n}', '{\r\n  \"msg\" : \"\",\r\n  \"code\" : 0\r\n}', '0', null, '2020-02-26 22:25:12');
INSERT INTO `sys_oper_log` VALUES ('112', '', '1', 'com.ruoyi.activiti.controller.ProcessDefinitionController.upload()', 'POST', '1', 'admin', '', '/definition/upload', '127.0.0.1', 'IP', '{ }', '{\r\n  \"msg\" : \"filename : [leave.bpmn], extension : [bpmn], allowed extension : [[bmp, gif, jpg, jpeg, png, doc, docx, xls, xlsx, ppt, pptx, html, htm, txt, rar, zip, gz, bz2, pdf]]\",\r\n  \"code\" : 500\r\n}', '0', null, '2020-02-26 22:27:37');
INSERT INTO `sys_oper_log` VALUES ('113', '', '1', 'com.ruoyi.activiti.controller.ProcessDefinitionController.upload()', 'POST', '1', 'admin', '', '/definition/upload', '127.0.0.1', 'IP', '{ }', '{\r\n  \"msg\" : \"\",\r\n  \"code\" : 500\r\n}', '0', null, '2020-02-26 22:33:33');
INSERT INTO `sys_oper_log` VALUES ('114', '', '1', 'com.ruoyi.activiti.controller.ProcessDefinitionController.upload()', 'POST', '1', 'admin', '', '/definition/upload', '127.0.0.1', 'IP', '{ }', '{\r\n  \"msg\" : \"\",\r\n  \"code\" : 500\r\n}', '0', null, '2020-02-26 22:37:34');
INSERT INTO `sys_oper_log` VALUES ('115', '', '1', 'com.ruoyi.activiti.controller.ProcessDefinitionController.upload()', 'POST', '1', 'admin', '', '/definition/upload', '127.0.0.1', 'IP', '{ }', '{\r\n  \"msg\" : \"\",\r\n  \"code\" : 0\r\n}', '0', null, '2020-02-26 22:38:03');
INSERT INTO `sys_oper_log` VALUES ('116', '', '1', 'com.ruoyi.web.controller.system.SysRoleController.addSave()', 'POST', '1', 'admin', '', '/system/role/add', '127.0.0.1', 'IP', '{\r\n  \"roleName\" : [ \"\" ],\r\n  \"roleKey\" : [ \"deptLeader\" ],\r\n  \"roleSort\" : [ \"3\" ],\r\n  \"status\" : [ \"0\" ],\r\n  \"remark\" : [ \" -> \" ],\r\n  \"menuIds\" : [ \"\" ]\r\n}', '{\r\n  \"msg\" : \"\",\r\n  \"code\" : 0\r\n}', '0', null, '2020-02-27 19:37:37');
INSERT INTO `sys_oper_log` VALUES ('117', '', '1', 'com.ruoyi.web.controller.system.SysRoleController.addSave()', 'POST', '1', 'admin', '', '/system/role/add', '127.0.0.1', 'IP', '{\r\n  \"roleName\" : [ \"\" ],\r\n  \"roleKey\" : [ \"hr\" ],\r\n  \"roleSort\" : [ \"4\" ],\r\n  \"status\" : [ \"0\" ],\r\n  \"remark\" : [ \" -> \" ],\r\n  \"menuIds\" : [ \"\" ]\r\n}', '{\r\n  \"msg\" : \"\",\r\n  \"code\" : 0\r\n}', '0', null, '2020-02-27 19:38:41');
INSERT INTO `sys_oper_log` VALUES ('118', '', '1', 'com.ruoyi.web.controller.system.SysUserController.addSave()', 'POST', '1', 'admin', '', '/system/user/add', '127.0.0.1', 'IP', '{\r\n  \"deptId\" : [ \"105\" ],\r\n  \"userName\" : [ \"\" ],\r\n  \"deptName\" : [ \"\" ],\r\n  \"phonenumber\" : [ \"13000000000\" ],\r\n  \"email\" : [ \"110@gmail.com\" ],\r\n  \"loginName\" : [ \"chengxy\" ],\r\n  \"password\" : [ \"123456\" ],\r\n  \"sex\" : [ \"0\" ],\r\n  \"remark\" : [ \"\" ],\r\n  \"status\" : [ \"0\" ],\r\n  \"roleIds\" : [ \"\" ],\r\n  \"postIds\" : [ \"\" ]\r\n}', '{\r\n  \"msg\" : \"\",\r\n  \"code\" : 0\r\n}', '0', null, '2020-02-27 19:43:45');
INSERT INTO `sys_oper_log` VALUES ('119', '', '1', 'com.ruoyi.web.controller.system.SysUserController.addSave()', 'POST', '1', 'admin', '', '/system/user/add', '127.0.0.1', 'IP', '{\r\n  \"deptId\" : [ \"105\" ],\r\n  \"userName\" : [ \"\" ],\r\n  \"deptName\" : [ \"\" ],\r\n  \"phonenumber\" : [ \"13000000001\" ],\r\n  \"email\" : [ \"114@gmail.com\" ],\r\n  \"loginName\" : [ \"axianlu\" ],\r\n  \"password\" : [ \"123456\" ],\r\n  \"sex\" : [ \"0\" ],\r\n  \"role\" : [ \"100\" ],\r\n  \"remark\" : [ \"\" ],\r\n  \"status\" : [ \"0\" ],\r\n  \"roleIds\" : [ \"100\" ],\r\n  \"postIds\" : [ \"\" ]\r\n}', '{\r\n  \"msg\" : \"\",\r\n  \"code\" : 0\r\n}', '0', null, '2020-02-27 19:45:15');
INSERT INTO `sys_oper_log` VALUES ('120', '', '1', 'com.ruoyi.web.controller.system.SysUserController.addSave()', 'POST', '1', 'admin', '', '/system/user/add', '127.0.0.1', 'IP', '{\r\n  \"deptId\" : [ \"105\" ],\r\n  \"userName\" : [ \"\" ],\r\n  \"deptName\" : [ \"\" ],\r\n  \"phonenumber\" : [ \"13000000002\" ],\r\n  \"email\" : [ \"115@gmail.com\" ],\r\n  \"loginName\" : [ \"rensm\" ],\r\n  \"password\" : [ \"123456\" ],\r\n  \"sex\" : [ \"1\" ],\r\n  \"role\" : [ \"101\" ],\r\n  \"remark\" : [ \"\" ],\r\n  \"status\" : [ \"0\" ],\r\n  \"roleIds\" : [ \"101\" ],\r\n  \"postIds\" : [ \"\" ]\r\n}', '{\r\n  \"msg\" : \"\",\r\n  \"code\" : 0\r\n}', '0', null, '2020-02-27 19:46:20');
INSERT INTO `sys_oper_log` VALUES ('121', '', '1', 'com.ruoyi.web.controller.system.SysMenuController.addSave()', 'POST', '1', 'admin', '', '/system/menu/add', '127.0.0.1', 'IP', '{\r\n  \"parentId\" : [ \"2000\" ],\r\n  \"menuType\" : [ \"C\" ],\r\n  \"menuName\" : [ \"\" ],\r\n  \"url\" : [ \"/user\" ],\r\n  \"target\" : [ \"menuItem\" ],\r\n  \"perms\" : [ \"\" ],\r\n  \"orderNum\" : [ \"3\" ],\r\n  \"icon\" : [ \"#\" ],\r\n  \"visible\" : [ \"0\" ]\r\n}', '{\r\n  \"msg\" : \"\",\r\n  \"code\" : 0\r\n}', '0', null, '2020-02-27 20:21:42');
INSERT INTO `sys_oper_log` VALUES ('122', '', '1', 'com.ruoyi.web.controller.system.SysMenuController.addSave()', 'POST', '1', 'admin', '', '/system/menu/add', '127.0.0.1', 'IP', '{\r\n  \"parentId\" : [ \"2000\" ],\r\n  \"menuType\" : [ \"C\" ],\r\n  \"menuName\" : [ \"\" ],\r\n  \"url\" : [ \"/group\" ],\r\n  \"target\" : [ \"menuItem\" ],\r\n  \"perms\" : [ \"\" ],\r\n  \"orderNum\" : [ \"4\" ],\r\n  \"icon\" : [ \"#\" ],\r\n  \"visible\" : [ \"0\" ]\r\n}', '{\r\n  \"msg\" : \"\",\r\n  \"code\" : 0\r\n}', '0', null, '2020-02-27 20:22:58');
INSERT INTO `sys_oper_log` VALUES ('123', '', '1', 'com.ruoyi.web.controller.system.SysMenuController.addSave()', 'POST', '1', 'admin', '', '/system/menu/add', '127.0.0.1', 'IP', '{\r\n  \"parentId\" : [ \"0\" ],\r\n  \"menuType\" : [ \"M\" ],\r\n  \"menuName\" : [ \"\" ],\r\n  \"url\" : [ \"\" ],\r\n  \"target\" : [ \"menuItem\" ],\r\n  \"perms\" : [ \"\" ],\r\n  \"orderNum\" : [ \"5\" ],\r\n  \"icon\" : [ \"fa fa-send\" ],\r\n  \"visible\" : [ \"0\" ]\r\n}', '{\r\n  \"msg\" : \"\",\r\n  \"code\" : 0\r\n}', '0', null, '2020-02-28 20:34:58');
INSERT INTO `sys_oper_log` VALUES ('124', '', '1', 'com.ruoyi.web.controller.system.SysMenuController.addSave()', 'POST', '1', 'admin', '', '/system/menu/add', '127.0.0.1', 'IP', '{\r\n  \"parentId\" : [ \"2005\" ],\r\n  \"menuType\" : [ \"C\" ],\r\n  \"menuName\" : [ \"\" ],\r\n  \"url\" : [ \"/leave\" ],\r\n  \"target\" : [ \"menuItem\" ],\r\n  \"perms\" : [ \"\" ],\r\n  \"orderNum\" : [ \"1\" ],\r\n  \"icon\" : [ \"#\" ],\r\n  \"visible\" : [ \"0\" ]\r\n}', '{\r\n  \"msg\" : \"\",\r\n  \"code\" : 0\r\n}', '0', null, '2020-02-28 20:36:16');
INSERT INTO `sys_oper_log` VALUES ('125', '', '1', 'com.ruoyi.web.controller.system.SysMenuController.addSave()', 'POST', '1', 'admin', '', '/system/menu/add', '127.0.0.1', 'IP', '{\r\n  \"parentId\" : [ \"2005\" ],\r\n  \"menuType\" : [ \"C\" ],\r\n  \"menuName\" : [ \"\" ],\r\n  \"url\" : [ \"/leaveTodo\" ],\r\n  \"target\" : [ \"menuItem\" ],\r\n  \"perms\" : [ \"\" ],\r\n  \"orderNum\" : [ \"2\" ],\r\n  \"icon\" : [ \"#\" ],\r\n  \"visible\" : [ \"0\" ]\r\n}', '{\r\n  \"msg\" : \"\",\r\n  \"code\" : 0\r\n}', '0', null, '2020-02-28 20:42:26');
INSERT INTO `sys_oper_log` VALUES ('126', '', '1', 'com.ruoyi.web.controller.system.SysMenuController.addSave()', 'POST', '1', 'admin', '', '/system/menu/add', '127.0.0.1', 'IP', '{\r\n  \"parentId\" : [ \"2005\" ],\r\n  \"menuType\" : [ \"C\" ],\r\n  \"menuName\" : [ \"\" ],\r\n  \"url\" : [ \"/leaveDone\" ],\r\n  \"target\" : [ \"menuItem\" ],\r\n  \"perms\" : [ \"\" ],\r\n  \"orderNum\" : [ \"3\" ],\r\n  \"icon\" : [ \"#\" ],\r\n  \"visible\" : [ \"0\" ]\r\n}', '{\r\n  \"msg\" : \"\",\r\n  \"code\" : 0\r\n}', '0', null, '2020-02-28 20:43:18');
INSERT INTO `sys_oper_log` VALUES ('127', '', '1', 'com.ruoyi.web.controller.system.SysDictTypeController.addSave()', 'POST', '1', 'admin', '', '/system/dict/add', '127.0.0.1', 'IP', '{\r\n  \"dictName\" : [ \"\" ],\r\n  \"dictType\" : [ \"biz_leave_type\" ],\r\n  \"status\" : [ \"0\" ],\r\n  \"remark\" : [ \"\" ]\r\n}', '{\r\n  \"msg\" : \"\",\r\n  \"code\" : 0\r\n}', '0', null, '2020-02-28 21:25:16');
INSERT INTO `sys_oper_log` VALUES ('128', '', '1', 'com.ruoyi.web.controller.system.SysDictDataController.addSave()', 'POST', '1', 'admin', '', '/system/dict/data/add', '127.0.0.1', 'IP', '{\r\n  \"dictLabel\" : [ \"\" ],\r\n  \"dictValue\" : [ \"1\" ],\r\n  \"dictType\" : [ \"biz_leave_type\" ],\r\n  \"cssClass\" : [ \"\" ],\r\n  \"dictSort\" : [ \"1\" ],\r\n  \"listClass\" : [ \"success\" ],\r\n  \"isDefault\" : [ \"Y\" ],\r\n  \"status\" : [ \"0\" ],\r\n  \"remark\" : [ \"\" ]\r\n}', '{\r\n  \"msg\" : \"\",\r\n  \"code\" : 0\r\n}', '0', null, '2020-02-28 21:27:30');
INSERT INTO `sys_oper_log` VALUES ('129', '', '1', 'com.ruoyi.web.controller.system.SysDictDataController.addSave()', 'POST', '1', 'admin', '', '/system/dict/data/add', '127.0.0.1', 'IP', '{\r\n  \"dictLabel\" : [ \"\" ],\r\n  \"dictValue\" : [ \"2\" ],\r\n  \"dictType\" : [ \"biz_leave_type\" ],\r\n  \"cssClass\" : [ \"\" ],\r\n  \"dictSort\" : [ \"2\" ],\r\n  \"listClass\" : [ \"warning\" ],\r\n  \"isDefault\" : [ \"Y\" ],\r\n  \"status\" : [ \"0\" ],\r\n  \"remark\" : [ \"\" ]\r\n}', '{\r\n  \"msg\" : \"\",\r\n  \"code\" : 0\r\n}', '0', null, '2020-02-28 21:27:58');
INSERT INTO `sys_oper_log` VALUES ('130', '', '1', 'com.ruoyi.web.controller.system.SysRoleController.addSave()', 'POST', '1', 'admin', '', '/system/role/add', '127.0.0.1', 'IP', '{\r\n  \"roleName\" : [ \"\" ],\r\n  \"roleKey\" : [ \"processRole\" ],\r\n  \"roleSort\" : [ \"5\" ],\r\n  \"status\" : [ \"0\" ],\r\n  \"remark\" : [ \"\" ],\r\n  \"menuIds\" : [ \"2005,2006,2007,2008\" ]\r\n}', '{\r\n  \"msg\" : \"\",\r\n  \"code\" : 0\r\n}', '0', null, '2020-02-28 21:31:15');
INSERT INTO `sys_oper_log` VALUES ('131', '', '4', 'com.ruoyi.web.controller.system.SysRoleController.selectAuthUserAll()', 'POST', '1', 'admin', '', '/system/role/authUser/selectAll', '127.0.0.1', 'IP', '{\r\n  \"roleId\" : [ \"102\" ],\r\n  \"userIds\" : [ \"102,101,100\" ]\r\n}', '{\r\n  \"msg\" : \"\",\r\n  \"code\" : 0\r\n}', '0', null, '2020-02-28 21:32:37');
INSERT INTO `sys_oper_log` VALUES ('132', '', '1', 'com.ruoyi.activiti.controller.BizLeaveController.addSave()', 'POST', '1', 'chengxy', '', '/leave/add', '127.0.0.1', 'IP', '{\r\n  \"type\" : [ \"1\" ],\r\n  \"title\" : [ \"\" ],\r\n  \"reason\" : [ \"\" ],\r\n  \"startTime\" : [ \"2020-02-28 22:00\" ],\r\n  \"endTime\" : [ \"2020-02-29 00:00\" ],\r\n  \"totalTime\" : [ \"7200\" ],\r\n  \"totalTimeText\" : [ \"0  2  0  0 \" ]\r\n}', '{\r\n  \"msg\" : \"\",\r\n  \"code\" : 0\r\n}', '0', null, '2020-02-28 21:41:59');
INSERT INTO `sys_oper_log` VALUES ('133', '', '2', 'com.ruoyi.activiti.controller.BizLeaveController.editSave()', 'POST', '1', 'chengxy', '', '/leave/edit', '127.0.0.1', 'IP', '{\r\n  \"id\" : [ \"20\" ],\r\n  \"applyUserName\" : [ \"\" ],\r\n  \"applyTime\" : [ \"\" ],\r\n  \"type\" : [ \"1\" ],\r\n  \"title\" : [ \"\" ],\r\n  \"reason\" : [ \"\" ],\r\n  \"startTime\" : [ \"2020-02-28 22:00\" ],\r\n  \"endTime\" : [ \"2020-02-29 00:00\" ],\r\n  \"totalTime\" : [ \"7200\" ],\r\n  \"totalTimeText\" : [ \"0  2  0  0 \" ]\r\n}', '{\r\n  \"msg\" : \"\",\r\n  \"code\" : 0\r\n}', '0', null, '2020-02-28 21:46:15');
INSERT INTO `sys_oper_log` VALUES ('134', '', '2', 'com.ruoyi.activiti.controller.BizLeaveController.submitApply()', 'POST', '1', 'chengxy', '', '/leave/submitApply', '127.0.0.1', 'IP', '{\r\n  \"id\" : [ \"20\" ]\r\n}', '{\r\n  \"msg\" : \"\",\r\n  \"code\" : 0\r\n}', '0', null, '2020-02-28 21:46:23');
INSERT INTO `sys_oper_log` VALUES ('135', '', '2', 'com.ruoyi.web.controller.system.SysMenuController.editSave()', 'POST', '1', 'admin', '', '/system/menu/edit', '127.0.0.1', 'IP', '{\r\n  \"menuId\" : [ \"2007\" ],\r\n  \"parentId\" : [ \"2005\" ],\r\n  \"menuType\" : [ \"C\" ],\r\n  \"menuName\" : [ \"\" ],\r\n  \"url\" : [ \"/leave/leaveTodo\" ],\r\n  \"target\" : [ \"menuItem\" ],\r\n  \"perms\" : [ \"\" ],\r\n  \"orderNum\" : [ \"2\" ],\r\n  \"icon\" : [ \"#\" ],\r\n  \"visible\" : [ \"0\" ]\r\n}', '{\r\n  \"msg\" : \"\",\r\n  \"code\" : 0\r\n}', '0', null, '2020-02-28 21:50:48');
INSERT INTO `sys_oper_log` VALUES ('136', '', '2', 'com.ruoyi.web.controller.system.SysMenuController.editSave()', 'POST', '1', 'admin', '', '/system/menu/edit', '127.0.0.1', 'IP', '{\r\n  \"menuId\" : [ \"2008\" ],\r\n  \"parentId\" : [ \"2005\" ],\r\n  \"menuType\" : [ \"C\" ],\r\n  \"menuName\" : [ \"\" ],\r\n  \"url\" : [ \"/leave/leaveDone\" ],\r\n  \"target\" : [ \"menuItem\" ],\r\n  \"perms\" : [ \"\" ],\r\n  \"orderNum\" : [ \"3\" ],\r\n  \"icon\" : [ \"#\" ],\r\n  \"visible\" : [ \"0\" ]\r\n}', '{\r\n  \"msg\" : \"\",\r\n  \"code\" : 0\r\n}', '0', null, '2020-02-28 21:50:58');
INSERT INTO `sys_oper_log` VALUES ('137', '', '1', 'com.ruoyi.activiti.controller.BizLeaveController.addSave()', 'POST', '1', 'admin', '', '/leave/add', '127.0.0.1', 'IP', '{\r\n  \"type\" : [ \"1\" ],\r\n  \"title\" : [ \"\" ],\r\n  \"reason\" : [ \"\" ],\r\n  \"startTime\" : [ \"2020-02-29 20:30\" ],\r\n  \"endTime\" : [ \"2020-02-29 22:00\" ],\r\n  \"totalTime\" : [ \"5400\" ],\r\n  \"totalTimeText\" : [ \"0  1  30  0 \" ]\r\n}', '{\r\n  \"msg\" : \"\",\r\n  \"code\" : 500\r\n}', '0', null, '2020-02-29 20:24:07');
INSERT INTO `sys_oper_log` VALUES ('138', '', '1', 'com.ruoyi.activiti.controller.BizLeaveController.addSave()', 'POST', '1', 'chengxy', '', '/leave/add', '127.0.0.1', 'IP', '{\r\n  \"type\" : [ \"1\" ],\r\n  \"title\" : [ \"\" ],\r\n  \"reason\" : [ \"\" ],\r\n  \"startTime\" : [ \"2020-02-29 20:30\" ],\r\n  \"endTime\" : [ \"2020-02-29 22:00\" ],\r\n  \"totalTime\" : [ \"5400\" ],\r\n  \"totalTimeText\" : [ \"0  1  30  0 \" ]\r\n}', '{\r\n  \"msg\" : \"\",\r\n  \"code\" : 0\r\n}', '0', null, '2020-02-29 20:24:49');
INSERT INTO `sys_oper_log` VALUES ('139', '', '2', 'com.ruoyi.activiti.controller.BizLeaveController.submitApply()', 'POST', '1', 'chengxy', '', '/leave/submitApply', '127.0.0.1', 'IP', '{\r\n  \"id\" : [ \"21\" ]\r\n}', '{\r\n  \"msg\" : \"\",\r\n  \"code\" : 0\r\n}', '0', null, '2020-02-29 20:24:53');
INSERT INTO `sys_oper_log` VALUES ('140', '', '1', 'com.ruoyi.activiti.controller.BizLeaveController.addSave()', 'POST', '1', 'chengxy', '', '/leave/add', '127.0.0.1', 'IP', '{\r\n  \"type\" : [ \"1\" ],\r\n  \"title\" : [ \"\" ],\r\n  \"reason\" : [ \"\" ],\r\n  \"startTime\" : [ \"2020-02-29 20:55\" ],\r\n  \"endTime\" : [ \"2020-02-29 22:00\" ],\r\n  \"totalTime\" : [ \"3900\" ],\r\n  \"totalTimeText\" : [ \"0  1  5  0 \" ]\r\n}', '{\r\n  \"msg\" : \"\",\r\n  \"code\" : 0\r\n}', '0', null, '2020-02-29 20:33:36');
INSERT INTO `sys_oper_log` VALUES ('141', '', '2', 'com.ruoyi.activiti.controller.BizLeaveController.submitApply()', 'POST', '1', 'chengxy', '', '/leave/submitApply', '127.0.0.1', 'IP', '{\r\n  \"id\" : [ \"22\" ]\r\n}', '{\r\n  \"msg\" : \"\",\r\n  \"code\" : 0\r\n}', '0', null, '2020-02-29 20:33:39');
INSERT INTO `sys_oper_log` VALUES ('142', '', '2', 'com.ruoyi.web.controller.system.SysRoleController.editSave()', 'POST', '1', 'admin', '', '/system/role/edit', '127.0.0.1', 'IP', '{\r\n  \"roleId\" : [ \"102\" ],\r\n  \"roleName\" : [ \"\" ],\r\n  \"roleKey\" : [ \"processRole\" ],\r\n  \"roleSort\" : [ \"5\" ],\r\n  \"status\" : [ \"0\" ],\r\n  \"remark\" : [ \"\" ],\r\n  \"menuIds\" : [ \"2005,2006,2007,2008,2017,2024,2018,2019,2020,2021,2022,2023,2025,2026,2027,2028,2029,2030,2031,2032,2033,2034,2035,2036,2037,2038,2045,2039,2040,2044,2046,2047,2048\" ]\r\n}', '{\r\n  \"msg\" : \"\",\r\n  \"code\" : 0\r\n}', '0', null, '2020-03-08 20:03:34');

-- ----------------------------
-- Table structure for sys_post
-- ----------------------------
DROP TABLE IF EXISTS `sys_post`;
CREATE TABLE `sys_post` (
  `post_id` bigint(20) NOT NULL AUTO_INCREMENT COMMENT 'ID',
  `post_code` varchar(64) NOT NULL COMMENT '',
  `post_name` varchar(50) NOT NULL COMMENT '',
  `post_sort` int(4) NOT NULL COMMENT '',
  `status` char(1) NOT NULL COMMENT '0 1',
  `create_by` varchar(64) DEFAULT '' COMMENT '',
  `create_time` datetime DEFAULT NULL COMMENT '',
  `update_by` varchar(64) DEFAULT '' COMMENT '',
  `update_time` datetime DEFAULT NULL COMMENT '',
  `remark` varchar(500) DEFAULT NULL COMMENT '',
  PRIMARY KEY (`post_id`)
) ENGINE=InnoDB AUTO_INCREMENT=5 DEFAULT CHARSET=utf8 COMMENT='';

-- ----------------------------
-- Records of sys_post
-- ----------------------------
INSERT INTO `sys_post` VALUES ('1', 'ceo', '', '1', '0', 'admin', '2018-03-16 11:33:00', 'ry', '2018-03-16 11:33:00', '');
INSERT INTO `sys_post` VALUES ('2', 'se', '', '2', '0', 'admin', '2018-03-16 11:33:00', 'ry', '2018-03-16 11:33:00', '');
INSERT INTO `sys_post` VALUES ('3', 'hr', '', '3', '0', 'admin', '2018-03-16 11:33:00', 'ry', '2018-03-16 11:33:00', '');
INSERT INTO `sys_post` VALUES ('4', 'user', '', '4', '0', 'admin', '2018-03-16 11:33:00', 'ry', '2018-03-16 11:33:00', '');

-- ----------------------------
-- Table structure for sys_role
-- ----------------------------
DROP TABLE IF EXISTS `sys_role`;
CREATE TABLE `sys_role` (
  `role_id` bigint(20) NOT NULL AUTO_INCREMENT COMMENT 'ID',
  `role_name` varchar(30) NOT NULL COMMENT '',
  `role_key` varchar(100) NOT NULL COMMENT '',
  `role_sort` int(4) NOT NULL COMMENT '',
  `data_scope` char(1) DEFAULT '1' COMMENT '1 2 3 4',
  `status` char(1) NOT NULL COMMENT '0 1',
  `del_flag` char(1) DEFAULT '0' COMMENT '0 2',
  `create_by` varchar(64) DEFAULT '' COMMENT '',
  `create_time` datetime DEFAULT NULL COMMENT '',
  `update_by` varchar(64) DEFAULT '' COMMENT '',
  `update_time` datetime DEFAULT NULL COMMENT '',
  `remark` varchar(500) DEFAULT NULL COMMENT '',
  PRIMARY KEY (`role_id`)
) ENGINE=InnoDB AUTO_INCREMENT=103 DEFAULT CHARSET=utf8 COMMENT='';

-- ----------------------------
-- Records of sys_role
-- ----------------------------
INSERT INTO `sys_role` VALUES ('1', '', 'admin', '1', '1', '0', '0', 'admin', '2018-03-16 11:33:00', 'ry', '2018-03-16 11:33:00', '');
INSERT INTO `sys_role` VALUES ('2', '', 'common', '2', '2', '0', '0', 'admin', '2018-03-16 11:33:00', 'ry', '2018-03-16 11:33:00', '');
INSERT INTO `sys_role` VALUES ('100', '', 'deptLeader', '3', '1', '0', '0', 'admin', '2020-02-27 19:37:37', '', null, ' -> ');
INSERT INTO `sys_role` VALUES ('101', '', 'hr', '4', '1', '0', '0', 'admin', '2020-02-27 19:38:41', '', null, ' -> ');
INSERT INTO `sys_role` VALUES ('102', '', 'processRole', '5', '1', '0', '0', 'admin', '2020-02-28 21:31:15', 'admin', '2020-03-08 20:03:34', '');

-- ----------------------------
-- Table structure for sys_role_dept
-- ----------------------------
DROP TABLE IF EXISTS `sys_role_dept`;
CREATE TABLE `sys_role_dept` (
  `role_id` bigint(20) NOT NULL COMMENT 'ID',
  `dept_id` bigint(20) NOT NULL COMMENT 'ID',
  PRIMARY KEY (`role_id`,`dept_id`)
) ENGINE=InnoDB DEFAULT CHARSET=utf8 COMMENT='';

-- ----------------------------
-- Records of sys_role_dept
-- ----------------------------
INSERT INTO `sys_role_dept` VALUES ('2', '100');
INSERT INTO `sys_role_dept` VALUES ('2', '101');
INSERT INTO `sys_role_dept` VALUES ('2', '105');

-- ----------------------------
-- Table structure for sys_role_menu
-- ----------------------------
DROP TABLE IF EXISTS `sys_role_menu`;
CREATE TABLE `sys_role_menu` (
  `role_id` bigint(20) NOT NULL COMMENT 'ID',
  `menu_id` bigint(20) NOT NULL COMMENT 'ID',
  PRIMARY KEY (`role_id`,`menu_id`)
) ENGINE=InnoDB DEFAULT CHARSET=utf8 COMMENT='';

-- ----------------------------
-- Records of sys_role_menu
-- ----------------------------
INSERT INTO `sys_role_menu` VALUES ('2', '1');
INSERT INTO `sys_role_menu` VALUES ('2', '2');
INSERT INTO `sys_role_menu` VALUES ('2', '3');
INSERT INTO `sys_role_menu` VALUES ('2', '100');
INSERT INTO `sys_role_menu` VALUES ('2', '101');
INSERT INTO `sys_role_menu` VALUES ('2', '102');
INSERT INTO `sys_role_menu` VALUES ('2', '103');
INSERT INTO `sys_role_menu` VALUES ('2', '104');
INSERT INTO `sys_role_menu` VALUES ('2', '105');
INSERT INTO `sys_role_menu` VALUES ('2', '106');
INSERT INTO `sys_role_menu` VALUES ('2', '107');
INSERT INTO `sys_role_menu` VALUES ('2', '108');
INSERT INTO `sys_role_menu` VALUES ('2', '109');
INSERT INTO `sys_role_menu` VALUES ('2', '110');
INSERT INTO `sys_role_menu` VALUES ('2', '111');
INSERT INTO `sys_role_menu` VALUES ('2', '112');
INSERT INTO `sys_role_menu` VALUES ('2', '113');
INSERT INTO `sys_role_menu` VALUES ('2', '114');
INSERT INTO `sys_role_menu` VALUES ('2', '115');
INSERT INTO `sys_role_menu` VALUES ('2', '500');
INSERT INTO `sys_role_menu` VALUES ('2', '501');
INSERT INTO `sys_role_menu` VALUES ('2', '1000');
INSERT INTO `sys_role_menu` VALUES ('2', '1001');
INSERT INTO `sys_role_menu` VALUES ('2', '1002');
INSERT INTO `sys_role_menu` VALUES ('2', '1003');
INSERT INTO `sys_role_menu` VALUES ('2', '1004');
INSERT INTO `sys_role_menu` VALUES ('2', '1005');
INSERT INTO `sys_role_menu` VALUES ('2', '1006');
INSERT INTO `sys_role_menu` VALUES ('2', '1007');
INSERT INTO `sys_role_menu` VALUES ('2', '1008');
INSERT INTO `sys_role_menu` VALUES ('2', '1009');
INSERT INTO `sys_role_menu` VALUES ('2', '1010');
INSERT INTO `sys_role_menu` VALUES ('2', '1011');
INSERT INTO `sys_role_menu` VALUES ('2', '1012');
INSERT INTO `sys_role_menu` VALUES ('2', '1013');
INSERT INTO `sys_role_menu` VALUES ('2', '1014');
INSERT INTO `sys_role_menu` VALUES ('2', '1015');
INSERT INTO `sys_role_menu` VALUES ('2', '1016');
INSERT INTO `sys_role_menu` VALUES ('2', '1017');
INSERT INTO `sys_role_menu` VALUES ('2', '1018');
INSERT INTO `sys_role_menu` VALUES ('2', '1019');
INSERT INTO `sys_role_menu` VALUES ('2', '1020');
INSERT INTO `sys_role_menu` VALUES ('2', '1021');
INSERT INTO `sys_role_menu` VALUES ('2', '1022');
INSERT INTO `sys_role_menu` VALUES ('2', '1023');
INSERT INTO `sys_role_menu` VALUES ('2', '1024');
INSERT INTO `sys_role_menu` VALUES ('2', '1025');
INSERT INTO `sys_role_menu` VALUES ('2', '1026');
INSERT INTO `sys_role_menu` VALUES ('2', '1027');
INSERT INTO `sys_role_menu` VALUES ('2', '1028');
INSERT INTO `sys_role_menu` VALUES ('2', '1029');
INSERT INTO `sys_role_menu` VALUES ('2', '1030');
INSERT INTO `sys_role_menu` VALUES ('2', '1031');
INSERT INTO `sys_role_menu` VALUES ('2', '1032');
INSERT INTO `sys_role_menu` VALUES ('2', '1033');
INSERT INTO `sys_role_menu` VALUES ('2', '1034');
INSERT INTO `sys_role_menu` VALUES ('2', '1035');
INSERT INTO `sys_role_menu` VALUES ('2', '1036');
INSERT INTO `sys_role_menu` VALUES ('2', '1037');
INSERT INTO `sys_role_menu` VALUES ('2', '1038');
INSERT INTO `sys_role_menu` VALUES ('2', '1039');
INSERT INTO `sys_role_menu` VALUES ('2', '1040');
INSERT INTO `sys_role_menu` VALUES ('2', '1041');
INSERT INTO `sys_role_menu` VALUES ('2', '1042');
INSERT INTO `sys_role_menu` VALUES ('2', '1043');
INSERT INTO `sys_role_menu` VALUES ('2', '1044');
INSERT INTO `sys_role_menu` VALUES ('2', '1045');
INSERT INTO `sys_role_menu` VALUES ('2', '1046');
INSERT INTO `sys_role_menu` VALUES ('2', '1047');
INSERT INTO `sys_role_menu` VALUES ('2', '1048');
INSERT INTO `sys_role_menu` VALUES ('2', '1049');
INSERT INTO `sys_role_menu` VALUES ('2', '1050');
INSERT INTO `sys_role_menu` VALUES ('2', '1051');
INSERT INTO `sys_role_menu` VALUES ('2', '1052');
INSERT INTO `sys_role_menu` VALUES ('2', '1053');
INSERT INTO `sys_role_menu` VALUES ('2', '1054');
INSERT INTO `sys_role_menu` VALUES ('2', '1055');
INSERT INTO `sys_role_menu` VALUES ('2', '1056');
INSERT INTO `sys_role_menu` VALUES ('2', '1057');
INSERT INTO `sys_role_menu` VALUES ('2', '1058');
INSERT INTO `sys_role_menu` VALUES ('2', '1059');
INSERT INTO `sys_role_menu` VALUES ('2', '1060');
INSERT INTO `sys_role_menu` VALUES ('2', '1061');
INSERT INTO `sys_role_menu` VALUES ('102', '2005');
INSERT INTO `sys_role_menu` VALUES ('102', '2006');
INSERT INTO `sys_role_menu` VALUES ('102', '2007');
INSERT INTO `sys_role_menu` VALUES ('102', '2008');
INSERT INTO `sys_role_menu` VALUES ('102', '2017');
INSERT INTO `sys_role_menu` VALUES ('102', '2018');
INSERT INTO `sys_role_menu` VALUES ('102', '2019');
INSERT INTO `sys_role_menu` VALUES ('102', '2020');
INSERT INTO `sys_role_menu` VALUES ('102', '2021');
INSERT INTO `sys_role_menu` VALUES ('102', '2022');
INSERT INTO `sys_role_menu` VALUES ('102', '2023');
INSERT INTO `sys_role_menu` VALUES ('102', '2024');
INSERT INTO `sys_role_menu` VALUES ('102', '2025');
INSERT INTO `sys_role_menu` VALUES ('102', '2026');
INSERT INTO `sys_role_menu` VALUES ('102', '2027');
INSERT INTO `sys_role_menu` VALUES ('102', '2028');
INSERT INTO `sys_role_menu` VALUES ('102', '2029');
INSERT INTO `sys_role_menu` VALUES ('102', '2030');
INSERT INTO `sys_role_menu` VALUES ('102', '2031');
INSERT INTO `sys_role_menu` VALUES ('102', '2032');
INSERT INTO `sys_role_menu` VALUES ('102', '2033');
INSERT INTO `sys_role_menu` VALUES ('102', '2034');
INSERT INTO `sys_role_menu` VALUES ('102', '2035');
INSERT INTO `sys_role_menu` VALUES ('102', '2036');
INSERT INTO `sys_role_menu` VALUES ('102', '2037');
INSERT INTO `sys_role_menu` VALUES ('102', '2038');
INSERT INTO `sys_role_menu` VALUES ('102', '2039');
INSERT INTO `sys_role_menu` VALUES ('102', '2040');
INSERT INTO `sys_role_menu` VALUES ('102', '2044');
INSERT INTO `sys_role_menu` VALUES ('102', '2045');
INSERT INTO `sys_role_menu` VALUES ('102', '2046');
INSERT INTO `sys_role_menu` VALUES ('102', '2047');
INSERT INTO `sys_role_menu` VALUES ('102', '2048');

-- ----------------------------
-- Table structure for sys_user
-- ----------------------------
DROP TABLE IF EXISTS `sys_user`;
CREATE TABLE `sys_user` (
  `user_id` bigint(20) NOT NULL AUTO_INCREMENT COMMENT 'ID',
  `dept_id` bigint(20) DEFAULT NULL COMMENT 'ID',
  `login_name` varchar(30) NOT NULL COMMENT '',
  `user_name` varchar(30) NOT NULL COMMENT '',
  `user_type` varchar(2) DEFAULT '00' COMMENT '00',
  `email` varchar(50) DEFAULT '' COMMENT '',
  `phonenumber` varchar(11) DEFAULT '' COMMENT '',
  `sex` char(1) DEFAULT '0' COMMENT '0 1 2',
  `avatar` varchar(100) DEFAULT '' COMMENT '',
  `password` varchar(50) DEFAULT '' COMMENT '',
  `salt` varchar(20) DEFAULT '' COMMENT '',
  `status` char(1) DEFAULT '0' COMMENT '0 1',
  `del_flag` char(1) DEFAULT '0' COMMENT '0 2',
  `login_ip` varchar(50) DEFAULT '' COMMENT 'IP',
  `login_date` datetime DEFAULT NULL COMMENT '',
  `create_by` varchar(64) DEFAULT '' COMMENT '',
  `create_time` datetime DEFAULT NULL COMMENT '',
  `update_by` varchar(64) DEFAULT '' COMMENT '',
  `update_time` datetime DEFAULT NULL COMMENT '',
  `remark` varchar(500) DEFAULT NULL COMMENT '',
  PRIMARY KEY (`user_id`)
) ENGINE=InnoDB AUTO_INCREMENT=103 DEFAULT CHARSET=utf8 COMMENT='';

-- ----------------------------
-- Records of sys_user
-- ----------------------------
INSERT INTO `sys_user` VALUES ('1', '103', 'admin', '', '00', 'ry@163.com', '15888888888', '1', '', '29c67a30398638269fe600f73a054934', '111111', '0', '0', '127.0.0.1', '2020-03-08 20:13:02', 'admin', '2018-03-16 11:33:00', 'ry', '2020-03-08 20:13:02', '');
INSERT INTO `sys_user` VALUES ('2', '105', 'ry', '', '00', 'ry@qq.com', '15666666666', '1', '', '8e6d98b90472783cc73c17047ddccf36', '222222', '0', '0', '127.0.0.1', '2018-03-16 11:33:00', 'admin', '2018-03-16 11:33:00', 'ry', '2018-03-16 11:33:00', '');
INSERT INTO `sys_user` VALUES ('100', '105', 'chengxy', '', '00', '110@gmail.com', '13000000000', '0', '', '83eaa9a017db80e771b9b78ee8319aab', '0093f2', '0', '0', '127.0.0.1', '2020-03-08 20:03:50', 'admin', '2020-02-27 19:43:45', '', '2020-03-08 20:03:50', '');
INSERT INTO `sys_user` VALUES ('101', '105', 'axianlu', '', '00', '114@gmail.com', '13000000001', '0', '', '0420ce8032acfdc7ba5d59f1bc3f01e5', '309e5c', '0', '0', '127.0.0.1', '2020-03-08 20:05:22', 'admin', '2020-02-27 19:45:15', '', '2020-03-08 20:05:22', null);
INSERT INTO `sys_user` VALUES ('102', '105', 'rensm', '', '00', '115@gmail.com', '13000000002', '1', '', '63e586cd5426e2fd30c48905cdf7bcfe', 'e12d1b', '0', '0', '127.0.0.1', '2020-03-08 20:05:47', 'admin', '2020-02-27 19:46:20', '', '2020-03-08 20:05:47', null);

-- ----------------------------
-- Table structure for sys_user_online
-- ----------------------------
DROP TABLE IF EXISTS `sys_user_online`;
CREATE TABLE `sys_user_online` (
  `sessionId` varchar(50) NOT NULL DEFAULT '' COMMENT 'id',
  `login_name` varchar(50) DEFAULT '' COMMENT '',
  `dept_name` varchar(50) DEFAULT '' COMMENT '',
  `ipaddr` varchar(50) DEFAULT '' COMMENT 'IP',
  `login_location` varchar(255) DEFAULT '' COMMENT '',
  `browser` varchar(50) DEFAULT '' COMMENT '',
  `os` varchar(50) DEFAULT '' COMMENT '',
  `status` varchar(10) DEFAULT '' COMMENT 'on_lineoff_line',
  `start_timestamp` datetime DEFAULT NULL COMMENT 'session',
  `last_access_time` datetime DEFAULT NULL COMMENT 'session',
  `expire_time` int(5) DEFAULT '0' COMMENT '',
  PRIMARY KEY (`sessionId`)
) ENGINE=InnoDB DEFAULT CHARSET=utf8 COMMENT='';

-- ----------------------------
-- Records of sys_user_online
-- ----------------------------
INSERT INTO `sys_user_online` VALUES ('9da527f0-b862-4ae2-bd92-ffeb5b337760', 'admin', '', '127.0.0.1', 'IP', 'Chrome 8', 'Windows 10', 'on_line', '2020-03-08 20:05:43', '2020-03-08 20:13:02', '1800000');

-- ----------------------------
-- Table structure for sys_user_post
-- ----------------------------
DROP TABLE IF EXISTS `sys_user_post`;
CREATE TABLE `sys_user_post` (
  `user_id` bigint(20) NOT NULL COMMENT 'ID',
  `post_id` bigint(20) NOT NULL COMMENT 'ID',
  PRIMARY KEY (`user_id`,`post_id`)
) ENGINE=InnoDB DEFAULT CHARSET=utf8 COMMENT='';

-- ----------------------------
-- Records of sys_user_post
-- ----------------------------
INSERT INTO `sys_user_post` VALUES ('1', '1');
INSERT INTO `sys_user_post` VALUES ('2', '2');

-- ----------------------------
-- Table structure for sys_user_role
-- ----------------------------
DROP TABLE IF EXISTS `sys_user_role`;
CREATE TABLE `sys_user_role` (
  `user_id` bigint(20) NOT NULL COMMENT 'ID',
  `role_id` bigint(20) NOT NULL COMMENT 'ID',
  PRIMARY KEY (`user_id`,`role_id`)
) ENGINE=InnoDB DEFAULT CHARSET=utf8 COMMENT='';

-- ----------------------------
-- Records of sys_user_role
-- ----------------------------
INSERT INTO `sys_user_role` VALUES ('1', '1');
INSERT INTO `sys_user_role` VALUES ('2', '2');
INSERT INTO `sys_user_role` VALUES ('100', '102');
INSERT INTO `sys_user_role` VALUES ('101', '100');
INSERT INTO `sys_user_role` VALUES ('101', '102');
INSERT INTO `sys_user_role` VALUES ('102', '101');
INSERT INTO `sys_user_role` VALUES ('102', '102');
